raw_name,canonical_name,entity_type,matching_method,confidence,resolution_status,source_url
Forward,,STARTUP,,,UNRESOLVED,https://www.ycombinator.com/companies/useforward
Qokedas,,STARTUP,,,UNRESOLVED,https://www.ycombinator.com/companies/qokedas
herdr,,STARTUP,,,UNRESOLVED,https://www.ycombinator.com/companies/herdr
Lambda Robotics,,STARTUP,,,UNRESOLVED,https://www.ycombinator.com/companies/lambda-robotics
Conifer,,STARTUP,,,UNRESOLVED,https://www.ycombinator.com/companies/conifer
Simantic,,STARTUP,,,UNRESOLVED,https://www.ycombinator.com/companies/simantic
Experiential Labs,AI21 Labs,STARTUP,fuzzy,85.5,RESOLVED,https://www.ycombinator.com/companies/experiential-labs
Edviro,,STARTUP,,,UNRESOLVED,https://www.ycombinator.com/companies/edviro
Coasty,,STARTUP,,,UNRESOLVED,https://www.ycombinator.com/companies/coasty
Caution,,STARTUP,,,UNRESOLVED,https://www.ycombinator.com/companies/caution
Atomarine,,STARTUP,,,UNRESOLVED,https://www.ycombinator.com/companies/atomarine
Billow AI Labs,Meta AI,STARTUP,fuzzy,85.5,RESOLVED,https://www.ycombinator.com/companies/billow-ai-labs
hardware intelligence,,STARTUP,,,UNRESOLVED,https://www.ycombinator.com/companies/hardware-intelligence
Osseus,,STARTUP,,,UNRESOLVED,https://www.ycombinator.com/companies/osseus
Salem Robotics Inc,,STARTUP,,,UNRESOLVED,https://www.ycombinator.com/companies/salem-robotics-inc
Robocurve,,STARTUP,,,UNRESOLVED,https://www.ycombinator.com/companies/robocurve
hiloop,,STARTUP,,,UNRESOLVED,https://www.ycombinator.com/companies/hiloop
Dawn Industries,,STARTUP,,,UNRESOLVED,https://www.ycombinator.com/companies/dawn-industries
Nex,,STARTUP,,,UNRESOLVED,https://www.ycombinator.com/companies/nex
OneCLI,,STARTUP,,,UNRESOLVED,https://www.ycombinator.com/companies/onecli
Wondering,,STARTUP,,,UNRESOLVED,https://www.ycombinator.com/companies/wondering
Tracer,,STARTUP,,,UNRESOLVED,https://www.ycombinator.com/companies/tracer
Amulet,,STARTUP,,,UNRESOLVED,https://www.ycombinator.com/companies/amulet
Avoca Systems,,STARTUP,,,UNRESOLVED,https://www.ycombinator.com/companies/avoca-systems
SubVysion,,STARTUP,,,UNRESOLVED,https://www.ycombinator.com/companies/subvysion
"SpaceFlow Technologies, Inc.",,STARTUP,,,UNRESOLVED,https://www.ycombinator.com/companies/spaceflow-technologies-inc
Petrarch,,STARTUP,,,UNRESOLVED,https://www.ycombinator.com/companies/petrarch
Locke,,STARTUP,,,UNRESOLVED,https://www.ycombinator.com/companies/locke
Florin,,STARTUP,,,UNRESOLVED,https://www.ycombinator.com/companies/florin
Earendil Robotics,,STARTUP,,,UNRESOLVED,https://www.ycombinator.com/companies/earendil-robotics
Hebbian Robotics,,STARTUP,,,UNRESOLVED,https://www.ycombinator.com/companies/hebbian-robotics
Hop Aero,,STARTUP,,,UNRESOLVED,https://www.ycombinator.com/companies/hop-aero
Agent FM,,STARTUP,,,UNRESOLVED,https://www.ycombinator.com/companies/agent-fm
OpenRelay,,STARTUP,,,UNRESOLVED,https://www.ycombinator.com/companies/openrelay
Dock,,STARTUP,,,UNRESOLVED,https://www.ycombinator.com/companies/dock
HyperProbe,,STARTUP,,,UNRESOLVED,https://www.ycombinator.com/companies/hyperprobe
Grip,,STARTUP,,,UNRESOLVED,https://www.ycombinator.com/companies/grip
Skymerse,,STARTUP,,,UNRESOLVED,https://www.ycombinator.com/companies/skymerse
Hubble,,STARTUP,,,UNRESOLVED,https://www.ycombinator.com/companies/hubble-ai
Palisade,,STARTUP,,,UNRESOLVED,https://www.ycombinator.com/companies/palisade-2
83 Sciences,,STARTUP,,,UNRESOLVED,https://www.ycombinator.com/companies/83-sciences
Chromie,,STARTUP,,,UNRESOLVED,https://www.ycombinator.com/companies/chromie
Lamb Labs,,STARTUP,,,UNRESOLVED,https://www.ycombinator.com/companies/lamb-labs
Mireye,,STARTUP,,,UNRESOLVED,https://www.ycombinator.com/companies/mireye
Derya,,STARTUP,,,UNRESOLVED,https://www.ycombinator.com/companies/derya
Decawork,,STARTUP,,,UNRESOLVED,https://www.ycombinator.com/companies/decawork
CarSignal,,STARTUP,,,UNRESOLVED,https://www.ycombinator.com/companies/carsignal
Axelrod,,STARTUP,,,UNRESOLVED,https://www.ycombinator.com/companies/axelrod
Levocred AI,Meta AI,STARTUP,fuzzy,85.5,RESOLVED,https://www.ycombinator.com/companies/levocred-ai
Praxis AI,,STARTUP,,,UNRESOLVED,https://www.ycombinator.com/companies/praxis-ai-2
Care GP,,STARTUP,,,UNRESOLVED,https://www.ycombinator.com/companies/care-gp
Radley,,STARTUP,,,UNRESOLVED,https://www.ycombinator.com/companies/radley
Agnost AI,,STARTUP,,,UNRESOLVED,https://www.ycombinator.com/companies/agnost-ai
Agentcard,,STARTUP,,,UNRESOLVED,https://www.ycombinator.com/companies/agentcard
ProvenMetal,,STARTUP,,,UNRESOLVED,https://www.ycombinator.com/companies/provenmetal
Gamgee,,STARTUP,,,UNRESOLVED,https://www.ycombinator.com/companies/gamgee
Inkbox,,STARTUP,,,UNRESOLVED,https://www.ycombinator.com/companies/inkbox
Operon,,STARTUP,,,UNRESOLVED,https://www.ycombinator.com/companies/operon
Cosmic Robotics,,STARTUP,,,UNRESOLVED,https://www.ycombinator.com/companies/cosmic-robotics
Markov,,STARTUP,,,UNRESOLVED,https://www.ycombinator.com/companies/markov
Lumeria,,STARTUP,,,UNRESOLVED,https://www.ycombinator.com/companies/lumeria
Marengo,,STARTUP,,,UNRESOLVED,https://www.ycombinator.com/companies/marengo
RonanRx Inc.,,STARTUP,,,UNRESOLVED,https://www.ycombinator.com/companies/ronanrx-inc
Executor,,STARTUP,,,UNRESOLVED,https://www.ycombinator.com/companies/executor
Last Accounting Company,,STARTUP,,,UNRESOLVED,https://www.ycombinator.com/companies/last-accounting-company
Pacific,,STARTUP,,,UNRESOLVED,https://www.ycombinator.com/companies/pacific
Luca IQ,,STARTUP,,,UNRESOLVED,https://www.ycombinator.com/companies/luca-iq
Computable,,STARTUP,,,UNRESOLVED,https://www.ycombinator.com/companies/computable
Denta,,STARTUP,,,UNRESOLVED,https://www.ycombinator.com/companies/denta
Isengard Industries Inc,,STARTUP,,,UNRESOLVED,https://www.ycombinator.com/companies/isengard-industries-inc
Ekho Labs,,STARTUP,,,UNRESOLVED,https://www.ycombinator.com/companies/ekho-labs
Vestris,,STARTUP,,,UNRESOLVED,https://www.ycombinator.com/companies/vestris
Ultrasonium,,STARTUP,,,UNRESOLVED,https://www.ycombinator.com/companies/ultrasonium
Arbital,,STARTUP,,,UNRESOLVED,https://www.ycombinator.com/companies/arbital
PokerClubHub,,STARTUP,,,UNRESOLVED,https://www.ycombinator.com/companies/pokerclubhub
Neuron Industries,,STARTUP,,,UNRESOLVED,https://www.ycombinator.com/companies/neuron-industries
Neuromorphic,,STARTUP,,,UNRESOLVED,https://www.ycombinator.com/companies/neuromorphic
LATO,,STARTUP,,,UNRESOLVED,https://www.ycombinator.com/companies/lato
Risklytics,,STARTUP,,,UNRESOLVED,https://www.ycombinator.com/companies/risklytics
Daqstra,,STARTUP,,,UNRESOLVED,https://www.ycombinator.com/companies/daqstra
Qlo,,STARTUP,,,UNRESOLVED,https://www.ycombinator.com/companies/qlo
Fabraix,,STARTUP,,,UNRESOLVED,https://www.ycombinator.com/companies/fabraix
Omanta,,STARTUP,,,UNRESOLVED,https://www.ycombinator.com/companies/omanta
Rational,,STARTUP,,,UNRESOLVED,https://www.ycombinator.com/companies/rational
Aktoria Robotics,,STARTUP,,,UNRESOLVED,https://www.ycombinator.com/companies/aktoria-robotics
Vendo,,STARTUP,,,UNRESOLVED,https://www.ycombinator.com/companies/vendo
Click,,STARTUP,,,UNRESOLVED,https://www.ycombinator.com/companies/click
Whitespace,,STARTUP,,,UNRESOLVED,https://www.ycombinator.com/companies/whitespace
Orvixo,,STARTUP,,,UNRESOLVED,https://www.ycombinator.com/companies/orvixo
Almanac,,STARTUP,,,UNRESOLVED,https://www.ycombinator.com/companies/almanac
TareBio,,STARTUP,,,UNRESOLVED,https://www.ycombinator.com/companies/tarebio
Greypoint Industries,,STARTUP,,,UNRESOLVED,https://www.ycombinator.com/companies/greypoint-industries
Graphify Labs,,STARTUP,,,UNRESOLVED,https://www.ycombinator.com/companies/graphify-labs
Ooak Data,,STARTUP,,,UNRESOLVED,https://www.ycombinator.com/companies/ooak-data
Nori,,STARTUP,,,UNRESOLVED,https://www.ycombinator.com/companies/noril1
6thSense,,STARTUP,,,UNRESOLVED,https://www.ycombinator.com/companies/6thsense
Bloomy,,STARTUP,,,UNRESOLVED,https://www.ycombinator.com/companies/bloomy
machine0,,STARTUP,,,UNRESOLVED,https://www.ycombinator.com/companies/machine0
Pluto,,STARTUP,,,UNRESOLVED,https://www.ycombinator.com/companies/talentpluto
FlowManual,,STARTUP,,,UNRESOLVED,https://www.ycombinator.com/companies/flowmanual
Stratum Industries,,STARTUP,,,UNRESOLVED,https://www.ycombinator.com/companies/stratum-industries
Peer,,STARTUP,,,UNRESOLVED,https://www.ycombinator.com/companies/peer
Molagri,,STARTUP,,,UNRESOLVED,https://www.ycombinator.com/companies/molagri
Cerenovus,,STARTUP,,,UNRESOLVED,https://www.ycombinator.com/companies/cerenovus
Agency Tool Company,,STARTUP,,,UNRESOLVED,https://www.ycombinator.com/companies/agency-tool-company
Standard Machines,,STARTUP,,,UNRESOLVED,https://www.ycombinator.com/companies/standard-machines
Traceforce,,STARTUP,,,UNRESOLVED,https://www.ycombinator.com/companies/traceforce
Definite,,STARTUP,,,UNRESOLVED,https://www.ycombinator.com/companies/definite
Alkera AI,,STARTUP,,,UNRESOLVED,https://www.ycombinator.com/companies/alkera-ai
Rasyn,,STARTUP,,,UNRESOLVED,https://www.ycombinator.com/companies/rasyn
Manifold,,STARTUP,,,UNRESOLVED,https://www.ycombinator.com/companies/manifold-2
screenpipe,,STARTUP,,,UNRESOLVED,https://www.ycombinator.com/companies/screenpipe
Zaplar,,STARTUP,,,UNRESOLVED,https://www.ycombinator.com/companies/zaplar
Prodigy Research,,STARTUP,,,UNRESOLVED,https://www.ycombinator.com/companies/prodigy-research
Touchmark,,STARTUP,,,UNRESOLVED,https://www.ycombinator.com/companies/touchmark
Exosat,,STARTUP,,,UNRESOLVED,https://www.ycombinator.com/companies/exosat
Codag,,STARTUP,,,UNRESOLVED,https://www.ycombinator.com/companies/codag
Context.dev,,STARTUP,,,UNRESOLVED,https://www.ycombinator.com/companies/contextdev
Glen,Glean,STARTUP,fuzzy,88.88888888888889,RESOLVED,https://www.ycombinator.com/companies/glen
Stoa,,STARTUP,,,UNRESOLVED,https://www.ycombinator.com/companies/stoa
Marble,,STARTUP,,,UNRESOLVED,https://www.ycombinator.com/companies/joinmarble
Audun,,STARTUP,,,UNRESOLVED,https://www.ycombinator.com/companies/audun
COACH,,STARTUP,,,UNRESOLVED,https://www.ycombinator.com/companies/ai-coach
Alloovium,,STARTUP,,,UNRESOLVED,https://www.ycombinator.com/companies/alloovium
Dialogus,,STARTUP,,,UNRESOLVED,https://www.ycombinator.com/companies/dialogus
Mosaic,,STARTUP,,,UNRESOLVED,https://www.ycombinator.com/companies/mosaic-inc
Bizmark,,STARTUP,,,UNRESOLVED,https://www.ycombinator.com/companies/bizmark
Riften,,STARTUP,,,UNRESOLVED,https://www.ycombinator.com/companies/riften
Buildbox,,STARTUP,,,UNRESOLVED,https://www.ycombinator.com/companies/buildbox
RealPact,,STARTUP,,,UNRESOLVED,https://www.ycombinator.com/companies/realpact
GUILD,,STARTUP,,,UNRESOLVED,https://www.ycombinator.com/companies/guild
Floracene,,STARTUP,,,UNRESOLVED,https://www.ycombinator.com/companies/floracene
Rise Reforming,,STARTUP,,,UNRESOLVED,https://www.ycombinator.com/companies/rise-reforming
Instaplay,,STARTUP,,,UNRESOLVED,https://www.ycombinator.com/companies/instaplay
Verdant,,STARTUP,,,UNRESOLVED,https://www.ycombinator.com/companies/verdant
IMPACT Drones,,STARTUP,,,UNRESOLVED,https://www.ycombinator.com/companies/impact-drones
Insurf,,STARTUP,,,UNRESOLVED,https://www.ycombinator.com/companies/insurf
Jcode,,STARTUP,,,UNRESOLVED,https://www.ycombinator.com/companies/jcode
LemonLime,,STARTUP,,,UNRESOLVED,https://www.ycombinator.com/companies/lemonlime
Gutgutgoose,,STARTUP,,,UNRESOLVED,https://www.ycombinator.com/companies/gutgutgoose
Speko,,STARTUP,,,UNRESOLVED,https://www.ycombinator.com/companies/speko
Synapse Semiconductor,,STARTUP,,,UNRESOLVED,https://www.ycombinator.com/companies/synapse-semiconductor
Understudy Labs,AI21 Labs,STARTUP,fuzzy,85.5,RESOLVED,https://www.ycombinator.com/companies/understudy-labs
Rote,,STARTUP,,,UNRESOLVED,https://www.ycombinator.com/companies/rote
Prized,,STARTUP,,,UNRESOLVED,https://www.ycombinator.com/companies/prized
Maingen,,STARTUP,,,UNRESOLVED,https://www.ycombinator.com/companies/maingen
Enact,,STARTUP,,,UNRESOLVED,https://www.ycombinator.com/companies/enact
Rex,,STARTUP,,,UNRESOLVED,https://www.ycombinator.com/companies/rex-inc
Zomma,,STARTUP,,,UNRESOLVED,https://www.ycombinator.com/companies/zomma
Nebula Security,,STARTUP,,,UNRESOLVED,https://www.ycombinator.com/companies/nebula-security
Kara,,STARTUP,,,UNRESOLVED,https://www.ycombinator.com/companies/kara
Trope,,STARTUP,,,UNRESOLVED,https://www.ycombinator.com/companies/trope
Parasma,,STARTUP,,,UNRESOLVED,https://www.ycombinator.com/companies/parasma
Belvedir,,STARTUP,,,UNRESOLVED,https://www.ycombinator.com/companies/belvedir
Shielded,,STARTUP,,,UNRESOLVED,https://www.ycombinator.com/companies/shielded
Olam Labs,,STARTUP,,,UNRESOLVED,https://www.ycombinator.com/companies/olam-labs
Egoist Machines,,STARTUP,,,UNRESOLVED,https://www.ycombinator.com/companies/egoist-machines
Perceptron ML,,STARTUP,,,UNRESOLVED,https://www.ycombinator.com/companies/perceptron-ml
Erinys,,STARTUP,,,UNRESOLVED,https://www.ycombinator.com/companies/erinys
HERA,,STARTUP,,,UNRESOLVED,https://www.ycombinator.com/companies/manufacturingintelligence
Donkey,,STARTUP,,,UNRESOLVED,https://www.ycombinator.com/companies/donkey
OpenTrade,,STARTUP,,,UNRESOLVED,https://www.ycombinator.com/companies/opentrade
Hoplite,,STARTUP,,,UNRESOLVED,https://www.ycombinator.com/companies/hoplite
Pango,,STARTUP,,,UNRESOLVED,https://www.ycombinator.com/companies/pango
tash,,STARTUP,,,UNRESOLVED,https://www.ycombinator.com/companies/tash
Torus,,STARTUP,,,UNRESOLVED,https://www.ycombinator.com/companies/torus
Kebra,,STARTUP,,,UNRESOLVED,https://www.ycombinator.com/companies/kebra
GitCafe,,STARTUP,,,UNRESOLVED,https://www.ycombinator.com/companies/gitcafe
RightNow,,STARTUP,,,UNRESOLVED,https://www.ycombinator.com/companies/rightnow
Akkari,,STARTUP,,,UNRESOLVED,https://www.ycombinator.com/companies/akkari
HeyClicky,,STARTUP,,,UNRESOLVED,https://www.ycombinator.com/companies/heyclicky
Rindler,,STARTUP,,,UNRESOLVED,https://www.ycombinator.com/companies/rindler
Proprio Robotics,,STARTUP,,,UNRESOLVED,https://www.ycombinator.com/companies/proprio-robotics
Huscarl,,STARTUP,,,UNRESOLVED,https://www.ycombinator.com/companies/huscarl
Thomas,,STARTUP,,,UNRESOLVED,https://www.ycombinator.com/companies/thomas
Cohesion,,STARTUP,,,UNRESOLVED,https://www.ycombinator.com/companies/cohesion
Maquoketa Research,,STARTUP,,,UNRESOLVED,https://www.ycombinator.com/companies/maquoketa-research
Intelligence Factory,,STARTUP,,,UNRESOLVED,https://www.ycombinator.com/companies/intelligence-factory
Amorphic Labs,,STARTUP,,,UNRESOLVED,https://www.ycombinator.com/companies/amorphic-labs
rekursiv.ai,,STARTUP,,,UNRESOLVED,https://www.ycombinator.com/companies/rekursivai
Clawvisor,,STARTUP,,,UNRESOLVED,https://www.ycombinator.com/companies/clawvisor
Framewise Health,,STARTUP,,,UNRESOLVED,https://www.ycombinator.com/companies/framewise-health
Arctic Health,,STARTUP,,,UNRESOLVED,https://www.ycombinator.com/companies/arctic-health
Playabl.ai,,STARTUP,,,UNRESOLVED,https://www.ycombinator.com/companies/playablai
Enjamb Labs,,STARTUP,,,UNRESOLVED,https://www.ycombinator.com/companies/enjamb-labs
Hyper,,STARTUP,,,UNRESOLVED,https://www.ycombinator.com/companies/hyper-4
InsForge,,STARTUP,,,UNRESOLVED,https://www.ycombinator.com/companies/insforge
ReasonBlocks,,STARTUP,,,UNRESOLVED,https://www.ycombinator.com/companies/reasonblocks
Modern,,STARTUP,,,UNRESOLVED,https://www.ycombinator.com/companies/modern
Panacea,,STARTUP,,,UNRESOLVED,https://www.ycombinator.com/companies/panacea
CentralComs,,STARTUP,,,UNRESOLVED,https://www.ycombinator.com/companies/centralcoms
KugelAudio,Udio,STARTUP,fuzzy,90.0,RESOLVED,https://www.ycombinator.com/companies/kugelaudio
Klaimee,,STARTUP,,,UNRESOLVED,https://www.ycombinator.com/companies/klaimee
flowscope,,STARTUP,,,UNRESOLVED,https://www.ycombinator.com/companies/flowscope
Trident,,STARTUP,,,UNRESOLVED,https://www.ycombinator.com/companies/trident
Gigacatalyst,,STARTUP,,,UNRESOLVED,https://www.ycombinator.com/companies/gigacatalyst
Arlo Industries,,STARTUP,,,UNRESOLVED,https://www.ycombinator.com/companies/arlo-industries
Astraea,,STARTUP,,,UNRESOLVED,https://www.ycombinator.com/companies/astraea
Lattice Health,,STARTUP,,,UNRESOLVED,https://www.ycombinator.com/companies/lattice-health
Atlas Discovery,,STARTUP,,,UNRESOLVED,https://www.ycombinator.com/companies/atlas-discovery
Manicule,,STARTUP,,,UNRESOLVED,https://www.ycombinator.com/companies/manicule
Avea Robotics,,STARTUP,,,UNRESOLVED,https://www.ycombinator.com/companies/avea-robotics
Mochatrade,,STARTUP,,,UNRESOLVED,https://www.ycombinator.com/companies/mochatrade
Asendia AI,,STARTUP,,,UNRESOLVED,https://www.ycombinator.com/companies/asendia-ai
Revnu,,STARTUP,,,UNRESOLVED,https://www.ycombinator.com/companies/revnu
Uno Wallet,,STARTUP,,,UNRESOLVED,https://www.ycombinator.com/companies/uno-wallet
Arden,,STARTUP,,,UNRESOLVED,https://www.ycombinator.com/companies/arden
AgentPhone,,STARTUP,,,UNRESOLVED,https://www.ycombinator.com/companies/agentphone
Gravy,,STARTUP,,,UNRESOLVED,https://www.ycombinator.com/companies/gravy
Kinect,,STARTUP,,,UNRESOLVED,https://www.ycombinator.com/companies/kinect
Runtime,,STARTUP,,,UNRESOLVED,https://www.ycombinator.com/companies/runtime
YouArt,,STARTUP,,,UNRESOLVED,https://www.ycombinator.com/companies/youart
Expanse,,STARTUP,,,UNRESOLVED,https://www.ycombinator.com/companies/expanse
CharacterQuilt,,STARTUP,,,UNRESOLVED,https://www.ycombinator.com/companies/characterquilt
Pentagon,,STARTUP,,,UNRESOLVED,https://www.ycombinator.com/companies/pentagon
Arzana,,STARTUP,,,UNRESOLVED,https://www.ycombinator.com/companies/arzana
Auxos,,STARTUP,,,UNRESOLVED,https://www.ycombinator.com/companies/auxos
ProjectX,,STARTUP,,,UNRESOLVED,https://www.ycombinator.com/companies/projectx
Tolmo,,STARTUP,,,UNRESOLVED,https://www.ycombinator.com/companies/tolmo
OpenWork,,STARTUP,,,UNRESOLVED,https://www.ycombinator.com/companies/openwork
"Apollo Atomics, Inc.",,STARTUP,,,UNRESOLVED,https://www.ycombinator.com/companies/apollo-atomics-inc
General Aviation,,STARTUP,,,UNRESOLVED,https://www.ycombinator.com/companies/general-aviation
OpenProse,,STARTUP,,,UNRESOLVED,https://www.ycombinator.com/companies/openprose
Aster,,STARTUP,,,UNRESOLVED,https://www.ycombinator.com/companies/asterlab
Amboras,,STARTUP,,,UNRESOLVED,https://www.ycombinator.com/companies/amboras
Hessian,,STARTUP,,,UNRESOLVED,https://www.ycombinator.com/companies/hessian
RASPIRE,,STARTUP,,,UNRESOLVED,https://www.ycombinator.com/companies/raspire
Plena Health,,STARTUP,,,UNRESOLVED,https://www.ycombinator.com/companies/plena-health
TesterArmy,,STARTUP,,,UNRESOLVED,https://www.ycombinator.com/companies/testerarmy
Eden Robotics,,STARTUP,,,UNRESOLVED,https://www.ycombinator.com/companies/eden-robotics
Foaster,,STARTUP,,,UNRESOLVED,https://www.ycombinator.com/companies/foaster
AquaShield,,STARTUP,,,UNRESOLVED,https://www.ycombinator.com/companies/aquashield
Ornadyne,,STARTUP,,,UNRESOLVED,https://www.ycombinator.com/companies/ornadyne
ANORIA,,STARTUP,,,UNRESOLVED,https://www.ycombinator.com/companies/anoria
AbInitio Bio,,STARTUP,,,UNRESOLVED,https://www.ycombinator.com/companies/abinitio-bio
Memory Store,,STARTUP,,,UNRESOLVED,https://www.ycombinator.com/companies/memory-store
Saudara AI,,STARTUP,,,UNRESOLVED,https://www.ycombinator.com/companies/saudara-ai
Pops,,STARTUP,,,UNRESOLVED,https://www.ycombinator.com/companies/pops
Silmaril,,STARTUP,,,UNRESOLVED,https://www.ycombinator.com/companies/silmaril
BioStack Platforms,,STARTUP,,,UNRESOLVED,https://www.ycombinator.com/companies/biostack-platforms
Ardent,,STARTUP,,,UNRESOLVED,https://www.ycombinator.com/companies/ardent
Kuli,,STARTUP,,,UNRESOLVED,https://www.ycombinator.com/companies/kuli
Wato,,STARTUP,,,UNRESOLVED,https://www.ycombinator.com/companies/wato
Tasklet,,STARTUP,,,UNRESOLVED,https://www.ycombinator.com/companies/tasklet-2
Chronicle Labs,AI21 Labs,STARTUP,fuzzy,85.5,RESOLVED,https://www.ycombinator.com/companies/chronicle-labs
Walter,,STARTUP,,,UNRESOLVED,https://www.ycombinator.com/companies/walter
Aseon Labs,,STARTUP,,,UNRESOLVED,https://www.ycombinator.com/companies/aseon-labs
Soria,,STARTUP,,,UNRESOLVED,https://www.ycombinator.com/companies/soria
Armature,,STARTUP,,,UNRESOLVED,https://www.ycombinator.com/companies/armature
Collar,,STARTUP,,,UNRESOLVED,https://www.ycombinator.com/companies/collar
PLAN0 AI,Stability AI,STARTUP,fuzzy,85.5,RESOLVED,https://www.ycombinator.com/companies/plan0-ai
Zibra Labs,,STARTUP,,,UNRESOLVED,https://www.ycombinator.com/companies/zibra-labs
Ara,Character.ai,STARTUP,fuzzy,90.0,RESOLVED,https://www.ycombinator.com/companies/ara
ValCtrl,,STARTUP,,,UNRESOLVED,https://www.ycombinator.com/companies/valctrl
General Instinct,,STARTUP,,,UNRESOLVED,https://www.ycombinator.com/companies/general-instinct
tday.com,,STARTUP,,,UNRESOLVED,https://www.ycombinator.com/companies/tdaycom
ED1TH,,STARTUP,,,UNRESOLVED,https://www.ycombinator.com/companies/ed1th
Minicor,,STARTUP,,,UNRESOLVED,https://www.ycombinator.com/companies/minicor
Degla Inc,,STARTUP,,,UNRESOLVED,https://www.ycombinator.com/companies/degla-inc
Archer,,STARTUP,,,UNRESOLVED,https://www.ycombinator.com/companies/archer
River Markets,,STARTUP,,,UNRESOLVED,https://www.ycombinator.com/companies/river-markets
smol machines,,STARTUP,,,UNRESOLVED,https://www.ycombinator.com/companies/smol-machines
Allowance,,STARTUP,,,UNRESOLVED,https://www.ycombinator.com/companies/allowance
Harbor,,STARTUP,,,UNRESOLVED,https://www.ycombinator.com/companies/runharbor
Complir,,STARTUP,,,UNRESOLVED,https://www.ycombinator.com/companies/complir
AICE,,STARTUP,,,UNRESOLVED,https://www.ycombinator.com/companies/aice
Infera,,STARTUP,,,UNRESOLVED,https://www.ycombinator.com/companies/infera
Mount,,STARTUP,,,UNRESOLVED,https://www.ycombinator.com/companies/mount
Parrot,,STARTUP,,,UNRESOLVED,https://www.ycombinator.com/companies/useparrot
Result,,STARTUP,,,UNRESOLVED,https://www.ycombinator.com/companies/result
Sidekick,,STARTUP,,,UNRESOLVED,https://www.ycombinator.com/companies/textsidekick
Prototyping.io,,STARTUP,,,UNRESOLVED,https://www.ycombinator.com/companies/prototypingio
Lumius,,STARTUP,,,UNRESOLVED,https://www.ycombinator.com/companies/lumius
Adialante,,STARTUP,,,UNRESOLVED,https://www.ycombinator.com/companies/adialante
Savant,,STARTUP,,,UNRESOLVED,https://www.ycombinator.com/companies/savant
Keyframe Labs,,STARTUP,,,UNRESOLVED,https://www.ycombinator.com/companies/keyframe-labs
Voquill,,STARTUP,,,UNRESOLVED,https://www.ycombinator.com/companies/voquill
Oddpool,,STARTUP,,,UNRESOLVED,https://www.ycombinator.com/companies/oddpool
Ontora,,STARTUP,,,UNRESOLVED,https://www.ycombinator.com/companies/ontora
Napkin Math,,STARTUP,,,UNRESOLVED,https://www.ycombinator.com/companies/napkin-math
Gojiberry AI,Meta AI,STARTUP,fuzzy,85.5,RESOLVED,https://www.ycombinator.com/companies/gojiberry-ai
Lab0,,STARTUP,,,UNRESOLVED,https://www.ycombinator.com/companies/lab0
BentoLabs AI,Meta AI,STARTUP,fuzzy,85.5,RESOLVED,https://www.ycombinator.com/companies/bentolabs-ai
Lamina Labs,,STARTUP,,,UNRESOLVED,https://www.ycombinator.com/companies/lamina-labs
Kimpton AI,,STARTUP,,,UNRESOLVED,https://www.ycombinator.com/companies/kimpton-ai
StableBrowse,,STARTUP,,,UNRESOLVED,https://www.ycombinator.com/companies/stablebrowse
Taiga,,STARTUP,,,UNRESOLVED,https://www.ycombinator.com/companies/taiga
Pairio,,STARTUP,,,UNRESOLVED,https://www.ycombinator.com/companies/pairio
Callab AI,,STARTUP,,,UNRESOLVED,https://www.ycombinator.com/companies/callab-ai
Synphony,,STARTUP,,,UNRESOLVED,https://www.ycombinator.com/companies/synphony
Dreach,,STARTUP,,,UNRESOLVED,https://www.ycombinator.com/companies/dreach
Arga Labs,,STARTUP,,,UNRESOLVED,https://www.ycombinator.com/companies/arga-labs
Andco,,STARTUP,,,UNRESOLVED,https://www.ycombinator.com/companies/andco
RentAHuman,,STARTUP,,,UNRESOLVED,https://www.ycombinator.com/companies/rentahuman
InstaAgent,,STARTUP,,,UNRESOLVED,https://www.ycombinator.com/companies/instaagent
Salesgraph,,STARTUP,,,UNRESOLVED,https://www.ycombinator.com/companies/salesgraph
Sherpa,,STARTUP,,,UNRESOLVED,https://www.ycombinator.com/companies/sherpa
Userlens,,STARTUP,,,UNRESOLVED,https://www.ycombinator.com/companies/userlens
transload,,STARTUP,,,UNRESOLVED,https://www.ycombinator.com/companies/transload
Standout,,STARTUP,,,UNRESOLVED,https://www.ycombinator.com/companies/standout
shotwell.ai,,STARTUP,,,UNRESOLVED,https://www.ycombinator.com/companies/shotwellai
Madrone,,STARTUP,,,UNRESOLVED,https://www.ycombinator.com/companies/madrone
Pavoot,,STARTUP,,,UNRESOLVED,https://www.ycombinator.com/companies/pavoot
qomplement,,STARTUP,,,UNRESOLVED,https://www.ycombinator.com/companies/qomplement
Deep Interactions,,STARTUP,,,UNRESOLVED,https://www.ycombinator.com/companies/deep-interactions
KelAI,,STARTUP,,,UNRESOLVED,https://www.ycombinator.com/companies/kelai
"HEVN, inc",,STARTUP,,,UNRESOLVED,https://www.ycombinator.com/companies/hevn-inc
Wealor,,STARTUP,,,UNRESOLVED,https://www.ycombinator.com/companies/wealor
Elyra,,STARTUP,,,UNRESOLVED,https://www.ycombinator.com/companies/elyra
Interfaze,,STARTUP,,,UNRESOLVED,https://www.ycombinator.com/companies/interfaze
Zolvo,,STARTUP,,,UNRESOLVED,https://www.ycombinator.com/companies/zolvo
Juno,,STARTUP,,,UNRESOLVED,https://www.ycombinator.com/companies/juno-chat
Kinro,,STARTUP,,,UNRESOLVED,https://www.ycombinator.com/companies/kinro
GovGuard,,STARTUP,,,UNRESOLVED,https://www.ycombinator.com/companies/govguard
Superlog,,STARTUP,,,UNRESOLVED,https://www.ycombinator.com/companies/superlog
GodHands,,STARTUP,,,UNRESOLVED,https://www.ycombinator.com/companies/godhands
Limrun,,STARTUP,,,UNRESOLVED,https://www.ycombinator.com/companies/limrun
Light Anchor,,STARTUP,,,UNRESOLVED,https://www.ycombinator.com/companies/light-anchor
Hub,,STARTUP,,,UNRESOLVED,https://www.ycombinator.com/companies/hub
Tenet Industries,,STARTUP,,,UNRESOLVED,https://www.ycombinator.com/companies/tenet-industries
Atrisa,,STARTUP,,,UNRESOLVED,https://www.ycombinator.com/companies/atrisa
Trellis,,STARTUP,,,UNRESOLVED,https://www.ycombinator.com/companies/trellistech
The Company Company,Together AI,STARTUP,fuzzy,90.0,RESOLVED,https://www.ycombinator.com/companies/the-company-company
Dayjob,,STARTUP,,,UNRESOLVED,https://www.ycombinator.com/companies/dayjob
InLoop Robotics,,STARTUP,,,UNRESOLVED,https://www.ycombinator.com/companies/inloop-robotics
Zenbu,,STARTUP,,,UNRESOLVED,https://www.ycombinator.com/companies/zenbu-2
Andustry,,STARTUP,,,UNRESOLVED,https://www.ycombinator.com/companies/andustry
Nine Fives,,STARTUP,,,UNRESOLVED,https://www.ycombinator.com/companies/nine-fives
Incandor,,STARTUP,,,UNRESOLVED,https://www.ycombinator.com/companies/incandor
Chert,,STARTUP,,,UNRESOLVED,https://www.ycombinator.com/companies/chert
Saffron,,STARTUP,,,UNRESOLVED,https://www.ycombinator.com/companies/saffron
Discovered Materials,,STARTUP,,,UNRESOLVED,https://www.ycombinator.com/companies/discovered-materials
Lightsprint,,STARTUP,,,UNRESOLVED,https://www.ycombinator.com/companies/lightsprint
Twolabs,,STARTUP,,,UNRESOLVED,https://www.ycombinator.com/companies/twolabs
Scope,,STARTUP,,,UNRESOLVED,https://www.ycombinator.com/companies/scope
Hexa,,STARTUP,,,UNRESOLVED,https://www.ycombinator.com/companies/hexa
Palette,,STARTUP,,,UNRESOLVED,https://www.ycombinator.com/companies/palette-2
Rudus,,STARTUP,,,UNRESOLVED,https://www.ycombinator.com/companies/rudus
Replicas,,STARTUP,,,UNRESOLVED,https://www.ycombinator.com/companies/replicas
Totalis,,STARTUP,,,UNRESOLVED,https://www.ycombinator.com/companies/totalis
WithAI,,STARTUP,,,UNRESOLVED,https://www.ycombinator.com/companies/withai
Osmaura,,STARTUP,,,UNRESOLVED,https://www.ycombinator.com/companies/osmaura
Instance,,STARTUP,,,UNRESOLVED,https://www.ycombinator.com/companies/instance
Illume Labs,,STARTUP,,,UNRESOLVED,https://www.ycombinator.com/companies/illume-labs
Memoir,,STARTUP,,,UNRESOLVED,https://www.ycombinator.com/companies/memoir
"PerfectBit, Inc.",,STARTUP,,,UNRESOLVED,https://www.ycombinator.com/companies/perfectbit-inc
Stage,,STARTUP,,,UNRESOLVED,https://www.ycombinator.com/companies/stage
Standard Signal,,STARTUP,,,UNRESOLVED,https://www.ycombinator.com/companies/standard-signal
primitive,,STARTUP,,,UNRESOLVED,https://www.ycombinator.com/companies/primitive
afterfive,,STARTUP,,,UNRESOLVED,https://www.ycombinator.com/companies/afterfive
Klarify,,STARTUP,,,UNRESOLVED,https://www.ycombinator.com/companies/klarify
Surtr Defense Systems,,STARTUP,,,UNRESOLVED,https://www.ycombinator.com/companies/surtr-defense-systems
Hedge,,STARTUP,,,UNRESOLVED,https://www.ycombinator.com/companies/hedge
Cardinal,,STARTUP,,,UNRESOLVED,https://www.ycombinator.com/companies/trycardinal-ai
Wideframe,,STARTUP,,,UNRESOLVED,https://www.ycombinator.com/companies/wideframe
Martini,,STARTUP,,,UNRESOLVED,https://www.ycombinator.com/companies/martini
Litmus,,STARTUP,,,UNRESOLVED,https://www.ycombinator.com/companies/litmus-hiring
Condor Energy,,STARTUP,,,UNRESOLVED,https://www.ycombinator.com/companies/condor-energy
Remix,,STARTUP,,,UNRESOLVED,https://www.ycombinator.com/companies/remix-3
OpenVector,,STARTUP,,,UNRESOLVED,https://www.ycombinator.com/companies/openvector
Shofo,,STARTUP,,,UNRESOLVED,https://www.ycombinator.com/companies/shofo
Wayco,,STARTUP,,,UNRESOLVED,https://www.ycombinator.com/companies/wayco
"Applied Electrodynamics, Inc.",,STARTUP,,,UNRESOLVED,https://www.ycombinator.com/companies/applied-electrodynamics-inc
Unifold,,STARTUP,,,UNRESOLVED,https://www.ycombinator.com/companies/unifold
Carrot Labs,,STARTUP,,,UNRESOLVED,https://www.ycombinator.com/companies/carrot-labs
Dispatch,,STARTUP,,,UNRESOLVED,https://www.ycombinator.com/companies/dispatch
Bloom,,STARTUP,,,UNRESOLVED,https://www.ycombinator.com/companies/trybloom
Aurorin CAD,,STARTUP,,,UNRESOLVED,https://www.ycombinator.com/companies/aurorin-cad
Fixture,,STARTUP,,,UNRESOLVED,https://www.ycombinator.com/companies/fixture
DAIVIN!,,STARTUP,,,UNRESOLVED,https://www.ycombinator.com/companies/daivin
Brumby (Formerly GrazeMate),,STARTUP,,,UNRESOLVED,https://www.ycombinator.com/companies/brumby
Origami Robotics,,STARTUP,,,UNRESOLVED,https://www.ycombinator.com/companies/origami-robotics
Ossus,,STARTUP,,,UNRESOLVED,https://www.ycombinator.com/companies/ossus
Rubric AI,,STARTUP,,,UNRESOLVED,https://www.ycombinator.com/companies/rubric-ai
Regbase,,STARTUP,,,UNRESOLVED,https://www.ycombinator.com/companies/regbase
Zymbly,,STARTUP,,,UNRESOLVED,https://www.ycombinator.com/companies/zymbly
Ritivel,,STARTUP,,,UNRESOLVED,https://www.ycombinator.com/companies/ritivel
Polymorph,,STARTUP,,,UNRESOLVED,https://www.ycombinator.com/companies/polymorph
Khotan (formerly Pollinate),,STARTUP,,,UNRESOLVED,https://www.ycombinator.com/companies/khotan
SpotPay,,STARTUP,,,UNRESOLVED,https://www.ycombinator.com/companies/spotpay
Poth Labs,,STARTUP,,,UNRESOLVED,https://www.ycombinator.com/companies/poth-labs
VOYGR,,STARTUP,,,UNRESOLVED,https://www.ycombinator.com/companies/voygr
MochaCare,,STARTUP,,,UNRESOLVED,https://www.ycombinator.com/companies/mochacare
Cova,,STARTUP,,,UNRESOLVED,https://www.ycombinator.com/companies/cova
Vela,,STARTUP,,,UNRESOLVED,https://www.ycombinator.com/companies/vela
Supafax,,STARTUP,,,UNRESOLVED,https://www.ycombinator.com/companies/supafax
Talking Computers,,STARTUP,,,UNRESOLVED,https://www.ycombinator.com/companies/talking-computers
Control Seat,,STARTUP,,,UNRESOLVED,https://www.ycombinator.com/companies/control-seat
Copperlane,,STARTUP,,,UNRESOLVED,https://www.ycombinator.com/companies/copperlane
Tsenta,,STARTUP,,,UNRESOLVED,https://www.ycombinator.com/companies/tsenta
Atlia,,STARTUP,,,UNRESOLVED,https://www.ycombinator.com/companies/atlia
Canary,,STARTUP,,,UNRESOLVED,https://www.ycombinator.com/companies/canary
Grade,,STARTUP,,,UNRESOLVED,https://www.ycombinator.com/companies/grade
Sila,,STARTUP,,,UNRESOLVED,https://www.ycombinator.com/companies/sila
Maven,,STARTUP,,,UNRESOLVED,https://www.ycombinator.com/companies/maven
Moda,,STARTUP,,,UNRESOLVED,https://www.ycombinator.com/companies/moda
The Token Company,,STARTUP,,,UNRESOLVED,https://www.ycombinator.com/companies/the-token-company
BeeSafe AI,,STARTUP,,,UNRESOLVED,https://www.ycombinator.com/companies/beesafe-ai
Fed10,,STARTUP,,,UNRESOLVED,https://www.ycombinator.com/companies/fed10
Inth,,STARTUP,,,UNRESOLVED,https://www.ycombinator.com/companies/inth
Squid,,STARTUP,,,UNRESOLVED,https://www.ycombinator.com/companies/squid
Crow,,STARTUP,,,UNRESOLVED,https://www.ycombinator.com/companies/crow
Foreman,,STARTUP,,,UNRESOLVED,https://www.ycombinator.com/companies/foreman
Booko,,STARTUP,,,UNRESOLVED,https://www.ycombinator.com/companies/booko
Corelayer,,STARTUP,,,UNRESOLVED,https://www.ycombinator.com/companies/corelayer
General Legal,,STARTUP,,,UNRESOLVED,https://www.ycombinator.com/companies/general-legal
Fort,,STARTUP,,,UNRESOLVED,https://www.ycombinator.com/companies/fort
Balance,,STARTUP,,,UNRESOLVED,https://www.ycombinator.com/companies/getbalance
Ekpa,,STARTUP,,,UNRESOLVED,https://www.ycombinator.com/companies/ekpa
Chasi,,STARTUP,,,UNRESOLVED,https://www.ycombinator.com/companies/chasi
Anchorhead,,STARTUP,,,UNRESOLVED,https://www.ycombinator.com/companies/anchorhead
o11,,STARTUP,,,UNRESOLVED,https://www.ycombinator.com/companies/o11
Doomersion,,STARTUP,,,UNRESOLVED,https://www.ycombinator.com/companies/doomersion
Sequence Markets,,STARTUP,,,UNRESOLVED,https://www.ycombinator.com/companies/sequence-markets
Libra Robotics,,STARTUP,,,UNRESOLVED,https://www.ycombinator.com/companies/libra-robotics
Ditto Biosciences,,STARTUP,,,UNRESOLVED,https://www.ycombinator.com/companies/ditto-biosciences
Servo7,,STARTUP,,,UNRESOLVED,https://www.ycombinator.com/companies/servo7
Datoric,,STARTUP,,,UNRESOLVED,https://www.ycombinator.com/companies/datoric
Superset,,STARTUP,,,UNRESOLVED,https://www.ycombinator.com/companies/superset
Netter,,STARTUP,,,UNRESOLVED,https://www.ycombinator.com/companies/netter
Voxel Energy,,STARTUP,,,UNRESOLVED,https://www.ycombinator.com/companies/voxel-energy
Polymath,,STARTUP,,,UNRESOLVED,https://www.ycombinator.com/companies/polymath
Archal,,STARTUP,,,UNRESOLVED,https://www.ycombinator.com/companies/archal
Bubble Lab,,STARTUP,,,UNRESOLVED,https://www.ycombinator.com/companies/bubble-lab
Pocket,,STARTUP,,,UNRESOLVED,https://www.ycombinator.com/companies/pocket
Byteport,,STARTUP,,,UNRESOLVED,https://www.ycombinator.com/companies/byteport
Constellation Space,,STARTUP,,,UNRESOLVED,https://www.ycombinator.com/companies/constellation-space
Sazabi,,STARTUP,,,UNRESOLVED,https://www.ycombinator.com/companies/sazabi
Mendral,,STARTUP,,,UNRESOLVED,https://www.ycombinator.com/companies/mendral
AxionOrbital Space,,STARTUP,,,UNRESOLVED,https://www.ycombinator.com/companies/axionorbital-space
Oximy,,STARTUP,,,UNRESOLVED,https://www.ycombinator.com/companies/oximy
Caretta,,STARTUP,,,UNRESOLVED,https://www.ycombinator.com/companies/caretta
Samora AI,,STARTUP,,,UNRESOLVED,https://www.ycombinator.com/companies/samora-ai
Human Archive,,STARTUP,,,UNRESOLVED,https://www.ycombinator.com/companies/human-archive
Forum,,STARTUP,,,UNRESOLVED,https://www.ycombinator.com/companies/forum
Sitefire,,STARTUP,,,UNRESOLVED,https://www.ycombinator.com/companies/sitefire
Robby,,STARTUP,,,UNRESOLVED,https://www.ycombinator.com/companies/robby
Ressl AI,Stability AI,STARTUP,fuzzy,85.5,RESOLVED,https://www.ycombinator.com/companies/ressl-ai
Emdash,,STARTUP,,,UNRESOLVED,https://www.ycombinator.com/companies/emdash
InventoryQuant,,STARTUP,,,UNRESOLVED,https://www.ycombinator.com/companies/inventoryquant
Congruent,,STARTUP,,,UNRESOLVED,https://www.ycombinator.com/companies/congruent
Reframe,,STARTUP,,,UNRESOLVED,https://www.ycombinator.com/companies/usereframe
Valence,,STARTUP,,,UNRESOLVED,https://www.ycombinator.com/companies/valence
9 Mothers,,STARTUP,,,UNRESOLVED,https://www.ycombinator.com/companies/9-mothers-corporation
Approxima,,STARTUP,,,UNRESOLVED,https://www.ycombinator.com/companies/approxima
Traverse,,STARTUP,,,UNRESOLVED,https://www.ycombinator.com/companies/traverse
Revion,,STARTUP,,,UNRESOLVED,https://www.ycombinator.com/companies/revion
Maywood,,STARTUP,,,UNRESOLVED,https://www.ycombinator.com/companies/maywood
Fenrock AI,,STARTUP,,,UNRESOLVED,https://www.ycombinator.com/companies/fenrock-ai
End Close,,STARTUP,,,UNRESOLVED,https://www.ycombinator.com/companies/end-close
Chamber,,STARTUP,,,UNRESOLVED,https://www.ycombinator.com/companies/chamber
Assemble,,STARTUP,,,UNRESOLVED,https://www.ycombinator.com/companies/assemble
Patientdesk.ai,,STARTUP,,,UNRESOLVED,https://www.ycombinator.com/companies/patientdeskai
Visibl Semiconductors,,STARTUP,,,UNRESOLVED,https://www.ycombinator.com/companies/visibl-semiconductors
Synthetic Sciences,,STARTUP,,,UNRESOLVED,https://www.ycombinator.com/companies/synthetic-sciences
Seeing Systems,,STARTUP,,,UNRESOLVED,https://www.ycombinator.com/companies/seeing-systems
Jinba,,STARTUP,,,UNRESOLVED,https://www.ycombinator.com/companies/jinba
Cardboard,,STARTUP,,,UNRESOLVED,https://www.ycombinator.com/companies/cardboard
Prana,,STARTUP,,,UNRESOLVED,https://www.ycombinator.com/companies/prana-health
Rhizome AI,,STARTUP,,,UNRESOLVED,https://www.ycombinator.com/companies/rhizome-ai
Pax Historia,,STARTUP,,,UNRESOLVED,https://www.ycombinator.com/companies/pax-historia
Parameter (fka Hex Security),,STARTUP,,,UNRESOLVED,https://www.ycombinator.com/companies/parameter-fka-hex-security
Laurence,,STARTUP,,,UNRESOLVED,https://www.ycombinator.com/companies/laurence
Terminal Use,,STARTUP,,,UNRESOLVED,https://www.ycombinator.com/companies/terminal-use
Overshoot,,STARTUP,,,UNRESOLVED,https://www.ycombinator.com/companies/overshoot
Cajal,,STARTUP,,,UNRESOLVED,https://www.ycombinator.com/companies/cajal-technologies
Proximitty,,STARTUP,,,UNRESOLVED,https://www.ycombinator.com/companies/proximitty
Instinct,,STARTUP,,,UNRESOLVED,https://www.ycombinator.com/companies/instinct-xyz
Stilta,,STARTUP,,,UNRESOLVED,https://www.ycombinator.com/companies/stilta
Unisson,,STARTUP,,,UNRESOLVED,https://www.ycombinator.com/companies/unisson
IncidentFox,,STARTUP,,,UNRESOLVED,https://www.ycombinator.com/companies/brownie
Compresr,,STARTUP,,,UNRESOLVED,https://www.ycombinator.com/companies/compresr
Opalite Health,,STARTUP,,,UNRESOLVED,https://www.ycombinator.com/companies/opalite-health
Confluence Labs,AI21 Labs,STARTUP,fuzzy,85.5,RESOLVED,https://www.ycombinator.com/companies/confluence-labs
Rapidfolio,,STARTUP,,,UNRESOLVED,https://www.ycombinator.com/companies/rapidfolio
Mango Medical,,STARTUP,,,UNRESOLVED,https://www.ycombinator.com/companies/mango-medical-inc
Sponge,,STARTUP,,,UNRESOLVED,https://www.ycombinator.com/companies/sponge
Terranox AI,Meta AI,STARTUP,fuzzy,85.5,RESOLVED,https://www.ycombinator.com/companies/terranox-ai
Drafted,,STARTUP,,,UNRESOLVED,https://www.ycombinator.com/companies/drafted
Ventura,,STARTUP,,,UNRESOLVED,https://www.ycombinator.com/companies/ventura
Q2Q,,STARTUP,,,UNRESOLVED,https://www.ycombinator.com/companies/q2q
Orthogonal,,STARTUP,,,UNRESOLVED,https://www.ycombinator.com/companies/orthogonal
Perfectly,,STARTUP,,,UNRESOLVED,https://www.ycombinator.com/companies/perfectly
Fern,,STARTUP,,,UNRESOLVED,https://www.ycombinator.com/companies/fern-bot
Sparkles,,STARTUP,,,UNRESOLVED,https://www.ycombinator.com/companies/sparkles
EigenPal,,STARTUP,,,UNRESOLVED,https://www.ycombinator.com/companies/eigenpal
Salus,,STARTUP,,,UNRESOLVED,https://www.ycombinator.com/companies/salus
Moritz,,STARTUP,,,UNRESOLVED,https://www.ycombinator.com/companies/moritz
RamAIn,,STARTUP,,,UNRESOLVED,https://www.ycombinator.com/companies/ramain
Milliray,,STARTUP,,,UNRESOLVED,https://www.ycombinator.com/companies/milliray
Beyond Reach Labs,AI21 Labs,STARTUP,fuzzy,85.5,RESOLVED,https://www.ycombinator.com/companies/beyond-reach-labs
OctaPulse,,STARTUP,,,UNRESOLVED,https://www.ycombinator.com/companies/octapulse
CodeWisp,,STARTUP,,,UNRESOLVED,https://www.ycombinator.com/companies/codewisp
Ashr,,STARTUP,,,UNRESOLVED,https://www.ycombinator.com/companies/ashr
Aemon,,STARTUP,,,UNRESOLVED,https://www.ycombinator.com/companies/aemon
Luel,,STARTUP,,,UNRESOLVED,https://www.ycombinator.com/companies/luel
Scheduling Wizard,,STARTUP,,,UNRESOLVED,https://www.ycombinator.com/companies/scheduling-wizard
RoboDock,,STARTUP,,,UNRESOLVED,https://www.ycombinator.com/companies/robodock
Skillsync,,STARTUP,,,UNRESOLVED,https://www.ycombinator.com/companies/skillsync
MouseCat,,STARTUP,,,UNRESOLVED,https://www.ycombinator.com/companies/mousecat
Zatanna,,STARTUP,,,UNRESOLVED,https://www.ycombinator.com/companies/zatanna
AutoSitu,,STARTUP,,,UNRESOLVED,https://www.ycombinator.com/companies/autositu
Verdex,,STARTUP,,,UNRESOLVED,https://www.ycombinator.com/companies/verdex
Cumulus Labs,,STARTUP,,,UNRESOLVED,https://www.ycombinator.com/companies/cumulus-labs
Tepali,,STARTUP,,,UNRESOLVED,https://www.ycombinator.com/companies/tepali
Palus Finance,,STARTUP,,,UNRESOLVED,https://www.ycombinator.com/companies/palus-finance
21st,,STARTUP,,,UNRESOLVED,https://www.ycombinator.com/companies/21st
Avoice,,STARTUP,,,UNRESOLVED,https://www.ycombinator.com/companies/avoice
Kyten Technologies,,STARTUP,,,UNRESOLVED,https://www.ycombinator.com/companies/kyten-technologies
ZeroSettle,,STARTUP,,,UNRESOLVED,https://www.ycombinator.com/companies/zerosettle
/dev/fast,,STARTUP,,,UNRESOLVED,https://www.ycombinator.com/companies/devfast
Cignara,,STARTUP,,,UNRESOLVED,https://www.ycombinator.com/companies/cignara
OpenSpec,,STARTUP,,,UNRESOLVED,https://www.ycombinator.com/companies/openspec
Piris Labs,,STARTUP,,,UNRESOLVED,https://www.ycombinator.com/companies/pirislabs
CellType,,STARTUP,,,UNRESOLVED,https://www.ycombinator.com/companies/celltype
Burt,,STARTUP,,,UNRESOLVED,https://www.ycombinator.com/companies/burt
Envariant,,STARTUP,,,UNRESOLVED,https://www.ycombinator.com/companies/envariant
Cascade,,STARTUP,,,UNRESOLVED,https://www.ycombinator.com/companies/cascade
Beacon Health,,STARTUP,,,UNRESOLVED,https://www.ycombinator.com/companies/beacon-health
Strand AI,,STARTUP,,,UNRESOLVED,https://www.ycombinator.com/companies/strand-ai
BaseFrame,,STARTUP,,,UNRESOLVED,https://www.ycombinator.com/companies/baseframe
Protent,,STARTUP,,,UNRESOLVED,https://www.ycombinator.com/companies/protent
Cofia,,STARTUP,,,UNRESOLVED,https://www.ycombinator.com/companies/cofia
Fuchsia,,STARTUP,,,UNRESOLVED,https://www.ycombinator.com/companies/fuchsia
LegalOS,,STARTUP,,,UNRESOLVED,https://www.ycombinator.com/companies/legalos
Sentrial,,STARTUP,,,UNRESOLVED,https://www.ycombinator.com/companies/sentrial
10x Science,,STARTUP,,,UNRESOLVED,https://www.ycombinator.com/companies/10x-science
REV1,,STARTUP,,,UNRESOLVED,https://www.ycombinator.com/companies/rev1
shortkit,,STARTUP,,,UNRESOLVED,https://www.ycombinator.com/companies/shortkit
Asimov,,STARTUP,,,UNRESOLVED,https://www.ycombinator.com/companies/asimov
Lexius,,STARTUP,,,UNRESOLVED,https://www.ycombinator.com/companies/lexius
Axis,,STARTUP,,,UNRESOLVED,https://www.ycombinator.com/companies/axis-2
Mirabelle,,STARTUP,,,UNRESOLVED,https://www.ycombinator.com/companies/mirabelle
Docura Health,,STARTUP,,,UNRESOLVED,https://www.ycombinator.com/companies/docura-health
Lance,,STARTUP,,,UNRESOLVED,https://www.ycombinator.com/companies/lance
RunAnywhere,,STARTUP,,,UNRESOLVED,https://www.ycombinator.com/companies/runanywhere
Lucent,,STARTUP,,,UNRESOLVED,https://www.ycombinator.com/companies/lucent
"Prescience, Inc.",,STARTUP,,,UNRESOLVED,https://www.ycombinator.com/companies/prescience-inc
Ruma Care,,STARTUP,,,UNRESOLVED,https://www.ycombinator.com/companies/ruma-care
Klaus AI,Stability AI,STARTUP,fuzzy,85.5,RESOLVED,https://www.ycombinator.com/companies/klaus-ai
Kita,,STARTUP,,,UNRESOLVED,https://www.ycombinator.com/companies/kita
Syntropy,,STARTUP,,,UNRESOLVED,https://www.ycombinator.com/companies/syntropy
One Robot,,STARTUP,,,UNRESOLVED,https://www.ycombinator.com/companies/one-robot
Didit,,STARTUP,,,UNRESOLVED,https://www.ycombinator.com/companies/didit
Panta,,STARTUP,,,UNRESOLVED,https://www.ycombinator.com/companies/panta
Imperfect,,STARTUP,,,UNRESOLVED,https://www.ycombinator.com/companies/imperfect
TrustAI,,STARTUP,,,UNRESOLVED,https://www.ycombinator.com/companies/trustai
Payna,,STARTUP,,,UNRESOLVED,https://www.ycombinator.com/companies/payna
Origin,,STARTUP,,,UNRESOLVED,https://www.ycombinator.com/companies/origin-bio
Clara,,STARTUP,,,UNRESOLVED,https://www.ycombinator.com/companies/clara-2
Hlabs,,STARTUP,,,UNRESOLVED,https://www.ycombinator.com/companies/hlabs
Eos AI,Mistral AI,STARTUP,fuzzy,85.5,RESOLVED,https://www.ycombinator.com/companies/eos-ai
Valgo,,STARTUP,,,UNRESOLVED,https://www.ycombinator.com/companies/valgo
ARC Prize Foundation,,STARTUP,,,UNRESOLVED,https://www.ycombinator.com/companies/arc-prize-foundation
Corvera,,STARTUP,,,UNRESOLVED,https://www.ycombinator.com/companies/corvera
FullSeam,,STARTUP,,,UNRESOLVED,https://www.ycombinator.com/companies/fullseam
Waddle Labs,,STARTUP,,,UNRESOLVED,https://www.ycombinator.com/companies/waddle-labs
Linzumi,,STARTUP,,,UNRESOLVED,https://www.ycombinator.com/companies/linzumi
Advanced Metal Research,,STARTUP,,,UNRESOLVED,https://www.ycombinator.com/companies/advanced-metal-research
Ploy,,STARTUP,,,UNRESOLVED,https://www.ycombinator.com/companies/ploy
CatchBack Cards,,STARTUP,,,UNRESOLVED,https://www.ycombinator.com/companies/catchback-cards
Mantis,,STARTUP,,,UNRESOLVED,https://www.ycombinator.com/companies/mantis
Haladir,,STARTUP,,,UNRESOLVED,https://www.ycombinator.com/companies/haladir
ClaimGlide,,STARTUP,,,UNRESOLVED,https://www.ycombinator.com/companies/claimglide
Inviscid AI,Meta AI,STARTUP,fuzzy,85.5,RESOLVED,https://www.ycombinator.com/companies/inviscid-ai
Coasts,,STARTUP,,,UNRESOLVED,https://www.ycombinator.com/companies/coasts
Zephyr Fusion,,STARTUP,,,UNRESOLVED,https://www.ycombinator.com/companies/zephyr-fusion
Mayflower,,STARTUP,,,UNRESOLVED,https://www.ycombinator.com/companies/mayflower
Ndea,,STARTUP,,,UNRESOLVED,https://www.ycombinator.com/companies/ndea-com
item,,STARTUP,,,UNRESOLVED,https://www.ycombinator.com/companies/item
Crosslayer Labs,AI21 Labs,STARTUP,fuzzy,85.5,RESOLVED,https://www.ycombinator.com/companies/crosslayer-labs
Rivet,,STARTUP,,,UNRESOLVED,https://www.ycombinator.com/companies/rivet-design
Openroll,,STARTUP,,,UNRESOLVED,https://www.ycombinator.com/companies/openroll
Amika,,STARTUP,,,UNRESOLVED,https://www.ycombinator.com/companies/amika
Specific Labs,,STARTUP,,,UNRESOLVED,https://www.ycombinator.com/companies/specific-labs
Moss,,STARTUP,,,UNRESOLVED,https://www.ycombinator.com/companies/moss
Zarna,,STARTUP,,,UNRESOLVED,https://www.ycombinator.com/companies/zarna
MarkIt,,STARTUP,,,UNRESOLVED,https://www.ycombinator.com/companies/markit
Dome,,STARTUP,,,UNRESOLVED,https://www.ycombinator.com/companies/dome
Voltair,,STARTUP,,,UNRESOLVED,https://www.ycombinator.com/companies/voltair
Clicks Health,,STARTUP,,,UNRESOLVED,https://www.ycombinator.com/companies/clicks-health
Fastshot,,STARTUP,,,UNRESOLVED,https://www.ycombinator.com/companies/fastshot
Vector Legal,,STARTUP,,,UNRESOLVED,https://www.ycombinator.com/companies/vector-legal
Antigen,,STARTUP,,,UNRESOLVED,https://www.ycombinator.com/companies/antigen
LunaBill,,STARTUP,,,UNRESOLVED,https://www.ycombinator.com/companies/lunabill
Axial,,STARTUP,,,UNRESOLVED,https://www.ycombinator.com/companies/axial
Velvet,,STARTUP,,,UNRESOLVED,https://www.ycombinator.com/companies/velvet
DiligenceSquared,,STARTUP,,,UNRESOLVED,https://www.ycombinator.com/companies/diligencesquared-inc
Amera,,STARTUP,,,UNRESOLVED,https://www.ycombinator.com/companies/amera
Forge Robotics,,STARTUP,,,UNRESOLVED,https://www.ycombinator.com/companies/forge-robotics
Bluma,,STARTUP,,,UNRESOLVED,https://www.ycombinator.com/companies/bluma
Lightberry,,STARTUP,,,UNRESOLVED,https://www.ycombinator.com/companies/lightberry
The Hog,,STARTUP,,,UNRESOLVED,https://www.ycombinator.com/companies/the-hog
Layers,,STARTUP,,,UNRESOLVED,https://www.ycombinator.com/companies/layers
Boom AI,Stability AI,STARTUP,fuzzy,85.5,RESOLVED,https://www.ycombinator.com/companies/boom-ai
Freeport Markets,,STARTUP,,,UNRESOLVED,https://www.ycombinator.com/companies/freeport-markets
Miniswap,,STARTUP,,,UNRESOLVED,https://www.ycombinator.com/companies/miniswap
Rovi Health,,STARTUP,,,UNRESOLVED,https://www.ycombinator.com/companies/rovi-health
MadeThis,,STARTUP,,,UNRESOLVED,https://www.ycombinator.com/companies/madethis
General Astronautics,,STARTUP,,,UNRESOLVED,https://www.ycombinator.com/companies/generalastro
Jarmin,,STARTUP,,,UNRESOLVED,https://www.ycombinator.com/companies/jarmin
Exonic,,STARTUP,,,UNRESOLVED,https://www.ycombinator.com/companies/exonic
Lemma,,STARTUP,,,UNRESOLVED,https://www.ycombinator.com/companies/uselemma
Perseus,,STARTUP,,,UNRESOLVED,https://www.ycombinator.com/companies/perseus
Karumi,,STARTUP,,,UNRESOLVED,https://www.ycombinator.com/companies/karumi
Icarus,,STARTUP,,,UNRESOLVED,https://www.ycombinator.com/companies/icarus
Sava,,STARTUP,,,UNRESOLVED,https://www.ycombinator.com/companies/savahq
TakeCareOS,,STARTUP,,,UNRESOLVED,https://www.ycombinator.com/companies/takecareos
Denki,,STARTUP,,,UNRESOLVED,https://www.ycombinator.com/companies/denki
Metorial,,STARTUP,,,UNRESOLVED,https://www.ycombinator.com/companies/metorial
Kalpa Labs,,STARTUP,,,UNRESOLVED,https://www.ycombinator.com/companies/kalpa-labs
Absurd,,STARTUP,,,UNRESOLVED,https://www.ycombinator.com/companies/absurd
Clad Labs,,STARTUP,,,UNRESOLVED,https://www.ycombinator.com/companies/clad-labs
Automax.ai,xAI,STARTUP,fuzzy,90.0,RESOLVED,https://www.ycombinator.com/companies/automax-ai
Specific,,STARTUP,,,UNRESOLVED,https://www.ycombinator.com/companies/specific
Primer,,STARTUP,,,UNRESOLVED,https://www.ycombinator.com/companies/primer
Narrative,,STARTUP,,,UNRESOLVED,https://www.ycombinator.com/companies/usenarrative
Crunched,,STARTUP,,,UNRESOLVED,https://www.ycombinator.com/companies/crunched
Lua Global Inc,,STARTUP,,,UNRESOLVED,https://www.ycombinator.com/companies/lua-global-inc
Philon,,STARTUP,,,UNRESOLVED,https://www.ycombinator.com/companies/philon
Sourcebot,,STARTUP,,,UNRESOLVED,https://www.ycombinator.com/companies/sourcebot
Zalos,,STARTUP,,,UNRESOLVED,https://www.ycombinator.com/companies/zalos
Prism,,STARTUP,,,UNRESOLVED,https://www.ycombinator.com/companies/tryprism
Aside,,STARTUP,,,UNRESOLVED,https://www.ycombinator.com/companies/aside
Scott AI,Stability AI,STARTUP,fuzzy,85.5,RESOLVED,https://www.ycombinator.com/companies/scott-ai
Everest,,STARTUP,,,UNRESOLVED,https://www.ycombinator.com/companies/everest
Expected Parrot,,STARTUP,,,UNRESOLVED,https://www.ycombinator.com/companies/expected-parrot
Imagine AI,,STARTUP,,,UNRESOLVED,https://www.ycombinator.com/companies/imagine-ai
Anto Biosciences,,STARTUP,,,UNRESOLVED,https://www.ycombinator.com/companies/anto-biosciences
Patent Watch,,STARTUP,,,UNRESOLVED,https://www.ycombinator.com/companies/patent-watch
s2.dev,,STARTUP,,,UNRESOLVED,https://www.ycombinator.com/companies/s2-dev
Tornyol,,STARTUP,,,UNRESOLVED,https://www.ycombinator.com/companies/tornyol
Nucleo,,STARTUP,,,UNRESOLVED,https://www.ycombinator.com/companies/nucleo
Leadbay,,STARTUP,,,UNRESOLVED,https://www.ycombinator.com/companies/leadbay
Pixley AI,,STARTUP,,,UNRESOLVED,https://www.ycombinator.com/companies/pixley-ai
Cortex AI,,STARTUP,,,UNRESOLVED,https://www.ycombinator.com/companies/cortex-ai
Sol,,STARTUP,,,UNRESOLVED,https://www.ycombinator.com/companies/solbrowser
Thesis,,STARTUP,,,UNRESOLVED,https://www.ycombinator.com/companies/thesis
Oxus,,STARTUP,,,UNRESOLVED,https://www.ycombinator.com/companies/oxus
Play Health,,STARTUP,,,UNRESOLVED,https://www.ycombinator.com/companies/play-health
Casey,,STARTUP,,,UNRESOLVED,https://www.ycombinator.com/companies/casey
Selfin,,STARTUP,,,UNRESOLVED,https://www.ycombinator.com/companies/selfin
Compyle,,STARTUP,,,UNRESOLVED,https://www.ycombinator.com/companies/compyle
Lexi,Perplexity AI,STARTUP,fuzzy,90.0,RESOLVED,https://www.ycombinator.com/companies/lexi
Codyco,,STARTUP,,,UNRESOLVED,https://www.ycombinator.com/companies/codyco
ComplyDo,,STARTUP,,,UNRESOLVED,https://www.ycombinator.com/companies/complydo
Bravi,,STARTUP,,,UNRESOLVED,https://www.ycombinator.com/companies/bravi
Rovr,,STARTUP,,,UNRESOLVED,https://www.ycombinator.com/companies/rovr
FinalDose,,STARTUP,,,UNRESOLVED,https://www.ycombinator.com/companies/finaldose
Sunflower,,STARTUP,,,UNRESOLVED,https://www.ycombinator.com/companies/sunflower
Captain,,STARTUP,,,UNRESOLVED,https://www.ycombinator.com/companies/captain
Redapto,,STARTUP,,,UNRESOLVED,https://www.ycombinator.com/companies/redapto
Helonic,,STARTUP,,,UNRESOLVED,https://www.ycombinator.com/companies/helonic
Aleph Lab,,STARTUP,,,UNRESOLVED,https://www.ycombinator.com/companies/aleph-lab
Logical,,STARTUP,,,UNRESOLVED,https://www.ycombinator.com/companies/logical
Agentic Fabriq,,STARTUP,,,UNRESOLVED,https://www.ycombinator.com/companies/agentic-fabriq
Travo,,STARTUP,,,UNRESOLVED,https://www.ycombinator.com/companies/travo
Tensr,,STARTUP,,,UNRESOLVED,https://www.ycombinator.com/companies/tensr
Kestrel AI,,STARTUP,,,UNRESOLVED,https://www.ycombinator.com/companies/kestrel-ai
LogosGuard,,STARTUP,,,UNRESOLVED,https://www.ycombinator.com/companies/logosguard
Sciloop,,STARTUP,,,UNRESOLVED,https://www.ycombinator.com/companies/sciloop
Multifactor,,STARTUP,,,UNRESOLVED,https://www.ycombinator.com/companies/multifactor
Allus AI,Stability AI,STARTUP,fuzzy,85.5,RESOLVED,https://www.ycombinator.com/companies/allus-ai
Unsiloed AI,Meta AI,STARTUP,fuzzy,85.5,RESOLVED,https://www.ycombinator.com/companies/unsiloed-ai
SF Tensor,,STARTUP,,,UNRESOLVED,https://www.ycombinator.com/companies/sf-tensor
AnswerThis,,STARTUP,,,UNRESOLVED,https://www.ycombinator.com/companies/answerthis
Terrain,,STARTUP,,,UNRESOLVED,https://www.ycombinator.com/companies/terrain
Lakonia,,STARTUP,,,UNRESOLVED,https://www.ycombinator.com/companies/lakonia
SellRaze,,STARTUP,,,UNRESOLVED,https://www.ycombinator.com/companies/sellraze
Clerked,,STARTUP,,,UNRESOLVED,https://www.ycombinator.com/companies/clerked
Semble AI,,STARTUP,,,UNRESOLVED,https://www.ycombinator.com/companies/semble-ai
Flick,,STARTUP,,,UNRESOLVED,https://www.ycombinator.com/companies/flick
hillclimb,,STARTUP,,,UNRESOLVED,https://www.ycombinator.com/companies/hillclimb
AtlasGrid,,STARTUP,,,UNRESOLVED,https://www.ycombinator.com/companies/atlasgrid
Wardstone,,STARTUP,,,UNRESOLVED,https://www.ycombinator.com/companies/wardstone
Nessie,,STARTUP,,,UNRESOLVED,https://www.ycombinator.com/companies/nessie
Hypercubic,,STARTUP,,,UNRESOLVED,https://www.ycombinator.com/companies/hypercubic
Cranston AI,Meta AI,STARTUP,fuzzy,85.5,RESOLVED,https://www.ycombinator.com/companies/cranston-ai
Trelium,,STARTUP,,,UNRESOLVED,https://www.ycombinator.com/companies/trelium
Velum Labs,,STARTUP,,,UNRESOLVED,https://www.ycombinator.com/companies/velum-labs
Veria Labs,,STARTUP,,,UNRESOLVED,https://www.ycombinator.com/companies/veria-labs
Minro,,STARTUP,,,UNRESOLVED,https://www.ycombinator.com/companies/minro
Tell if AI,,STARTUP,,,UNRESOLVED,https://www.ycombinator.com/companies/tell-if-ai
Bron,,STARTUP,,,UNRESOLVED,https://www.ycombinator.com/companies/bron
Koyal,,STARTUP,,,UNRESOLVED,https://www.ycombinator.com/companies/koyal
Kaigo Health,,STARTUP,,,UNRESOLVED,https://www.ycombinator.com/companies/kaigo-health
Norra,,STARTUP,,,UNRESOLVED,https://www.ycombinator.com/companies/norra
Soren,,STARTUP,,,UNRESOLVED,https://www.ycombinator.com/companies/soren
Lunavo,,STARTUP,,,UNRESOLVED,https://www.ycombinator.com/companies/lunavo
dari.dev,,STARTUP,,,UNRESOLVED,https://www.ycombinator.com/companies/daridev
The Context Company,,STARTUP,,,UNRESOLVED,https://www.ycombinator.com/companies/the-context-company
Sorce,,STARTUP,,,UNRESOLVED,https://www.ycombinator.com/companies/sorce
Caddy,,STARTUP,,,UNRESOLVED,https://www.ycombinator.com/companies/caddy
Alt-X,,STARTUP,,,UNRESOLVED,https://www.ycombinator.com/companies/alt-x
Locus,,STARTUP,,,UNRESOLVED,https://www.ycombinator.com/companies/locus
Deeptrace,,STARTUP,,,UNRESOLVED,https://www.ycombinator.com/companies/deeptrace
Aspect,,STARTUP,,,UNRESOLVED,https://www.ycombinator.com/companies/aspect-inc
Scoop,,STARTUP,,,UNRESOLVED,https://www.ycombinator.com/companies/scoop
Hyperspell,,STARTUP,,,UNRESOLVED,https://www.ycombinator.com/companies/hyperspell
Bolna AI,Stability AI,STARTUP,fuzzy,85.5,RESOLVED,https://www.ycombinator.com/companies/bolna-ai
Nexus,,STARTUP,,,UNRESOLVED,https://www.ycombinator.com/companies/gpt
Sylvian,,STARTUP,,,UNRESOLVED,https://www.ycombinator.com/companies/sylvian
Zavo,,STARTUP,,,UNRESOLVED,https://www.ycombinator.com/companies/zavo
MOVEdot,,STARTUP,,,UNRESOLVED,https://www.ycombinator.com/companies/movedot
Parrot,,STARTUP,,,UNRESOLVED,https://www.ycombinator.com/companies/parrot
Brickwise,,STARTUP,,,UNRESOLVED,https://www.ycombinator.com/companies/brickwise
Parse,,STARTUP,,,UNRESOLVED,https://www.ycombinator.com/companies/parse-bot
Structured AI,Meta AI,STARTUP,fuzzy,85.5,RESOLVED,https://www.ycombinator.com/companies/structured-ai
Uplane,,STARTUP,,,UNRESOLVED,https://www.ycombinator.com/companies/uplane
AirCaps,,STARTUP,,,UNRESOLVED,https://www.ycombinator.com/companies/aircaps
Brickanta,,STARTUP,,,UNRESOLVED,https://www.ycombinator.com/companies/brickanta
F2,,STARTUP,,,UNRESOLVED,https://www.ycombinator.com/companies/f2
Remedy,,STARTUP,,,UNRESOLVED,https://www.ycombinator.com/companies/remedy
Semiotic,,STARTUP,,,UNRESOLVED,https://www.ycombinator.com/companies/semiotic
Lapis,,STARTUP,,,UNRESOLVED,https://www.ycombinator.com/companies/lapis
Efference,,STARTUP,,,UNRESOLVED,https://www.ycombinator.com/companies/efference
Nox Metals,,STARTUP,,,UNRESOLVED,https://www.ycombinator.com/companies/nox-metals
Digipals,,STARTUP,,,UNRESOLVED,https://www.ycombinator.com/companies/digipals
Blue,,STARTUP,,,UNRESOLVED,https://www.ycombinator.com/companies/blue
Mixy,,STARTUP,,,UNRESOLVED,https://www.ycombinator.com/companies/mixy
Paloma,,STARTUP,,,UNRESOLVED,https://www.ycombinator.com/companies/paloma
Uplift AI,,STARTUP,,,UNRESOLVED,https://www.ycombinator.com/companies/uplift-ai
RealRoots,,STARTUP,,,UNRESOLVED,https://www.ycombinator.com/companies/realroots
Luminal,,STARTUP,,,UNRESOLVED,https://www.ycombinator.com/companies/luminal
Freya,,STARTUP,,,UNRESOLVED,https://www.ycombinator.com/companies/freya
burnt,,STARTUP,,,UNRESOLVED,https://www.ycombinator.com/companies/burnt
Avent,,STARTUP,,,UNRESOLVED,https://www.ycombinator.com/companies/avent
Ruvo,,STARTUP,,,UNRESOLVED,https://www.ycombinator.com/companies/ruvo
Veritus,,STARTUP,,,UNRESOLVED,https://www.ycombinator.com/companies/veritus
Sapien,,STARTUP,,,UNRESOLVED,https://www.ycombinator.com/companies/outrove
NOSO LABS,,STARTUP,,,UNRESOLVED,https://www.ycombinator.com/companies/noso-labs
Vulcan Technologies,,STARTUP,,,UNRESOLVED,https://www.ycombinator.com/companies/vulcan-technologies
Bizzy AI,Stability AI,STARTUP,fuzzy,85.5,RESOLVED,https://www.ycombinator.com/companies/geo-ai
Spotlight Realty,,STARTUP,,,UNRESOLVED,https://www.ycombinator.com/companies/spotlight-realty
Interfere,,STARTUP,,,UNRESOLVED,https://www.ycombinator.com/companies/interfere
Munify,,STARTUP,,,UNRESOLVED,https://www.ycombinator.com/companies/munify
RowFlow,,STARTUP,,,UNRESOLVED,https://www.ycombinator.com/companies/rowflow
TectoAI,,STARTUP,,,UNRESOLVED,https://www.ycombinator.com/companies/tectoai
Duranium,,STARTUP,,,UNRESOLVED,https://www.ycombinator.com/companies/duranium
Smartbase,,STARTUP,,,UNRESOLVED,https://www.ycombinator.com/companies/smartbase
Perspectives Health,,STARTUP,,,UNRESOLVED,https://www.ycombinator.com/companies/perspectives-health
Modelence,,STARTUP,,,UNRESOLVED,https://www.ycombinator.com/companies/modelence
Magnetic,,STARTUP,,,UNRESOLVED,https://www.ycombinator.com/companies/magnetic
Fleetline,,STARTUP,,,UNRESOLVED,https://www.ycombinator.com/companies/fleetline
CLODO,,STARTUP,,,UNRESOLVED,https://www.ycombinator.com/companies/clodo
stagewise,,STARTUP,,,UNRESOLVED,https://www.ycombinator.com/companies/stagewise
Flywheel AI,Meta AI,STARTUP,fuzzy,85.5,RESOLVED,https://www.ycombinator.com/companies/flywheel-ai
Button Computer,,STARTUP,,,UNRESOLVED,https://www.ycombinator.com/companies/button-computer
Juxta,,STARTUP,,,UNRESOLVED,https://www.ycombinator.com/companies/juxta
Okibi,,STARTUP,,,UNRESOLVED,https://www.ycombinator.com/companies/okibi
Forward,,STARTUP,,,UNRESOLVED,https://www.ycombinator.com/companies/useforward
Qokedas,,STARTUP,,,UNRESOLVED,https://www.ycombinator.com/companies/qokedas
herdr,,STARTUP,,,UNRESOLVED,https://www.ycombinator.com/companies/herdr
Lambda Robotics,,STARTUP,,,UNRESOLVED,https://www.ycombinator.com/companies/lambda-robotics
Conifer,,STARTUP,,,UNRESOLVED,https://www.ycombinator.com/companies/conifer
Simantic,,STARTUP,,,UNRESOLVED,https://www.ycombinator.com/companies/simantic
Experiential Labs,AI21 Labs,STARTUP,fuzzy,85.5,RESOLVED,https://www.ycombinator.com/companies/experiential-labs
Edviro,,STARTUP,,,UNRESOLVED,https://www.ycombinator.com/companies/edviro
Coasty,,STARTUP,,,UNRESOLVED,https://www.ycombinator.com/companies/coasty
Caution,,STARTUP,,,UNRESOLVED,https://www.ycombinator.com/companies/caution
Atomarine,,STARTUP,,,UNRESOLVED,https://www.ycombinator.com/companies/atomarine
Billow AI Labs,Meta AI,STARTUP,fuzzy,85.5,RESOLVED,https://www.ycombinator.com/companies/billow-ai-labs
hardware intelligence,,STARTUP,,,UNRESOLVED,https://www.ycombinator.com/companies/hardware-intelligence
Osseus,,STARTUP,,,UNRESOLVED,https://www.ycombinator.com/companies/osseus
Salem Robotics Inc,,STARTUP,,,UNRESOLVED,https://www.ycombinator.com/companies/salem-robotics-inc
Robocurve,,STARTUP,,,UNRESOLVED,https://www.ycombinator.com/companies/robocurve
hiloop,,STARTUP,,,UNRESOLVED,https://www.ycombinator.com/companies/hiloop
Dawn Industries,,STARTUP,,,UNRESOLVED,https://www.ycombinator.com/companies/dawn-industries
Nex,,STARTUP,,,UNRESOLVED,https://www.ycombinator.com/companies/nex
OneCLI,,STARTUP,,,UNRESOLVED,https://www.ycombinator.com/companies/onecli
Wondering,,STARTUP,,,UNRESOLVED,https://www.ycombinator.com/companies/wondering
Tracer,,STARTUP,,,UNRESOLVED,https://www.ycombinator.com/companies/tracer
Amulet,,STARTUP,,,UNRESOLVED,https://www.ycombinator.com/companies/amulet
Avoca Systems,,STARTUP,,,UNRESOLVED,https://www.ycombinator.com/companies/avoca-systems
SubVysion,,STARTUP,,,UNRESOLVED,https://www.ycombinator.com/companies/subvysion
"SpaceFlow Technologies, Inc.",,STARTUP,,,UNRESOLVED,https://www.ycombinator.com/companies/spaceflow-technologies-inc
Petrarch,,STARTUP,,,UNRESOLVED,https://www.ycombinator.com/companies/petrarch
Locke,,STARTUP,,,UNRESOLVED,https://www.ycombinator.com/companies/locke
Florin,,STARTUP,,,UNRESOLVED,https://www.ycombinator.com/companies/florin
Earendil Robotics,,STARTUP,,,UNRESOLVED,https://www.ycombinator.com/companies/earendil-robotics
Hebbian Robotics,,STARTUP,,,UNRESOLVED,https://www.ycombinator.com/companies/hebbian-robotics
Hop Aero,,STARTUP,,,UNRESOLVED,https://www.ycombinator.com/companies/hop-aero
Agent FM,,STARTUP,,,UNRESOLVED,https://www.ycombinator.com/companies/agent-fm
OpenRelay,,STARTUP,,,UNRESOLVED,https://www.ycombinator.com/companies/openrelay
Dock,,STARTUP,,,UNRESOLVED,https://www.ycombinator.com/companies/dock
HyperProbe,,STARTUP,,,UNRESOLVED,https://www.ycombinator.com/companies/hyperprobe
Grip,,STARTUP,,,UNRESOLVED,https://www.ycombinator.com/companies/grip
Skymerse,,STARTUP,,,UNRESOLVED,https://www.ycombinator.com/companies/skymerse
Hubble,,STARTUP,,,UNRESOLVED,https://www.ycombinator.com/companies/hubble-ai
Palisade,,STARTUP,,,UNRESOLVED,https://www.ycombinator.com/companies/palisade-2
83 Sciences,,STARTUP,,,UNRESOLVED,https://www.ycombinator.com/companies/83-sciences
Chromie,,STARTUP,,,UNRESOLVED,https://www.ycombinator.com/companies/chromie
Lamb Labs,,STARTUP,,,UNRESOLVED,https://www.ycombinator.com/companies/lamb-labs
Mireye,,STARTUP,,,UNRESOLVED,https://www.ycombinator.com/companies/mireye
Derya,,STARTUP,,,UNRESOLVED,https://www.ycombinator.com/companies/derya
Decawork,,STARTUP,,,UNRESOLVED,https://www.ycombinator.com/companies/decawork
CarSignal,,STARTUP,,,UNRESOLVED,https://www.ycombinator.com/companies/carsignal
Axelrod,,STARTUP,,,UNRESOLVED,https://www.ycombinator.com/companies/axelrod
Levocred AI,Meta AI,STARTUP,fuzzy,85.5,RESOLVED,https://www.ycombinator.com/companies/levocred-ai
Praxis AI,,STARTUP,,,UNRESOLVED,https://www.ycombinator.com/companies/praxis-ai-2
Care GP,,STARTUP,,,UNRESOLVED,https://www.ycombinator.com/companies/care-gp
Radley,,STARTUP,,,UNRESOLVED,https://www.ycombinator.com/companies/radley
Agnost AI,,STARTUP,,,UNRESOLVED,https://www.ycombinator.com/companies/agnost-ai
Agentcard,,STARTUP,,,UNRESOLVED,https://www.ycombinator.com/companies/agentcard
ProvenMetal,,STARTUP,,,UNRESOLVED,https://www.ycombinator.com/companies/provenmetal
Gamgee,,STARTUP,,,UNRESOLVED,https://www.ycombinator.com/companies/gamgee
Inkbox,,STARTUP,,,UNRESOLVED,https://www.ycombinator.com/companies/inkbox
Operon,,STARTUP,,,UNRESOLVED,https://www.ycombinator.com/companies/operon
Cosmic Robotics,,STARTUP,,,UNRESOLVED,https://www.ycombinator.com/companies/cosmic-robotics
Markov,,STARTUP,,,UNRESOLVED,https://www.ycombinator.com/companies/markov
Lumeria,,STARTUP,,,UNRESOLVED,https://www.ycombinator.com/companies/lumeria
Marengo,,STARTUP,,,UNRESOLVED,https://www.ycombinator.com/companies/marengo
RonanRx Inc.,,STARTUP,,,UNRESOLVED,https://www.ycombinator.com/companies/ronanrx-inc
Executor,,STARTUP,,,UNRESOLVED,https://www.ycombinator.com/companies/executor
Last Accounting Company,,STARTUP,,,UNRESOLVED,https://www.ycombinator.com/companies/last-accounting-company
Pacific,,STARTUP,,,UNRESOLVED,https://www.ycombinator.com/companies/pacific
Luca IQ,,STARTUP,,,UNRESOLVED,https://www.ycombinator.com/companies/luca-iq
Computable,,STARTUP,,,UNRESOLVED,https://www.ycombinator.com/companies/computable
Denta,,STARTUP,,,UNRESOLVED,https://www.ycombinator.com/companies/denta
Isengard Industries Inc,,STARTUP,,,UNRESOLVED,https://www.ycombinator.com/companies/isengard-industries-inc
Ekho Labs,,STARTUP,,,UNRESOLVED,https://www.ycombinator.com/companies/ekho-labs
Vestris,,STARTUP,,,UNRESOLVED,https://www.ycombinator.com/companies/vestris
Ultrasonium,,STARTUP,,,UNRESOLVED,https://www.ycombinator.com/companies/ultrasonium
Arbital,,STARTUP,,,UNRESOLVED,https://www.ycombinator.com/companies/arbital
PokerClubHub,,STARTUP,,,UNRESOLVED,https://www.ycombinator.com/companies/pokerclubhub
Neuron Industries,,STARTUP,,,UNRESOLVED,https://www.ycombinator.com/companies/neuron-industries
Neuromorphic,,STARTUP,,,UNRESOLVED,https://www.ycombinator.com/companies/neuromorphic
LATO,,STARTUP,,,UNRESOLVED,https://www.ycombinator.com/companies/lato
Risklytics,,STARTUP,,,UNRESOLVED,https://www.ycombinator.com/companies/risklytics
Daqstra,,STARTUP,,,UNRESOLVED,https://www.ycombinator.com/companies/daqstra
Qlo,,STARTUP,,,UNRESOLVED,https://www.ycombinator.com/companies/qlo
Fabraix,,STARTUP,,,UNRESOLVED,https://www.ycombinator.com/companies/fabraix
Omanta,,STARTUP,,,UNRESOLVED,https://www.ycombinator.com/companies/omanta
Rational,,STARTUP,,,UNRESOLVED,https://www.ycombinator.com/companies/rational
Aktoria Robotics,,STARTUP,,,UNRESOLVED,https://www.ycombinator.com/companies/aktoria-robotics
Vendo,,STARTUP,,,UNRESOLVED,https://www.ycombinator.com/companies/vendo
Click,,STARTUP,,,UNRESOLVED,https://www.ycombinator.com/companies/click
Whitespace,,STARTUP,,,UNRESOLVED,https://www.ycombinator.com/companies/whitespace
Orvixo,,STARTUP,,,UNRESOLVED,https://www.ycombinator.com/companies/orvixo
Almanac,,STARTUP,,,UNRESOLVED,https://www.ycombinator.com/companies/almanac
TareBio,,STARTUP,,,UNRESOLVED,https://www.ycombinator.com/companies/tarebio
Greypoint Industries,,STARTUP,,,UNRESOLVED,https://www.ycombinator.com/companies/greypoint-industries
Graphify Labs,,STARTUP,,,UNRESOLVED,https://www.ycombinator.com/companies/graphify-labs
Ooak Data,,STARTUP,,,UNRESOLVED,https://www.ycombinator.com/companies/ooak-data
Nori,,STARTUP,,,UNRESOLVED,https://www.ycombinator.com/companies/noril1
6thSense,,STARTUP,,,UNRESOLVED,https://www.ycombinator.com/companies/6thsense
Bloomy,,STARTUP,,,UNRESOLVED,https://www.ycombinator.com/companies/bloomy
machine0,,STARTUP,,,UNRESOLVED,https://www.ycombinator.com/companies/machine0
Pluto,,STARTUP,,,UNRESOLVED,https://www.ycombinator.com/companies/talentpluto
FlowManual,,STARTUP,,,UNRESOLVED,https://www.ycombinator.com/companies/flowmanual
Stratum Industries,,STARTUP,,,UNRESOLVED,https://www.ycombinator.com/companies/stratum-industries
Peer,,STARTUP,,,UNRESOLVED,https://www.ycombinator.com/companies/peer
Molagri,,STARTUP,,,UNRESOLVED,https://www.ycombinator.com/companies/molagri
Cerenovus,,STARTUP,,,UNRESOLVED,https://www.ycombinator.com/companies/cerenovus
Agency Tool Company,,STARTUP,,,UNRESOLVED,https://www.ycombinator.com/companies/agency-tool-company
Standard Machines,,STARTUP,,,UNRESOLVED,https://www.ycombinator.com/companies/standard-machines
Traceforce,,STARTUP,,,UNRESOLVED,https://www.ycombinator.com/companies/traceforce
Definite,,STARTUP,,,UNRESOLVED,https://www.ycombinator.com/companies/definite
Alkera AI,,STARTUP,,,UNRESOLVED,https://www.ycombinator.com/companies/alkera-ai
Rasyn,,STARTUP,,,UNRESOLVED,https://www.ycombinator.com/companies/rasyn
Manifold,,STARTUP,,,UNRESOLVED,https://www.ycombinator.com/companies/manifold-2
screenpipe,,STARTUP,,,UNRESOLVED,https://www.ycombinator.com/companies/screenpipe
Zaplar,,STARTUP,,,UNRESOLVED,https://www.ycombinator.com/companies/zaplar
Prodigy Research,,STARTUP,,,UNRESOLVED,https://www.ycombinator.com/companies/prodigy-research
Touchmark,,STARTUP,,,UNRESOLVED,https://www.ycombinator.com/companies/touchmark
Exosat,,STARTUP,,,UNRESOLVED,https://www.ycombinator.com/companies/exosat
Codag,,STARTUP,,,UNRESOLVED,https://www.ycombinator.com/companies/codag
Context.dev,,STARTUP,,,UNRESOLVED,https://www.ycombinator.com/companies/contextdev
Glen,Glean,STARTUP,fuzzy,88.88888888888889,RESOLVED,https://www.ycombinator.com/companies/glen
Stoa,,STARTUP,,,UNRESOLVED,https://www.ycombinator.com/companies/stoa
Marble,,STARTUP,,,UNRESOLVED,https://www.ycombinator.com/companies/joinmarble
Audun,,STARTUP,,,UNRESOLVED,https://www.ycombinator.com/companies/audun
COACH,,STARTUP,,,UNRESOLVED,https://www.ycombinator.com/companies/ai-coach
Alloovium,,STARTUP,,,UNRESOLVED,https://www.ycombinator.com/companies/alloovium
Dialogus,,STARTUP,,,UNRESOLVED,https://www.ycombinator.com/companies/dialogus
Mosaic,,STARTUP,,,UNRESOLVED,https://www.ycombinator.com/companies/mosaic-inc
Bizmark,,STARTUP,,,UNRESOLVED,https://www.ycombinator.com/companies/bizmark
Riften,,STARTUP,,,UNRESOLVED,https://www.ycombinator.com/companies/riften
Buildbox,,STARTUP,,,UNRESOLVED,https://www.ycombinator.com/companies/buildbox
RealPact,,STARTUP,,,UNRESOLVED,https://www.ycombinator.com/companies/realpact
GUILD,,STARTUP,,,UNRESOLVED,https://www.ycombinator.com/companies/guild
Floracene,,STARTUP,,,UNRESOLVED,https://www.ycombinator.com/companies/floracene
Rise Reforming,,STARTUP,,,UNRESOLVED,https://www.ycombinator.com/companies/rise-reforming
Instaplay,,STARTUP,,,UNRESOLVED,https://www.ycombinator.com/companies/instaplay
Verdant,,STARTUP,,,UNRESOLVED,https://www.ycombinator.com/companies/verdant
IMPACT Drones,,STARTUP,,,UNRESOLVED,https://www.ycombinator.com/companies/impact-drones
Insurf,,STARTUP,,,UNRESOLVED,https://www.ycombinator.com/companies/insurf
Jcode,,STARTUP,,,UNRESOLVED,https://www.ycombinator.com/companies/jcode
LemonLime,,STARTUP,,,UNRESOLVED,https://www.ycombinator.com/companies/lemonlime
Gutgutgoose,,STARTUP,,,UNRESOLVED,https://www.ycombinator.com/companies/gutgutgoose
Speko,,STARTUP,,,UNRESOLVED,https://www.ycombinator.com/companies/speko
Synapse Semiconductor,,STARTUP,,,UNRESOLVED,https://www.ycombinator.com/companies/synapse-semiconductor
Understudy Labs,AI21 Labs,STARTUP,fuzzy,85.5,RESOLVED,https://www.ycombinator.com/companies/understudy-labs
Rote,,STARTUP,,,UNRESOLVED,https://www.ycombinator.com/companies/rote
Prized,,STARTUP,,,UNRESOLVED,https://www.ycombinator.com/companies/prized
Maingen,,STARTUP,,,UNRESOLVED,https://www.ycombinator.com/companies/maingen
Enact,,STARTUP,,,UNRESOLVED,https://www.ycombinator.com/companies/enact
Rex,,STARTUP,,,UNRESOLVED,https://www.ycombinator.com/companies/rex-inc
Zomma,,STARTUP,,,UNRESOLVED,https://www.ycombinator.com/companies/zomma
Nebula Security,,STARTUP,,,UNRESOLVED,https://www.ycombinator.com/companies/nebula-security
Kara,,STARTUP,,,UNRESOLVED,https://www.ycombinator.com/companies/kara
Trope,,STARTUP,,,UNRESOLVED,https://www.ycombinator.com/companies/trope
Parasma,,STARTUP,,,UNRESOLVED,https://www.ycombinator.com/companies/parasma
Belvedir,,STARTUP,,,UNRESOLVED,https://www.ycombinator.com/companies/belvedir
Shielded,,STARTUP,,,UNRESOLVED,https://www.ycombinator.com/companies/shielded
Olam Labs,,STARTUP,,,UNRESOLVED,https://www.ycombinator.com/companies/olam-labs
Egoist Machines,,STARTUP,,,UNRESOLVED,https://www.ycombinator.com/companies/egoist-machines
Perceptron ML,,STARTUP,,,UNRESOLVED,https://www.ycombinator.com/companies/perceptron-ml
Erinys,,STARTUP,,,UNRESOLVED,https://www.ycombinator.com/companies/erinys
HERA,,STARTUP,,,UNRESOLVED,https://www.ycombinator.com/companies/manufacturingintelligence
Donkey,,STARTUP,,,UNRESOLVED,https://www.ycombinator.com/companies/donkey
OpenTrade,,STARTUP,,,UNRESOLVED,https://www.ycombinator.com/companies/opentrade
Hoplite,,STARTUP,,,UNRESOLVED,https://www.ycombinator.com/companies/hoplite
Pango,,STARTUP,,,UNRESOLVED,https://www.ycombinator.com/companies/pango
tash,,STARTUP,,,UNRESOLVED,https://www.ycombinator.com/companies/tash
Torus,,STARTUP,,,UNRESOLVED,https://www.ycombinator.com/companies/torus
Kebra,,STARTUP,,,UNRESOLVED,https://www.ycombinator.com/companies/kebra
GitCafe,,STARTUP,,,UNRESOLVED,https://www.ycombinator.com/companies/gitcafe
RightNow,,STARTUP,,,UNRESOLVED,https://www.ycombinator.com/companies/rightnow
Akkari,,STARTUP,,,UNRESOLVED,https://www.ycombinator.com/companies/akkari
HeyClicky,,STARTUP,,,UNRESOLVED,https://www.ycombinator.com/companies/heyclicky
Rindler,,STARTUP,,,UNRESOLVED,https://www.ycombinator.com/companies/rindler
Proprio Robotics,,STARTUP,,,UNRESOLVED,https://www.ycombinator.com/companies/proprio-robotics
Huscarl,,STARTUP,,,UNRESOLVED,https://www.ycombinator.com/companies/huscarl
Thomas,,STARTUP,,,UNRESOLVED,https://www.ycombinator.com/companies/thomas
Cohesion,,STARTUP,,,UNRESOLVED,https://www.ycombinator.com/companies/cohesion
Maquoketa Research,,STARTUP,,,UNRESOLVED,https://www.ycombinator.com/companies/maquoketa-research
Intelligence Factory,,STARTUP,,,UNRESOLVED,https://www.ycombinator.com/companies/intelligence-factory
Amorphic Labs,,STARTUP,,,UNRESOLVED,https://www.ycombinator.com/companies/amorphic-labs
rekursiv.ai,,STARTUP,,,UNRESOLVED,https://www.ycombinator.com/companies/rekursivai
Clawvisor,,STARTUP,,,UNRESOLVED,https://www.ycombinator.com/companies/clawvisor
Framewise Health,,STARTUP,,,UNRESOLVED,https://www.ycombinator.com/companies/framewise-health
Arctic Health,,STARTUP,,,UNRESOLVED,https://www.ycombinator.com/companies/arctic-health
Playabl.ai,,STARTUP,,,UNRESOLVED,https://www.ycombinator.com/companies/playablai
Enjamb Labs,,STARTUP,,,UNRESOLVED,https://www.ycombinator.com/companies/enjamb-labs
Hyper,,STARTUP,,,UNRESOLVED,https://www.ycombinator.com/companies/hyper-4
InsForge,,STARTUP,,,UNRESOLVED,https://www.ycombinator.com/companies/insforge
ReasonBlocks,,STARTUP,,,UNRESOLVED,https://www.ycombinator.com/companies/reasonblocks
Modern,,STARTUP,,,UNRESOLVED,https://www.ycombinator.com/companies/modern
Panacea,,STARTUP,,,UNRESOLVED,https://www.ycombinator.com/companies/panacea
CentralComs,,STARTUP,,,UNRESOLVED,https://www.ycombinator.com/companies/centralcoms
KugelAudio,Udio,STARTUP,fuzzy,90.0,RESOLVED,https://www.ycombinator.com/companies/kugelaudio
Klaimee,,STARTUP,,,UNRESOLVED,https://www.ycombinator.com/companies/klaimee
flowscope,,STARTUP,,,UNRESOLVED,https://www.ycombinator.com/companies/flowscope
Trident,,STARTUP,,,UNRESOLVED,https://www.ycombinator.com/companies/trident
Gigacatalyst,,STARTUP,,,UNRESOLVED,https://www.ycombinator.com/companies/gigacatalyst
Arlo Industries,,STARTUP,,,UNRESOLVED,https://www.ycombinator.com/companies/arlo-industries
Astraea,,STARTUP,,,UNRESOLVED,https://www.ycombinator.com/companies/astraea
Lattice Health,,STARTUP,,,UNRESOLVED,https://www.ycombinator.com/companies/lattice-health
Atlas Discovery,,STARTUP,,,UNRESOLVED,https://www.ycombinator.com/companies/atlas-discovery
Manicule,,STARTUP,,,UNRESOLVED,https://www.ycombinator.com/companies/manicule
Avea Robotics,,STARTUP,,,UNRESOLVED,https://www.ycombinator.com/companies/avea-robotics
Mochatrade,,STARTUP,,,UNRESOLVED,https://www.ycombinator.com/companies/mochatrade
Asendia AI,,STARTUP,,,UNRESOLVED,https://www.ycombinator.com/companies/asendia-ai
Revnu,,STARTUP,,,UNRESOLVED,https://www.ycombinator.com/companies/revnu
Uno Wallet,,STARTUP,,,UNRESOLVED,https://www.ycombinator.com/companies/uno-wallet
Arden,,STARTUP,,,UNRESOLVED,https://www.ycombinator.com/companies/arden
AgentPhone,,STARTUP,,,UNRESOLVED,https://www.ycombinator.com/companies/agentphone
Gravy,,STARTUP,,,UNRESOLVED,https://www.ycombinator.com/companies/gravy
Kinect,,STARTUP,,,UNRESOLVED,https://www.ycombinator.com/companies/kinect
Runtime,,STARTUP,,,UNRESOLVED,https://www.ycombinator.com/companies/runtime
YouArt,,STARTUP,,,UNRESOLVED,https://www.ycombinator.com/companies/youart
Expanse,,STARTUP,,,UNRESOLVED,https://www.ycombinator.com/companies/expanse
CharacterQuilt,,STARTUP,,,UNRESOLVED,https://www.ycombinator.com/companies/characterquilt
Pentagon,,STARTUP,,,UNRESOLVED,https://www.ycombinator.com/companies/pentagon
Arzana,,STARTUP,,,UNRESOLVED,https://www.ycombinator.com/companies/arzana
Auxos,,STARTUP,,,UNRESOLVED,https://www.ycombinator.com/companies/auxos
ProjectX,,STARTUP,,,UNRESOLVED,https://www.ycombinator.com/companies/projectx
Tolmo,,STARTUP,,,UNRESOLVED,https://www.ycombinator.com/companies/tolmo
OpenWork,,STARTUP,,,UNRESOLVED,https://www.ycombinator.com/companies/openwork
"Apollo Atomics, Inc.",,STARTUP,,,UNRESOLVED,https://www.ycombinator.com/companies/apollo-atomics-inc
General Aviation,,STARTUP,,,UNRESOLVED,https://www.ycombinator.com/companies/general-aviation
OpenProse,,STARTUP,,,UNRESOLVED,https://www.ycombinator.com/companies/openprose
Aster,,STARTUP,,,UNRESOLVED,https://www.ycombinator.com/companies/asterlab
Amboras,,STARTUP,,,UNRESOLVED,https://www.ycombinator.com/companies/amboras
Hessian,,STARTUP,,,UNRESOLVED,https://www.ycombinator.com/companies/hessian
RASPIRE,,STARTUP,,,UNRESOLVED,https://www.ycombinator.com/companies/raspire
Plena Health,,STARTUP,,,UNRESOLVED,https://www.ycombinator.com/companies/plena-health
TesterArmy,,STARTUP,,,UNRESOLVED,https://www.ycombinator.com/companies/testerarmy
Eden Robotics,,STARTUP,,,UNRESOLVED,https://www.ycombinator.com/companies/eden-robotics
Foaster,,STARTUP,,,UNRESOLVED,https://www.ycombinator.com/companies/foaster
AquaShield,,STARTUP,,,UNRESOLVED,https://www.ycombinator.com/companies/aquashield
Ornadyne,,STARTUP,,,UNRESOLVED,https://www.ycombinator.com/companies/ornadyne
ANORIA,,STARTUP,,,UNRESOLVED,https://www.ycombinator.com/companies/anoria
AbInitio Bio,,STARTUP,,,UNRESOLVED,https://www.ycombinator.com/companies/abinitio-bio
Memory Store,,STARTUP,,,UNRESOLVED,https://www.ycombinator.com/companies/memory-store
Saudara AI,,STARTUP,,,UNRESOLVED,https://www.ycombinator.com/companies/saudara-ai
Pops,,STARTUP,,,UNRESOLVED,https://www.ycombinator.com/companies/pops
Silmaril,,STARTUP,,,UNRESOLVED,https://www.ycombinator.com/companies/silmaril
BioStack Platforms,,STARTUP,,,UNRESOLVED,https://www.ycombinator.com/companies/biostack-platforms
Ardent,,STARTUP,,,UNRESOLVED,https://www.ycombinator.com/companies/ardent
Kuli,,STARTUP,,,UNRESOLVED,https://www.ycombinator.com/companies/kuli
Wato,,STARTUP,,,UNRESOLVED,https://www.ycombinator.com/companies/wato
Tasklet,,STARTUP,,,UNRESOLVED,https://www.ycombinator.com/companies/tasklet-2
Chronicle Labs,AI21 Labs,STARTUP,fuzzy,85.5,RESOLVED,https://www.ycombinator.com/companies/chronicle-labs
Walter,,STARTUP,,,UNRESOLVED,https://www.ycombinator.com/companies/walter
Aseon Labs,,STARTUP,,,UNRESOLVED,https://www.ycombinator.com/companies/aseon-labs
Soria,,STARTUP,,,UNRESOLVED,https://www.ycombinator.com/companies/soria
Armature,,STARTUP,,,UNRESOLVED,https://www.ycombinator.com/companies/armature
Collar,,STARTUP,,,UNRESOLVED,https://www.ycombinator.com/companies/collar
PLAN0 AI,Stability AI,STARTUP,fuzzy,85.5,RESOLVED,https://www.ycombinator.com/companies/plan0-ai
Zibra Labs,,STARTUP,,,UNRESOLVED,https://www.ycombinator.com/companies/zibra-labs
Ara,Character.ai,STARTUP,fuzzy,90.0,RESOLVED,https://www.ycombinator.com/companies/ara
ValCtrl,,STARTUP,,,UNRESOLVED,https://www.ycombinator.com/companies/valctrl
General Instinct,,STARTUP,,,UNRESOLVED,https://www.ycombinator.com/companies/general-instinct
tday.com,,STARTUP,,,UNRESOLVED,https://www.ycombinator.com/companies/tdaycom
ED1TH,,STARTUP,,,UNRESOLVED,https://www.ycombinator.com/companies/ed1th
Minicor,,STARTUP,,,UNRESOLVED,https://www.ycombinator.com/companies/minicor
Degla Inc,,STARTUP,,,UNRESOLVED,https://www.ycombinator.com/companies/degla-inc
Archer,,STARTUP,,,UNRESOLVED,https://www.ycombinator.com/companies/archer
River Markets,,STARTUP,,,UNRESOLVED,https://www.ycombinator.com/companies/river-markets
smol machines,,STARTUP,,,UNRESOLVED,https://www.ycombinator.com/companies/smol-machines
Allowance,,STARTUP,,,UNRESOLVED,https://www.ycombinator.com/companies/allowance
Harbor,,STARTUP,,,UNRESOLVED,https://www.ycombinator.com/companies/runharbor
Complir,,STARTUP,,,UNRESOLVED,https://www.ycombinator.com/companies/complir
AICE,,STARTUP,,,UNRESOLVED,https://www.ycombinator.com/companies/aice
Infera,,STARTUP,,,UNRESOLVED,https://www.ycombinator.com/companies/infera
Mount,,STARTUP,,,UNRESOLVED,https://www.ycombinator.com/companies/mount
Parrot,,STARTUP,,,UNRESOLVED,https://www.ycombinator.com/companies/useparrot
Result,,STARTUP,,,UNRESOLVED,https://www.ycombinator.com/companies/result
Sidekick,,STARTUP,,,UNRESOLVED,https://www.ycombinator.com/companies/textsidekick
Prototyping.io,,STARTUP,,,UNRESOLVED,https://www.ycombinator.com/companies/prototypingio
Lumius,,STARTUP,,,UNRESOLVED,https://www.ycombinator.com/companies/lumius
Adialante,,STARTUP,,,UNRESOLVED,https://www.ycombinator.com/companies/adialante
Savant,,STARTUP,,,UNRESOLVED,https://www.ycombinator.com/companies/savant
Keyframe Labs,,STARTUP,,,UNRESOLVED,https://www.ycombinator.com/companies/keyframe-labs
Voquill,,STARTUP,,,UNRESOLVED,https://www.ycombinator.com/companies/voquill
Oddpool,,STARTUP,,,UNRESOLVED,https://www.ycombinator.com/companies/oddpool
Ontora,,STARTUP,,,UNRESOLVED,https://www.ycombinator.com/companies/ontora
Napkin Math,,STARTUP,,,UNRESOLVED,https://www.ycombinator.com/companies/napkin-math
Gojiberry AI,Meta AI,STARTUP,fuzzy,85.5,RESOLVED,https://www.ycombinator.com/companies/gojiberry-ai
Lab0,,STARTUP,,,UNRESOLVED,https://www.ycombinator.com/companies/lab0
BentoLabs AI,Meta AI,STARTUP,fuzzy,85.5,RESOLVED,https://www.ycombinator.com/companies/bentolabs-ai
Lamina Labs,,STARTUP,,,UNRESOLVED,https://www.ycombinator.com/companies/lamina-labs
Kimpton AI,,STARTUP,,,UNRESOLVED,https://www.ycombinator.com/companies/kimpton-ai
StableBrowse,,STARTUP,,,UNRESOLVED,https://www.ycombinator.com/companies/stablebrowse
Taiga,,STARTUP,,,UNRESOLVED,https://www.ycombinator.com/companies/taiga
Pairio,,STARTUP,,,UNRESOLVED,https://www.ycombinator.com/companies/pairio
Callab AI,,STARTUP,,,UNRESOLVED,https://www.ycombinator.com/companies/callab-ai
Synphony,,STARTUP,,,UNRESOLVED,https://www.ycombinator.com/companies/synphony
Dreach,,STARTUP,,,UNRESOLVED,https://www.ycombinator.com/companies/dreach
Arga Labs,,STARTUP,,,UNRESOLVED,https://www.ycombinator.com/companies/arga-labs
Andco,,STARTUP,,,UNRESOLVED,https://www.ycombinator.com/companies/andco
RentAHuman,,STARTUP,,,UNRESOLVED,https://www.ycombinator.com/companies/rentahuman
InstaAgent,,STARTUP,,,UNRESOLVED,https://www.ycombinator.com/companies/instaagent
Salesgraph,,STARTUP,,,UNRESOLVED,https://www.ycombinator.com/companies/salesgraph
Sherpa,,STARTUP,,,UNRESOLVED,https://www.ycombinator.com/companies/sherpa
Userlens,,STARTUP,,,UNRESOLVED,https://www.ycombinator.com/companies/userlens
transload,,STARTUP,,,UNRESOLVED,https://www.ycombinator.com/companies/transload
Standout,,STARTUP,,,UNRESOLVED,https://www.ycombinator.com/companies/standout
shotwell.ai,,STARTUP,,,UNRESOLVED,https://www.ycombinator.com/companies/shotwellai
Madrone,,STARTUP,,,UNRESOLVED,https://www.ycombinator.com/companies/madrone
Pavoot,,STARTUP,,,UNRESOLVED,https://www.ycombinator.com/companies/pavoot
qomplement,,STARTUP,,,UNRESOLVED,https://www.ycombinator.com/companies/qomplement
Deep Interactions,,STARTUP,,,UNRESOLVED,https://www.ycombinator.com/companies/deep-interactions
KelAI,,STARTUP,,,UNRESOLVED,https://www.ycombinator.com/companies/kelai
"HEVN, inc",,STARTUP,,,UNRESOLVED,https://www.ycombinator.com/companies/hevn-inc
Wealor,,STARTUP,,,UNRESOLVED,https://www.ycombinator.com/companies/wealor
Elyra,,STARTUP,,,UNRESOLVED,https://www.ycombinator.com/companies/elyra
Interfaze,,STARTUP,,,UNRESOLVED,https://www.ycombinator.com/companies/interfaze
Zolvo,,STARTUP,,,UNRESOLVED,https://www.ycombinator.com/companies/zolvo
Juno,,STARTUP,,,UNRESOLVED,https://www.ycombinator.com/companies/juno-chat
Kinro,,STARTUP,,,UNRESOLVED,https://www.ycombinator.com/companies/kinro
GovGuard,,STARTUP,,,UNRESOLVED,https://www.ycombinator.com/companies/govguard
Superlog,,STARTUP,,,UNRESOLVED,https://www.ycombinator.com/companies/superlog
GodHands,,STARTUP,,,UNRESOLVED,https://www.ycombinator.com/companies/godhands
Limrun,,STARTUP,,,UNRESOLVED,https://www.ycombinator.com/companies/limrun
Light Anchor,,STARTUP,,,UNRESOLVED,https://www.ycombinator.com/companies/light-anchor
Hub,,STARTUP,,,UNRESOLVED,https://www.ycombinator.com/companies/hub
Tenet Industries,,STARTUP,,,UNRESOLVED,https://www.ycombinator.com/companies/tenet-industries
Atrisa,,STARTUP,,,UNRESOLVED,https://www.ycombinator.com/companies/atrisa
Trellis,,STARTUP,,,UNRESOLVED,https://www.ycombinator.com/companies/trellistech
The Company Company,Together AI,STARTUP,fuzzy,90.0,RESOLVED,https://www.ycombinator.com/companies/the-company-company
Dayjob,,STARTUP,,,UNRESOLVED,https://www.ycombinator.com/companies/dayjob
InLoop Robotics,,STARTUP,,,UNRESOLVED,https://www.ycombinator.com/companies/inloop-robotics
Zenbu,,STARTUP,,,UNRESOLVED,https://www.ycombinator.com/companies/zenbu-2
Andustry,,STARTUP,,,UNRESOLVED,https://www.ycombinator.com/companies/andustry
Nine Fives,,STARTUP,,,UNRESOLVED,https://www.ycombinator.com/companies/nine-fives
Incandor,,STARTUP,,,UNRESOLVED,https://www.ycombinator.com/companies/incandor
Chert,,STARTUP,,,UNRESOLVED,https://www.ycombinator.com/companies/chert
Saffron,,STARTUP,,,UNRESOLVED,https://www.ycombinator.com/companies/saffron
Discovered Materials,,STARTUP,,,UNRESOLVED,https://www.ycombinator.com/companies/discovered-materials
Lightsprint,,STARTUP,,,UNRESOLVED,https://www.ycombinator.com/companies/lightsprint
Twolabs,,STARTUP,,,UNRESOLVED,https://www.ycombinator.com/companies/twolabs
Scope,,STARTUP,,,UNRESOLVED,https://www.ycombinator.com/companies/scope
Hexa,,STARTUP,,,UNRESOLVED,https://www.ycombinator.com/companies/hexa
Palette,,STARTUP,,,UNRESOLVED,https://www.ycombinator.com/companies/palette-2
Rudus,,STARTUP,,,UNRESOLVED,https://www.ycombinator.com/companies/rudus
Replicas,,STARTUP,,,UNRESOLVED,https://www.ycombinator.com/companies/replicas
Totalis,,STARTUP,,,UNRESOLVED,https://www.ycombinator.com/companies/totalis
WithAI,,STARTUP,,,UNRESOLVED,https://www.ycombinator.com/companies/withai
Osmaura,,STARTUP,,,UNRESOLVED,https://www.ycombinator.com/companies/osmaura
Instance,,STARTUP,,,UNRESOLVED,https://www.ycombinator.com/companies/instance
Illume Labs,,STARTUP,,,UNRESOLVED,https://www.ycombinator.com/companies/illume-labs
Memoir,,STARTUP,,,UNRESOLVED,https://www.ycombinator.com/companies/memoir
"PerfectBit, Inc.",,STARTUP,,,UNRESOLVED,https://www.ycombinator.com/companies/perfectbit-inc
Stage,,STARTUP,,,UNRESOLVED,https://www.ycombinator.com/companies/stage
Standard Signal,,STARTUP,,,UNRESOLVED,https://www.ycombinator.com/companies/standard-signal
primitive,,STARTUP,,,UNRESOLVED,https://www.ycombinator.com/companies/primitive
afterfive,,STARTUP,,,UNRESOLVED,https://www.ycombinator.com/companies/afterfive
Klarify,,STARTUP,,,UNRESOLVED,https://www.ycombinator.com/companies/klarify
Surtr Defense Systems,,STARTUP,,,UNRESOLVED,https://www.ycombinator.com/companies/surtr-defense-systems
Hedge,,STARTUP,,,UNRESOLVED,https://www.ycombinator.com/companies/hedge
Cardinal,,STARTUP,,,UNRESOLVED,https://www.ycombinator.com/companies/trycardinal-ai
Wideframe,,STARTUP,,,UNRESOLVED,https://www.ycombinator.com/companies/wideframe
Martini,,STARTUP,,,UNRESOLVED,https://www.ycombinator.com/companies/martini
Litmus,,STARTUP,,,UNRESOLVED,https://www.ycombinator.com/companies/litmus-hiring
Condor Energy,,STARTUP,,,UNRESOLVED,https://www.ycombinator.com/companies/condor-energy
Remix,,STARTUP,,,UNRESOLVED,https://www.ycombinator.com/companies/remix-3
OpenVector,,STARTUP,,,UNRESOLVED,https://www.ycombinator.com/companies/openvector
Shofo,,STARTUP,,,UNRESOLVED,https://www.ycombinator.com/companies/shofo
Wayco,,STARTUP,,,UNRESOLVED,https://www.ycombinator.com/companies/wayco
"Applied Electrodynamics, Inc.",,STARTUP,,,UNRESOLVED,https://www.ycombinator.com/companies/applied-electrodynamics-inc
Unifold,,STARTUP,,,UNRESOLVED,https://www.ycombinator.com/companies/unifold
Carrot Labs,,STARTUP,,,UNRESOLVED,https://www.ycombinator.com/companies/carrot-labs
Dispatch,,STARTUP,,,UNRESOLVED,https://www.ycombinator.com/companies/dispatch
Bloom,,STARTUP,,,UNRESOLVED,https://www.ycombinator.com/companies/trybloom
Aurorin CAD,,STARTUP,,,UNRESOLVED,https://www.ycombinator.com/companies/aurorin-cad
Fixture,,STARTUP,,,UNRESOLVED,https://www.ycombinator.com/companies/fixture
DAIVIN!,,STARTUP,,,UNRESOLVED,https://www.ycombinator.com/companies/daivin
Brumby (Formerly GrazeMate),,STARTUP,,,UNRESOLVED,https://www.ycombinator.com/companies/brumby
Origami Robotics,,STARTUP,,,UNRESOLVED,https://www.ycombinator.com/companies/origami-robotics
Ossus,,STARTUP,,,UNRESOLVED,https://www.ycombinator.com/companies/ossus
Rubric AI,,STARTUP,,,UNRESOLVED,https://www.ycombinator.com/companies/rubric-ai
Regbase,,STARTUP,,,UNRESOLVED,https://www.ycombinator.com/companies/regbase
Zymbly,,STARTUP,,,UNRESOLVED,https://www.ycombinator.com/companies/zymbly
Ritivel,,STARTUP,,,UNRESOLVED,https://www.ycombinator.com/companies/ritivel
Polymorph,,STARTUP,,,UNRESOLVED,https://www.ycombinator.com/companies/polymorph
Khotan (formerly Pollinate),,STARTUP,,,UNRESOLVED,https://www.ycombinator.com/companies/khotan
SpotPay,,STARTUP,,,UNRESOLVED,https://www.ycombinator.com/companies/spotpay
Poth Labs,,STARTUP,,,UNRESOLVED,https://www.ycombinator.com/companies/poth-labs
VOYGR,,STARTUP,,,UNRESOLVED,https://www.ycombinator.com/companies/voygr
MochaCare,,STARTUP,,,UNRESOLVED,https://www.ycombinator.com/companies/mochacare
Cova,,STARTUP,,,UNRESOLVED,https://www.ycombinator.com/companies/cova
Vela,,STARTUP,,,UNRESOLVED,https://www.ycombinator.com/companies/vela
Supafax,,STARTUP,,,UNRESOLVED,https://www.ycombinator.com/companies/supafax
Talking Computers,,STARTUP,,,UNRESOLVED,https://www.ycombinator.com/companies/talking-computers
Control Seat,,STARTUP,,,UNRESOLVED,https://www.ycombinator.com/companies/control-seat
Copperlane,,STARTUP,,,UNRESOLVED,https://www.ycombinator.com/companies/copperlane
Tsenta,,STARTUP,,,UNRESOLVED,https://www.ycombinator.com/companies/tsenta
Atlia,,STARTUP,,,UNRESOLVED,https://www.ycombinator.com/companies/atlia
Canary,,STARTUP,,,UNRESOLVED,https://www.ycombinator.com/companies/canary
Grade,,STARTUP,,,UNRESOLVED,https://www.ycombinator.com/companies/grade
Sila,,STARTUP,,,UNRESOLVED,https://www.ycombinator.com/companies/sila
Maven,,STARTUP,,,UNRESOLVED,https://www.ycombinator.com/companies/maven
Moda,,STARTUP,,,UNRESOLVED,https://www.ycombinator.com/companies/moda
The Token Company,,STARTUP,,,UNRESOLVED,https://www.ycombinator.com/companies/the-token-company
BeeSafe AI,,STARTUP,,,UNRESOLVED,https://www.ycombinator.com/companies/beesafe-ai
Fed10,,STARTUP,,,UNRESOLVED,https://www.ycombinator.com/companies/fed10
Inth,,STARTUP,,,UNRESOLVED,https://www.ycombinator.com/companies/inth
Squid,,STARTUP,,,UNRESOLVED,https://www.ycombinator.com/companies/squid
Crow,,STARTUP,,,UNRESOLVED,https://www.ycombinator.com/companies/crow
Foreman,,STARTUP,,,UNRESOLVED,https://www.ycombinator.com/companies/foreman
Booko,,STARTUP,,,UNRESOLVED,https://www.ycombinator.com/companies/booko
Corelayer,,STARTUP,,,UNRESOLVED,https://www.ycombinator.com/companies/corelayer
General Legal,,STARTUP,,,UNRESOLVED,https://www.ycombinator.com/companies/general-legal
Fort,,STARTUP,,,UNRESOLVED,https://www.ycombinator.com/companies/fort
Balance,,STARTUP,,,UNRESOLVED,https://www.ycombinator.com/companies/getbalance
Ekpa,,STARTUP,,,UNRESOLVED,https://www.ycombinator.com/companies/ekpa
Chasi,,STARTUP,,,UNRESOLVED,https://www.ycombinator.com/companies/chasi
Anchorhead,,STARTUP,,,UNRESOLVED,https://www.ycombinator.com/companies/anchorhead
o11,,STARTUP,,,UNRESOLVED,https://www.ycombinator.com/companies/o11
Doomersion,,STARTUP,,,UNRESOLVED,https://www.ycombinator.com/companies/doomersion
Sequence Markets,,STARTUP,,,UNRESOLVED,https://www.ycombinator.com/companies/sequence-markets
Libra Robotics,,STARTUP,,,UNRESOLVED,https://www.ycombinator.com/companies/libra-robotics
Ditto Biosciences,,STARTUP,,,UNRESOLVED,https://www.ycombinator.com/companies/ditto-biosciences
Servo7,,STARTUP,,,UNRESOLVED,https://www.ycombinator.com/companies/servo7
Datoric,,STARTUP,,,UNRESOLVED,https://www.ycombinator.com/companies/datoric
Superset,,STARTUP,,,UNRESOLVED,https://www.ycombinator.com/companies/superset
Netter,,STARTUP,,,UNRESOLVED,https://www.ycombinator.com/companies/netter
Voxel Energy,,STARTUP,,,UNRESOLVED,https://www.ycombinator.com/companies/voxel-energy
Polymath,,STARTUP,,,UNRESOLVED,https://www.ycombinator.com/companies/polymath
Archal,,STARTUP,,,UNRESOLVED,https://www.ycombinator.com/companies/archal
Bubble Lab,,STARTUP,,,UNRESOLVED,https://www.ycombinator.com/companies/bubble-lab
Pocket,,STARTUP,,,UNRESOLVED,https://www.ycombinator.com/companies/pocket
Byteport,,STARTUP,,,UNRESOLVED,https://www.ycombinator.com/companies/byteport
Constellation Space,,STARTUP,,,UNRESOLVED,https://www.ycombinator.com/companies/constellation-space
Sazabi,,STARTUP,,,UNRESOLVED,https://www.ycombinator.com/companies/sazabi
Mendral,,STARTUP,,,UNRESOLVED,https://www.ycombinator.com/companies/mendral
AxionOrbital Space,,STARTUP,,,UNRESOLVED,https://www.ycombinator.com/companies/axionorbital-space
Oximy,,STARTUP,,,UNRESOLVED,https://www.ycombinator.com/companies/oximy
Caretta,,STARTUP,,,UNRESOLVED,https://www.ycombinator.com/companies/caretta
Samora AI,,STARTUP,,,UNRESOLVED,https://www.ycombinator.com/companies/samora-ai
Human Archive,,STARTUP,,,UNRESOLVED,https://www.ycombinator.com/companies/human-archive
Forum,,STARTUP,,,UNRESOLVED,https://www.ycombinator.com/companies/forum
Sitefire,,STARTUP,,,UNRESOLVED,https://www.ycombinator.com/companies/sitefire
Robby,,STARTUP,,,UNRESOLVED,https://www.ycombinator.com/companies/robby
Ressl AI,Stability AI,STARTUP,fuzzy,85.5,RESOLVED,https://www.ycombinator.com/companies/ressl-ai
Emdash,,STARTUP,,,UNRESOLVED,https://www.ycombinator.com/companies/emdash
InventoryQuant,,STARTUP,,,UNRESOLVED,https://www.ycombinator.com/companies/inventoryquant
Congruent,,STARTUP,,,UNRESOLVED,https://www.ycombinator.com/companies/congruent
Reframe,,STARTUP,,,UNRESOLVED,https://www.ycombinator.com/companies/usereframe
Valence,,STARTUP,,,UNRESOLVED,https://www.ycombinator.com/companies/valence
9 Mothers,,STARTUP,,,UNRESOLVED,https://www.ycombinator.com/companies/9-mothers-corporation
Approxima,,STARTUP,,,UNRESOLVED,https://www.ycombinator.com/companies/approxima
Traverse,,STARTUP,,,UNRESOLVED,https://www.ycombinator.com/companies/traverse
Revion,,STARTUP,,,UNRESOLVED,https://www.ycombinator.com/companies/revion
Maywood,,STARTUP,,,UNRESOLVED,https://www.ycombinator.com/companies/maywood
Fenrock AI,,STARTUP,,,UNRESOLVED,https://www.ycombinator.com/companies/fenrock-ai
End Close,,STARTUP,,,UNRESOLVED,https://www.ycombinator.com/companies/end-close
Chamber,,STARTUP,,,UNRESOLVED,https://www.ycombinator.com/companies/chamber
Assemble,,STARTUP,,,UNRESOLVED,https://www.ycombinator.com/companies/assemble
Patientdesk.ai,,STARTUP,,,UNRESOLVED,https://www.ycombinator.com/companies/patientdeskai
Visibl Semiconductors,,STARTUP,,,UNRESOLVED,https://www.ycombinator.com/companies/visibl-semiconductors
Synthetic Sciences,,STARTUP,,,UNRESOLVED,https://www.ycombinator.com/companies/synthetic-sciences
Seeing Systems,,STARTUP,,,UNRESOLVED,https://www.ycombinator.com/companies/seeing-systems
Jinba,,STARTUP,,,UNRESOLVED,https://www.ycombinator.com/companies/jinba
Cardboard,,STARTUP,,,UNRESOLVED,https://www.ycombinator.com/companies/cardboard
Prana,,STARTUP,,,UNRESOLVED,https://www.ycombinator.com/companies/prana-health
Rhizome AI,,STARTUP,,,UNRESOLVED,https://www.ycombinator.com/companies/rhizome-ai
Pax Historia,,STARTUP,,,UNRESOLVED,https://www.ycombinator.com/companies/pax-historia
Parameter (fka Hex Security),,STARTUP,,,UNRESOLVED,https://www.ycombinator.com/companies/parameter-fka-hex-security
Laurence,,STARTUP,,,UNRESOLVED,https://www.ycombinator.com/companies/laurence
Terminal Use,,STARTUP,,,UNRESOLVED,https://www.ycombinator.com/companies/terminal-use
Overshoot,,STARTUP,,,UNRESOLVED,https://www.ycombinator.com/companies/overshoot
Cajal,,STARTUP,,,UNRESOLVED,https://www.ycombinator.com/companies/cajal-technologies
Proximitty,,STARTUP,,,UNRESOLVED,https://www.ycombinator.com/companies/proximitty
Instinct,,STARTUP,,,UNRESOLVED,https://www.ycombinator.com/companies/instinct-xyz
Stilta,,STARTUP,,,UNRESOLVED,https://www.ycombinator.com/companies/stilta
Unisson,,STARTUP,,,UNRESOLVED,https://www.ycombinator.com/companies/unisson
IncidentFox,,STARTUP,,,UNRESOLVED,https://www.ycombinator.com/companies/brownie
Compresr,,STARTUP,,,UNRESOLVED,https://www.ycombinator.com/companies/compresr
Opalite Health,,STARTUP,,,UNRESOLVED,https://www.ycombinator.com/companies/opalite-health
Confluence Labs,AI21 Labs,STARTUP,fuzzy,85.5,RESOLVED,https://www.ycombinator.com/companies/confluence-labs
Rapidfolio,,STARTUP,,,UNRESOLVED,https://www.ycombinator.com/companies/rapidfolio
Mango Medical,,STARTUP,,,UNRESOLVED,https://www.ycombinator.com/companies/mango-medical-inc
Sponge,,STARTUP,,,UNRESOLVED,https://www.ycombinator.com/companies/sponge
Terranox AI,Meta AI,STARTUP,fuzzy,85.5,RESOLVED,https://www.ycombinator.com/companies/terranox-ai
Drafted,,STARTUP,,,UNRESOLVED,https://www.ycombinator.com/companies/drafted
Ventura,,STARTUP,,,UNRESOLVED,https://www.ycombinator.com/companies/ventura
Q2Q,,STARTUP,,,UNRESOLVED,https://www.ycombinator.com/companies/q2q
Orthogonal,,STARTUP,,,UNRESOLVED,https://www.ycombinator.com/companies/orthogonal
Perfectly,,STARTUP,,,UNRESOLVED,https://www.ycombinator.com/companies/perfectly
Fern,,STARTUP,,,UNRESOLVED,https://www.ycombinator.com/companies/fern-bot
Sparkles,,STARTUP,,,UNRESOLVED,https://www.ycombinator.com/companies/sparkles
EigenPal,,STARTUP,,,UNRESOLVED,https://www.ycombinator.com/companies/eigenpal
Salus,,STARTUP,,,UNRESOLVED,https://www.ycombinator.com/companies/salus
Moritz,,STARTUP,,,UNRESOLVED,https://www.ycombinator.com/companies/moritz
RamAIn,,STARTUP,,,UNRESOLVED,https://www.ycombinator.com/companies/ramain
Milliray,,STARTUP,,,UNRESOLVED,https://www.ycombinator.com/companies/milliray
Beyond Reach Labs,AI21 Labs,STARTUP,fuzzy,85.5,RESOLVED,https://www.ycombinator.com/companies/beyond-reach-labs
OctaPulse,,STARTUP,,,UNRESOLVED,https://www.ycombinator.com/companies/octapulse
CodeWisp,,STARTUP,,,UNRESOLVED,https://www.ycombinator.com/companies/codewisp
Ashr,,STARTUP,,,UNRESOLVED,https://www.ycombinator.com/companies/ashr
Aemon,,STARTUP,,,UNRESOLVED,https://www.ycombinator.com/companies/aemon
Luel,,STARTUP,,,UNRESOLVED,https://www.ycombinator.com/companies/luel
Scheduling Wizard,,STARTUP,,,UNRESOLVED,https://www.ycombinator.com/companies/scheduling-wizard
RoboDock,,STARTUP,,,UNRESOLVED,https://www.ycombinator.com/companies/robodock
Skillsync,,STARTUP,,,UNRESOLVED,https://www.ycombinator.com/companies/skillsync
MouseCat,,STARTUP,,,UNRESOLVED,https://www.ycombinator.com/companies/mousecat
Zatanna,,STARTUP,,,UNRESOLVED,https://www.ycombinator.com/companies/zatanna
AutoSitu,,STARTUP,,,UNRESOLVED,https://www.ycombinator.com/companies/autositu
Verdex,,STARTUP,,,UNRESOLVED,https://www.ycombinator.com/companies/verdex
Cumulus Labs,,STARTUP,,,UNRESOLVED,https://www.ycombinator.com/companies/cumulus-labs
Tepali,,STARTUP,,,UNRESOLVED,https://www.ycombinator.com/companies/tepali
Palus Finance,,STARTUP,,,UNRESOLVED,https://www.ycombinator.com/companies/palus-finance
21st,,STARTUP,,,UNRESOLVED,https://www.ycombinator.com/companies/21st
Avoice,,STARTUP,,,UNRESOLVED,https://www.ycombinator.com/companies/avoice
Kyten Technologies,,STARTUP,,,UNRESOLVED,https://www.ycombinator.com/companies/kyten-technologies
ZeroSettle,,STARTUP,,,UNRESOLVED,https://www.ycombinator.com/companies/zerosettle
/dev/fast,,STARTUP,,,UNRESOLVED,https://www.ycombinator.com/companies/devfast
Cignara,,STARTUP,,,UNRESOLVED,https://www.ycombinator.com/companies/cignara
OpenSpec,,STARTUP,,,UNRESOLVED,https://www.ycombinator.com/companies/openspec
Piris Labs,,STARTUP,,,UNRESOLVED,https://www.ycombinator.com/companies/pirislabs
CellType,,STARTUP,,,UNRESOLVED,https://www.ycombinator.com/companies/celltype
Burt,,STARTUP,,,UNRESOLVED,https://www.ycombinator.com/companies/burt
Envariant,,STARTUP,,,UNRESOLVED,https://www.ycombinator.com/companies/envariant
Cascade,,STARTUP,,,UNRESOLVED,https://www.ycombinator.com/companies/cascade
Beacon Health,,STARTUP,,,UNRESOLVED,https://www.ycombinator.com/companies/beacon-health
Strand AI,,STARTUP,,,UNRESOLVED,https://www.ycombinator.com/companies/strand-ai
BaseFrame,,STARTUP,,,UNRESOLVED,https://www.ycombinator.com/companies/baseframe
Protent,,STARTUP,,,UNRESOLVED,https://www.ycombinator.com/companies/protent
Cofia,,STARTUP,,,UNRESOLVED,https://www.ycombinator.com/companies/cofia
Fuchsia,,STARTUP,,,UNRESOLVED,https://www.ycombinator.com/companies/fuchsia
LegalOS,,STARTUP,,,UNRESOLVED,https://www.ycombinator.com/companies/legalos
Sentrial,,STARTUP,,,UNRESOLVED,https://www.ycombinator.com/companies/sentrial
10x Science,,STARTUP,,,UNRESOLVED,https://www.ycombinator.com/companies/10x-science
REV1,,STARTUP,,,UNRESOLVED,https://www.ycombinator.com/companies/rev1
shortkit,,STARTUP,,,UNRESOLVED,https://www.ycombinator.com/companies/shortkit
Asimov,,STARTUP,,,UNRESOLVED,https://www.ycombinator.com/companies/asimov
Lexius,,STARTUP,,,UNRESOLVED,https://www.ycombinator.com/companies/lexius
Axis,,STARTUP,,,UNRESOLVED,https://www.ycombinator.com/companies/axis-2
Mirabelle,,STARTUP,,,UNRESOLVED,https://www.ycombinator.com/companies/mirabelle
Docura Health,,STARTUP,,,UNRESOLVED,https://www.ycombinator.com/companies/docura-health
Lance,,STARTUP,,,UNRESOLVED,https://www.ycombinator.com/companies/lance
RunAnywhere,,STARTUP,,,UNRESOLVED,https://www.ycombinator.com/companies/runanywhere
Lucent,,STARTUP,,,UNRESOLVED,https://www.ycombinator.com/companies/lucent
"Prescience, Inc.",,STARTUP,,,UNRESOLVED,https://www.ycombinator.com/companies/prescience-inc
Ruma Care,,STARTUP,,,UNRESOLVED,https://www.ycombinator.com/companies/ruma-care
Klaus AI,Stability AI,STARTUP,fuzzy,85.5,RESOLVED,https://www.ycombinator.com/companies/klaus-ai
Kita,,STARTUP,,,UNRESOLVED,https://www.ycombinator.com/companies/kita
Syntropy,,STARTUP,,,UNRESOLVED,https://www.ycombinator.com/companies/syntropy
One Robot,,STARTUP,,,UNRESOLVED,https://www.ycombinator.com/companies/one-robot
Didit,,STARTUP,,,UNRESOLVED,https://www.ycombinator.com/companies/didit
Panta,,STARTUP,,,UNRESOLVED,https://www.ycombinator.com/companies/panta
Imperfect,,STARTUP,,,UNRESOLVED,https://www.ycombinator.com/companies/imperfect
TrustAI,,STARTUP,,,UNRESOLVED,https://www.ycombinator.com/companies/trustai
Payna,,STARTUP,,,UNRESOLVED,https://www.ycombinator.com/companies/payna
Origin,,STARTUP,,,UNRESOLVED,https://www.ycombinator.com/companies/origin-bio
Clara,,STARTUP,,,UNRESOLVED,https://www.ycombinator.com/companies/clara-2
Hlabs,,STARTUP,,,UNRESOLVED,https://www.ycombinator.com/companies/hlabs
Eos AI,Mistral AI,STARTUP,fuzzy,85.5,RESOLVED,https://www.ycombinator.com/companies/eos-ai
Valgo,,STARTUP,,,UNRESOLVED,https://www.ycombinator.com/companies/valgo
ARC Prize Foundation,,STARTUP,,,UNRESOLVED,https://www.ycombinator.com/companies/arc-prize-foundation
Corvera,,STARTUP,,,UNRESOLVED,https://www.ycombinator.com/companies/corvera
FullSeam,,STARTUP,,,UNRESOLVED,https://www.ycombinator.com/companies/fullseam
Waddle Labs,,STARTUP,,,UNRESOLVED,https://www.ycombinator.com/companies/waddle-labs
Linzumi,,STARTUP,,,UNRESOLVED,https://www.ycombinator.com/companies/linzumi
Advanced Metal Research,,STARTUP,,,UNRESOLVED,https://www.ycombinator.com/companies/advanced-metal-research
Ploy,,STARTUP,,,UNRESOLVED,https://www.ycombinator.com/companies/ploy
CatchBack Cards,,STARTUP,,,UNRESOLVED,https://www.ycombinator.com/companies/catchback-cards
Mantis,,STARTUP,,,UNRESOLVED,https://www.ycombinator.com/companies/mantis
Haladir,,STARTUP,,,UNRESOLVED,https://www.ycombinator.com/companies/haladir
ClaimGlide,,STARTUP,,,UNRESOLVED,https://www.ycombinator.com/companies/claimglide
Inviscid AI,Meta AI,STARTUP,fuzzy,85.5,RESOLVED,https://www.ycombinator.com/companies/inviscid-ai
Coasts,,STARTUP,,,UNRESOLVED,https://www.ycombinator.com/companies/coasts
Zephyr Fusion,,STARTUP,,,UNRESOLVED,https://www.ycombinator.com/companies/zephyr-fusion
Mayflower,,STARTUP,,,UNRESOLVED,https://www.ycombinator.com/companies/mayflower
Ndea,,STARTUP,,,UNRESOLVED,https://www.ycombinator.com/companies/ndea-com
item,,STARTUP,,,UNRESOLVED,https://www.ycombinator.com/companies/item
Crosslayer Labs,AI21 Labs,STARTUP,fuzzy,85.5,RESOLVED,https://www.ycombinator.com/companies/crosslayer-labs
Rivet,,STARTUP,,,UNRESOLVED,https://www.ycombinator.com/companies/rivet-design
Openroll,,STARTUP,,,UNRESOLVED,https://www.ycombinator.com/companies/openroll
Amika,,STARTUP,,,UNRESOLVED,https://www.ycombinator.com/companies/amika
Specific Labs,,STARTUP,,,UNRESOLVED,https://www.ycombinator.com/companies/specific-labs
Moss,,STARTUP,,,UNRESOLVED,https://www.ycombinator.com/companies/moss
Zarna,,STARTUP,,,UNRESOLVED,https://www.ycombinator.com/companies/zarna
MarkIt,,STARTUP,,,UNRESOLVED,https://www.ycombinator.com/companies/markit
Dome,,STARTUP,,,UNRESOLVED,https://www.ycombinator.com/companies/dome
Voltair,,STARTUP,,,UNRESOLVED,https://www.ycombinator.com/companies/voltair
Clicks Health,,STARTUP,,,UNRESOLVED,https://www.ycombinator.com/companies/clicks-health
Fastshot,,STARTUP,,,UNRESOLVED,https://www.ycombinator.com/companies/fastshot
Vector Legal,,STARTUP,,,UNRESOLVED,https://www.ycombinator.com/companies/vector-legal
Antigen,,STARTUP,,,UNRESOLVED,https://www.ycombinator.com/companies/antigen
LunaBill,,STARTUP,,,UNRESOLVED,https://www.ycombinator.com/companies/lunabill
Axial,,STARTUP,,,UNRESOLVED,https://www.ycombinator.com/companies/axial
Velvet,,STARTUP,,,UNRESOLVED,https://www.ycombinator.com/companies/velvet
DiligenceSquared,,STARTUP,,,UNRESOLVED,https://www.ycombinator.com/companies/diligencesquared-inc
Amera,,STARTUP,,,UNRESOLVED,https://www.ycombinator.com/companies/amera
Forge Robotics,,STARTUP,,,UNRESOLVED,https://www.ycombinator.com/companies/forge-robotics
Bluma,,STARTUP,,,UNRESOLVED,https://www.ycombinator.com/companies/bluma
Lightberry,,STARTUP,,,UNRESOLVED,https://www.ycombinator.com/companies/lightberry
The Hog,,STARTUP,,,UNRESOLVED,https://www.ycombinator.com/companies/the-hog
Layers,,STARTUP,,,UNRESOLVED,https://www.ycombinator.com/companies/layers
Boom AI,Stability AI,STARTUP,fuzzy,85.5,RESOLVED,https://www.ycombinator.com/companies/boom-ai
Freeport Markets,,STARTUP,,,UNRESOLVED,https://www.ycombinator.com/companies/freeport-markets
Miniswap,,STARTUP,,,UNRESOLVED,https://www.ycombinator.com/companies/miniswap
Rovi Health,,STARTUP,,,UNRESOLVED,https://www.ycombinator.com/companies/rovi-health
MadeThis,,STARTUP,,,UNRESOLVED,https://www.ycombinator.com/companies/madethis
General Astronautics,,STARTUP,,,UNRESOLVED,https://www.ycombinator.com/companies/generalastro
Jarmin,,STARTUP,,,UNRESOLVED,https://www.ycombinator.com/companies/jarmin
Exonic,,STARTUP,,,UNRESOLVED,https://www.ycombinator.com/companies/exonic
Lemma,,STARTUP,,,UNRESOLVED,https://www.ycombinator.com/companies/uselemma
Perseus,,STARTUP,,,UNRESOLVED,https://www.ycombinator.com/companies/perseus
Karumi,,STARTUP,,,UNRESOLVED,https://www.ycombinator.com/companies/karumi
Icarus,,STARTUP,,,UNRESOLVED,https://www.ycombinator.com/companies/icarus
Sava,,STARTUP,,,UNRESOLVED,https://www.ycombinator.com/companies/savahq
TakeCareOS,,STARTUP,,,UNRESOLVED,https://www.ycombinator.com/companies/takecareos
Denki,,STARTUP,,,UNRESOLVED,https://www.ycombinator.com/companies/denki
Metorial,,STARTUP,,,UNRESOLVED,https://www.ycombinator.com/companies/metorial
Kalpa Labs,,STARTUP,,,UNRESOLVED,https://www.ycombinator.com/companies/kalpa-labs
Absurd,,STARTUP,,,UNRESOLVED,https://www.ycombinator.com/companies/absurd
Clad Labs,,STARTUP,,,UNRESOLVED,https://www.ycombinator.com/companies/clad-labs
Automax.ai,xAI,STARTUP,fuzzy,90.0,RESOLVED,https://www.ycombinator.com/companies/automax-ai
Specific,,STARTUP,,,UNRESOLVED,https://www.ycombinator.com/companies/specific
Primer,,STARTUP,,,UNRESOLVED,https://www.ycombinator.com/companies/primer
Narrative,,STARTUP,,,UNRESOLVED,https://www.ycombinator.com/companies/usenarrative
Crunched,,STARTUP,,,UNRESOLVED,https://www.ycombinator.com/companies/crunched
Lua Global Inc,,STARTUP,,,UNRESOLVED,https://www.ycombinator.com/companies/lua-global-inc
Philon,,STARTUP,,,UNRESOLVED,https://www.ycombinator.com/companies/philon
Sourcebot,,STARTUP,,,UNRESOLVED,https://www.ycombinator.com/companies/sourcebot
Zalos,,STARTUP,,,UNRESOLVED,https://www.ycombinator.com/companies/zalos
Prism,,STARTUP,,,UNRESOLVED,https://www.ycombinator.com/companies/tryprism
Aside,,STARTUP,,,UNRESOLVED,https://www.ycombinator.com/companies/aside
Scott AI,Stability AI,STARTUP,fuzzy,85.5,RESOLVED,https://www.ycombinator.com/companies/scott-ai
Everest,,STARTUP,,,UNRESOLVED,https://www.ycombinator.com/companies/everest
Expected Parrot,,STARTUP,,,UNRESOLVED,https://www.ycombinator.com/companies/expected-parrot
Imagine AI,,STARTUP,,,UNRESOLVED,https://www.ycombinator.com/companies/imagine-ai
Anto Biosciences,,STARTUP,,,UNRESOLVED,https://www.ycombinator.com/companies/anto-biosciences
Patent Watch,,STARTUP,,,UNRESOLVED,https://www.ycombinator.com/companies/patent-watch
s2.dev,,STARTUP,,,UNRESOLVED,https://www.ycombinator.com/companies/s2-dev
Tornyol,,STARTUP,,,UNRESOLVED,https://www.ycombinator.com/companies/tornyol
Nucleo,,STARTUP,,,UNRESOLVED,https://www.ycombinator.com/companies/nucleo
Leadbay,,STARTUP,,,UNRESOLVED,https://www.ycombinator.com/companies/leadbay
Pixley AI,,STARTUP,,,UNRESOLVED,https://www.ycombinator.com/companies/pixley-ai
Cortex AI,,STARTUP,,,UNRESOLVED,https://www.ycombinator.com/companies/cortex-ai
Sol,,STARTUP,,,UNRESOLVED,https://www.ycombinator.com/companies/solbrowser
Thesis,,STARTUP,,,UNRESOLVED,https://www.ycombinator.com/companies/thesis
Oxus,,STARTUP,,,UNRESOLVED,https://www.ycombinator.com/companies/oxus
Play Health,,STARTUP,,,UNRESOLVED,https://www.ycombinator.com/companies/play-health
Casey,,STARTUP,,,UNRESOLVED,https://www.ycombinator.com/companies/casey
Selfin,,STARTUP,,,UNRESOLVED,https://www.ycombinator.com/companies/selfin
Compyle,,STARTUP,,,UNRESOLVED,https://www.ycombinator.com/companies/compyle
Lexi,Perplexity AI,STARTUP,fuzzy,90.0,RESOLVED,https://www.ycombinator.com/companies/lexi
Codyco,,STARTUP,,,UNRESOLVED,https://www.ycombinator.com/companies/codyco
ComplyDo,,STARTUP,,,UNRESOLVED,https://www.ycombinator.com/companies/complydo
Bravi,,STARTUP,,,UNRESOLVED,https://www.ycombinator.com/companies/bravi
Rovr,,STARTUP,,,UNRESOLVED,https://www.ycombinator.com/companies/rovr
FinalDose,,STARTUP,,,UNRESOLVED,https://www.ycombinator.com/companies/finaldose
Sunflower,,STARTUP,,,UNRESOLVED,https://www.ycombinator.com/companies/sunflower
Captain,,STARTUP,,,UNRESOLVED,https://www.ycombinator.com/companies/captain
Redapto,,STARTUP,,,UNRESOLVED,https://www.ycombinator.com/companies/redapto
Helonic,,STARTUP,,,UNRESOLVED,https://www.ycombinator.com/companies/helonic
Aleph Lab,,STARTUP,,,UNRESOLVED,https://www.ycombinator.com/companies/aleph-lab
Logical,,STARTUP,,,UNRESOLVED,https://www.ycombinator.com/companies/logical
Agentic Fabriq,,STARTUP,,,UNRESOLVED,https://www.ycombinator.com/companies/agentic-fabriq
Travo,,STARTUP,,,UNRESOLVED,https://www.ycombinator.com/companies/travo
Tensr,,STARTUP,,,UNRESOLVED,https://www.ycombinator.com/companies/tensr
Kestrel AI,,STARTUP,,,UNRESOLVED,https://www.ycombinator.com/companies/kestrel-ai
LogosGuard,,STARTUP,,,UNRESOLVED,https://www.ycombinator.com/companies/logosguard
Sciloop,,STARTUP,,,UNRESOLVED,https://www.ycombinator.com/companies/sciloop
Multifactor,,STARTUP,,,UNRESOLVED,https://www.ycombinator.com/companies/multifactor
Allus AI,Stability AI,STARTUP,fuzzy,85.5,RESOLVED,https://www.ycombinator.com/companies/allus-ai
Unsiloed AI,Meta AI,STARTUP,fuzzy,85.5,RESOLVED,https://www.ycombinator.com/companies/unsiloed-ai
SF Tensor,,STARTUP,,,UNRESOLVED,https://www.ycombinator.com/companies/sf-tensor
AnswerThis,,STARTUP,,,UNRESOLVED,https://www.ycombinator.com/companies/answerthis
Terrain,,STARTUP,,,UNRESOLVED,https://www.ycombinator.com/companies/terrain
Lakonia,,STARTUP,,,UNRESOLVED,https://www.ycombinator.com/companies/lakonia
SellRaze,,STARTUP,,,UNRESOLVED,https://www.ycombinator.com/companies/sellraze
Clerked,,STARTUP,,,UNRESOLVED,https://www.ycombinator.com/companies/clerked
Semble AI,,STARTUP,,,UNRESOLVED,https://www.ycombinator.com/companies/semble-ai
Flick,,STARTUP,,,UNRESOLVED,https://www.ycombinator.com/companies/flick
hillclimb,,STARTUP,,,UNRESOLVED,https://www.ycombinator.com/companies/hillclimb
AtlasGrid,,STARTUP,,,UNRESOLVED,https://www.ycombinator.com/companies/atlasgrid
Wardstone,,STARTUP,,,UNRESOLVED,https://www.ycombinator.com/companies/wardstone
Nessie,,STARTUP,,,UNRESOLVED,https://www.ycombinator.com/companies/nessie
Hypercubic,,STARTUP,,,UNRESOLVED,https://www.ycombinator.com/companies/hypercubic
Cranston AI,Meta AI,STARTUP,fuzzy,85.5,RESOLVED,https://www.ycombinator.com/companies/cranston-ai
Trelium,,STARTUP,,,UNRESOLVED,https://www.ycombinator.com/companies/trelium
Velum Labs,,STARTUP,,,UNRESOLVED,https://www.ycombinator.com/companies/velum-labs
Veria Labs,,STARTUP,,,UNRESOLVED,https://www.ycombinator.com/companies/veria-labs
Minro,,STARTUP,,,UNRESOLVED,https://www.ycombinator.com/companies/minro
Tell if AI,,STARTUP,,,UNRESOLVED,https://www.ycombinator.com/companies/tell-if-ai
Bron,,STARTUP,,,UNRESOLVED,https://www.ycombinator.com/companies/bron
Koyal,,STARTUP,,,UNRESOLVED,https://www.ycombinator.com/companies/koyal
Kaigo Health,,STARTUP,,,UNRESOLVED,https://www.ycombinator.com/companies/kaigo-health
Norra,,STARTUP,,,UNRESOLVED,https://www.ycombinator.com/companies/norra
Soren,,STARTUP,,,UNRESOLVED,https://www.ycombinator.com/companies/soren
Lunavo,,STARTUP,,,UNRESOLVED,https://www.ycombinator.com/companies/lunavo
dari.dev,,STARTUP,,,UNRESOLVED,https://www.ycombinator.com/companies/daridev
The Context Company,,STARTUP,,,UNRESOLVED,https://www.ycombinator.com/companies/the-context-company
Sorce,,STARTUP,,,UNRESOLVED,https://www.ycombinator.com/companies/sorce
Caddy,,STARTUP,,,UNRESOLVED,https://www.ycombinator.com/companies/caddy
Alt-X,,STARTUP,,,UNRESOLVED,https://www.ycombinator.com/companies/alt-x
Locus,,STARTUP,,,UNRESOLVED,https://www.ycombinator.com/companies/locus
Deeptrace,,STARTUP,,,UNRESOLVED,https://www.ycombinator.com/companies/deeptrace
Aspect,,STARTUP,,,UNRESOLVED,https://www.ycombinator.com/companies/aspect-inc
Scoop,,STARTUP,,,UNRESOLVED,https://www.ycombinator.com/companies/scoop
Hyperspell,,STARTUP,,,UNRESOLVED,https://www.ycombinator.com/companies/hyperspell
Bolna AI,Stability AI,STARTUP,fuzzy,85.5,RESOLVED,https://www.ycombinator.com/companies/bolna-ai
Nexus,,STARTUP,,,UNRESOLVED,https://www.ycombinator.com/companies/gpt
Sylvian,,STARTUP,,,UNRESOLVED,https://www.ycombinator.com/companies/sylvian
Zavo,,STARTUP,,,UNRESOLVED,https://www.ycombinator.com/companies/zavo
MOVEdot,,STARTUP,,,UNRESOLVED,https://www.ycombinator.com/companies/movedot
Parrot,,STARTUP,,,UNRESOLVED,https://www.ycombinator.com/companies/parrot
Brickwise,,STARTUP,,,UNRESOLVED,https://www.ycombinator.com/companies/brickwise
Parse,,STARTUP,,,UNRESOLVED,https://www.ycombinator.com/companies/parse-bot
Structured AI,Meta AI,STARTUP,fuzzy,85.5,RESOLVED,https://www.ycombinator.com/companies/structured-ai
Uplane,,STARTUP,,,UNRESOLVED,https://www.ycombinator.com/companies/uplane
AirCaps,,STARTUP,,,UNRESOLVED,https://www.ycombinator.com/companies/aircaps
Brickanta,,STARTUP,,,UNRESOLVED,https://www.ycombinator.com/companies/brickanta
F2,,STARTUP,,,UNRESOLVED,https://www.ycombinator.com/companies/f2
Remedy,,STARTUP,,,UNRESOLVED,https://www.ycombinator.com/companies/remedy
Semiotic,,STARTUP,,,UNRESOLVED,https://www.ycombinator.com/companies/semiotic
Lapis,,STARTUP,,,UNRESOLVED,https://www.ycombinator.com/companies/lapis
Efference,,STARTUP,,,UNRESOLVED,https://www.ycombinator.com/companies/efference
Nox Metals,,STARTUP,,,UNRESOLVED,https://www.ycombinator.com/companies/nox-metals
Digipals,,STARTUP,,,UNRESOLVED,https://www.ycombinator.com/companies/digipals
Blue,,STARTUP,,,UNRESOLVED,https://www.ycombinator.com/companies/blue
Mixy,,STARTUP,,,UNRESOLVED,https://www.ycombinator.com/companies/mixy
Paloma,,STARTUP,,,UNRESOLVED,https://www.ycombinator.com/companies/paloma
Uplift AI,,STARTUP,,,UNRESOLVED,https://www.ycombinator.com/companies/uplift-ai
RealRoots,,STARTUP,,,UNRESOLVED,https://www.ycombinator.com/companies/realroots
Luminal,,STARTUP,,,UNRESOLVED,https://www.ycombinator.com/companies/luminal
Freya,,STARTUP,,,UNRESOLVED,https://www.ycombinator.com/companies/freya
burnt,,STARTUP,,,UNRESOLVED,https://www.ycombinator.com/companies/burnt
Avent,,STARTUP,,,UNRESOLVED,https://www.ycombinator.com/companies/avent
Ruvo,,STARTUP,,,UNRESOLVED,https://www.ycombinator.com/companies/ruvo
Veritus,,STARTUP,,,UNRESOLVED,https://www.ycombinator.com/companies/veritus
Sapien,,STARTUP,,,UNRESOLVED,https://www.ycombinator.com/companies/outrove
NOSO LABS,,STARTUP,,,UNRESOLVED,https://www.ycombinator.com/companies/noso-labs
Vulcan Technologies,,STARTUP,,,UNRESOLVED,https://www.ycombinator.com/companies/vulcan-technologies
Bizzy AI,Stability AI,STARTUP,fuzzy,85.5,RESOLVED,https://www.ycombinator.com/companies/geo-ai
Spotlight Realty,,STARTUP,,,UNRESOLVED,https://www.ycombinator.com/companies/spotlight-realty
Interfere,,STARTUP,,,UNRESOLVED,https://www.ycombinator.com/companies/interfere
Munify,,STARTUP,,,UNRESOLVED,https://www.ycombinator.com/companies/munify
RowFlow,,STARTUP,,,UNRESOLVED,https://www.ycombinator.com/companies/rowflow
TectoAI,,STARTUP,,,UNRESOLVED,https://www.ycombinator.com/companies/tectoai
Duranium,,STARTUP,,,UNRESOLVED,https://www.ycombinator.com/companies/duranium
Smartbase,,STARTUP,,,UNRESOLVED,https://www.ycombinator.com/companies/smartbase
Perspectives Health,,STARTUP,,,UNRESOLVED,https://www.ycombinator.com/companies/perspectives-health
Modelence,,STARTUP,,,UNRESOLVED,https://www.ycombinator.com/companies/modelence
Magnetic,,STARTUP,,,UNRESOLVED,https://www.ycombinator.com/companies/magnetic
Fleetline,,STARTUP,,,UNRESOLVED,https://www.ycombinator.com/companies/fleetline
CLODO,,STARTUP,,,UNRESOLVED,https://www.ycombinator.com/companies/clodo
stagewise,,STARTUP,,,UNRESOLVED,https://www.ycombinator.com/companies/stagewise
Flywheel AI,Meta AI,STARTUP,fuzzy,85.5,RESOLVED,https://www.ycombinator.com/companies/flywheel-ai
Button Computer,,STARTUP,,,UNRESOLVED,https://www.ycombinator.com/companies/button-computer
Juxta,,STARTUP,,,UNRESOLVED,https://www.ycombinator.com/companies/juxta
Okibi,,STARTUP,,,UNRESOLVED,https://www.ycombinator.com/companies/okibi
