content_id,raw_name,canonical_name,source_name,source_url,employee_count,domain,resolution_status,matching_method,confidence
ace901c2b5af1529d79b7f5b396b2308bb6a16b0bff60eb4b5e3db43c4cc4387,Forward,,ycombinator,https://www.ycombinator.com/companies/useforward,,https://www.useforward.co/,UNRESOLVED,,
23d6305451721d60c9336224b8fc3cae2ad0757b60d7db6b1af7e82133a183ca,Qokedas,,ycombinator,https://www.ycombinator.com/companies/qokedas,,https://qokedas.com/,UNRESOLVED,,
72048caa20d10f612b95a300d121d83a7057870eb2e43e630f8248dae8480cd6,herdr,,ycombinator,https://www.ycombinator.com/companies/herdr,,https://herdr.dev/,UNRESOLVED,,
838d47cb4a22b2854ca80d5ef3e69c0b5defcee3425f4f51fe9a4e5fdaa23373,Lambda Robotics,,ycombinator,https://www.ycombinator.com/companies/lambda-robotics,,https://lambdarobotics.ai,UNRESOLVED,,
0bcdc3f60d043bd588165f3e5cedd68fbebb0c8af8337a70c901db533792c14a,Conifer,,ycombinator,https://www.ycombinator.com/companies/conifer,,https://www.conifer.build,UNRESOLVED,,
32fe79a36c22a40b087cb9a6835a6a3bb9fb0723fac5a1f3dbf4b75b35b23d55,Simantic,,ycombinator,https://www.ycombinator.com/companies/simantic,,https://simantic.dev,UNRESOLVED,,
87beb81c71af9544a0f21317e7a45440eca6b522ffb1821c2eed906fda3273b5,Experiential Labs,AI21 Labs,ycombinator,https://www.ycombinator.com/companies/experiential-labs,,https://experientiallabs.ai,RESOLVED,,
4276a24a38316628d8afafa9324c2e6fc66bfdc9604ece9e305063e14944b8bd,Edviro,,ycombinator,https://www.ycombinator.com/companies/edviro,,https://edviroenergy.com,UNRESOLVED,,
c0e24dc3a69bc793dfa7a72599a75f3393f2e4741cf67c2e61daaee58b174f74,Coasty,,ycombinator,https://www.ycombinator.com/companies/coasty,,http://coasty.ai/,UNRESOLVED,,
985b62b82177c64435995d1486974cc97d16611526023e9671ef6dbca3761f27,Caution,,ycombinator,https://www.ycombinator.com/companies/caution,,https://caution.co,UNRESOLVED,,
5264bcfa3b9523bba192737cea973e50ed9ced91eb7548718ff78cbf01f3d867,Atomarine,,ycombinator,https://www.ycombinator.com/companies/atomarine,,https://atomarine.co,UNRESOLVED,,
a0c9d87fc5e8a2567b76191915d203e5bfb5510928a6fbd0b9f846a7342ef48f,Billow AI Labs,Meta AI,ycombinator,https://www.ycombinator.com/companies/billow-ai-labs,,https://thebillow.ai/,RESOLVED,,
5d091a7c6c4c88a541486edf88b56ce5985cedc588267e687c35fa6b379043bb,hardware intelligence,,ycombinator,https://www.ycombinator.com/companies/hardware-intelligence,,https://hardwareintelligence.ai,UNRESOLVED,,
12fc63448d4101c8dbbd2e879e024f642eb406418e50388d89d632e62d4f0de3,Osseus,,ycombinator,https://www.ycombinator.com/companies/osseus,,https://osseus.ai/,UNRESOLVED,,
6c48c4a77f2a44f6b9cb62304d6f01f8e1efe21024c6377958e12dd2c8b1b57e,Salem Robotics Inc,,ycombinator,https://www.ycombinator.com/companies/salem-robotics-inc,,https://salemroboticsinc.com,UNRESOLVED,,
a206c67c0c267703c91fc9ba09598c419e8b643209a2761e1a00c8ecfd9e47f8,Robocurve,,ycombinator,https://www.ycombinator.com/companies/robocurve,,https://robocurve.org,UNRESOLVED,,
f1b043931b64b3ef44ab72aa0f74e16ce94ad8e24164aa8621e4dd7e0e16f1af,hiloop,,ycombinator,https://www.ycombinator.com/companies/hiloop,,https://hiloop.ai,UNRESOLVED,,
7f647eff709004970495c53735a969b09dbc1cc13ae08cafa4d66019b03c1630,Dawn Industries,,ycombinator,https://www.ycombinator.com/companies/dawn-industries,,https://www.dawnxr.com,UNRESOLVED,,
47e97f5fc6bd9410bdc4d986310ef5a17f2aa8cf4496d1a52f5b0fca415490e5,Nex,,ycombinator,https://www.ycombinator.com/companies/nex,,https://nex.ai,UNRESOLVED,,
491486fe713fb54fc073c0bdc71d0026686100f40852d78c1142c4f2ef27022f,OneCLI,,ycombinator,https://www.ycombinator.com/companies/onecli,,https://onecli.sh,UNRESOLVED,,
4e7a845606a81c8ffcb162dcfe2fd640d9264adf35051ae526f61a7aad56719f,Wondering,,ycombinator,https://www.ycombinator.com/companies/wondering,,https://wondering.app,UNRESOLVED,,
de4477bbf5b409cfa72ae93707270ef23225e9272f39bb64f1eac0b022e0a13b,Tracer,,ycombinator,https://www.ycombinator.com/companies/tracer,,https://tracerml.ai,UNRESOLVED,,
a5f1ed8350d79e497cb73b21117c48a363009773839da4ce06d73efb2198405a,Amulet,,ycombinator,https://www.ycombinator.com/companies/amulet,,https://amulet.so/,UNRESOLVED,,
bc3c9273fc5da6ed09b77d9e95e203dde568ab0611e80aad93b18a70283a9fb8,Avoca Systems,,ycombinator,https://www.ycombinator.com/companies/avoca-systems,,https://avocasystems.com,UNRESOLVED,,
53a26f4c2f5e1dfd25bcc16c7a0d9ebefc548c5d66cdaae5670c788659e63f6e,SubVysion,,ycombinator,https://www.ycombinator.com/companies/subvysion,,https://subvysion.com,UNRESOLVED,,
ed4e0fcc3ccd00eee0d19f91e71dd73c2182317f36a51dabee9a698018526563,"SpaceFlow Technologies, Inc.",,ycombinator,https://www.ycombinator.com/companies/spaceflow-technologies-inc,,https://spaceflow.tech,UNRESOLVED,,
990d55d0fbd38d567b26b4a2a2655311c7c9d41e9436447911233cbfc143056c,Petrarch,,ycombinator,https://www.ycombinator.com/companies/petrarch,,https://petrarch.co/,UNRESOLVED,,
f53d7088a9b14352de7a2743e7ca031dc2da16aa5716018c93e7c992fbad1d10,Locke,,ycombinator,https://www.ycombinator.com/companies/locke,,https://locke.inc,UNRESOLVED,,
040e7e8979fcd61a0e9ed06d6ec01ce812d4d1dd004cac960a227ff776102b5d,Florin,,ycombinator,https://www.ycombinator.com/companies/florin,,https://florin.inc,UNRESOLVED,,
57dd77f847f85a74bb9315231d038dc032d8a050d7798ec69dd2acc6d2c404e8,Earendil Robotics,,ycombinator,https://www.ycombinator.com/companies/earendil-robotics,,https://earendil.io,UNRESOLVED,,
836a70a1c5dbc3c806899877b11a8e9824c681f7e5b1d4603d2a0292a88ba1d2,Hebbian Robotics,,ycombinator,https://www.ycombinator.com/companies/hebbian-robotics,,https://hebbianrobotics.com/,UNRESOLVED,,
bccfa460e8b952b29217c7ed68c75974993272b5b072d68742f04cecd774ac19,Hop Aero,,ycombinator,https://www.ycombinator.com/companies/hop-aero,,https://hop-aero.com,UNRESOLVED,,
97ab448f95d36b8d2663bb081c5a5c96e18c795c73a0ee9851b53bf5bf2dfd7e,Agent FM,,ycombinator,https://www.ycombinator.com/companies/agent-fm,,https://www.agentfm.ai/,UNRESOLVED,,
533a7c655bc847f291d65a63cba28cf330fd88b7e1d31c17546a5a3c790d944a,OpenRelay,,ycombinator,https://www.ycombinator.com/companies/openrelay,,https://www.openrelay.inc,UNRESOLVED,,
c6fe55359575f0ff75c09298a4355f80751605469c53494e6c0e2ffee1ced5dc,Dock,,ycombinator,https://www.ycombinator.com/companies/dock,,https://trydock.ai,UNRESOLVED,,
bb661e23e12d03ecc74d7c5602941287d81a2e356b81b8f7c9f169b4ef11f883,HyperProbe,,ycombinator,https://www.ycombinator.com/companies/hyperprobe,,http://hyperprobe.co,UNRESOLVED,,
2d8a6fa009fc480e29adf7fb32e1d47895b9787640b788eb545b1dfe5d7a3982,Grip,,ycombinator,https://www.ycombinator.com/companies/grip,,https://www.griprobotics.ai,UNRESOLVED,,
e8c85fb533d24979d16d9b400ca3dea4dff30d2f9ade8249a725f0c500c1893b,Skymerse,,ycombinator,https://www.ycombinator.com/companies/skymerse,,https://skymerse.com,UNRESOLVED,,
3ef83b44c8866bbe3a872388f9cfc622f8c57f6562ec9c97295fe413d7a1408c,Hubble,,ycombinator,https://www.ycombinator.com/companies/hubble-ai,,https://hubble.ai/,UNRESOLVED,,
4e96f0b520eaecbcfa481227e3c544a14a92bb8ab49c1a7513f6dc0ef81a0a6f,Palisade,,ycombinator,https://www.ycombinator.com/companies/palisade-2,,,UNRESOLVED,,
3e8efd28a1a0ca9b3b3b9e3666e19d62655ab48cdb6bb7f447dae7b14ee2e936,83 Sciences,,ycombinator,https://www.ycombinator.com/companies/83-sciences,,https://83sciences.ai,UNRESOLVED,,
7074b7ec5423103021eb9620fc7b36aa581aaa7599419f44cefe416acd737411,Chromie,,ycombinator,https://www.ycombinator.com/companies/chromie,,https://chromie.dev,UNRESOLVED,,
2812fd257d04b4f0c2e0be7df2b9637ff4fc24c866a29948c790083d998009e5,Lamb Labs,,ycombinator,https://www.ycombinator.com/companies/lamb-labs,,http://lamb-labs.com,UNRESOLVED,,
6f258786ef747fe375f74d0f65e5277cc7a2ac4d58b339c4b697691dd71051ca,Mireye,,ycombinator,https://www.ycombinator.com/companies/mireye,,https://www.mireye.com/,UNRESOLVED,,
d834ad3c7aaf7d8dd1d218117e47b56268bba76306017f73b2b7f0de32036d81,Derya,,ycombinator,https://www.ycombinator.com/companies/derya,,http://usederya.com,UNRESOLVED,,
500df00ed89e547b6fbd6c2e7b8f25cbc7226967d4ed00be6ea01d591ff84747,Decawork,,ycombinator,https://www.ycombinator.com/companies/decawork,,https://decawork.ai/,UNRESOLVED,,
c8c1954c04cecf8704ebe365ffbd838871f5ef6173d9ffd7112b55922a69f8f8,CarSignal,,ycombinator,https://www.ycombinator.com/companies/carsignal,,https://www.trycarsignal.com,UNRESOLVED,,
39b9fa8036468777602d27ee74042a7a318acd75357d48b282ff19c39aea9e52,Axelrod,,ycombinator,https://www.ycombinator.com/companies/axelrod,,https://axelrod.live/,UNRESOLVED,,
a510e17a8f343cb2c5f6f85c80987f1db8d7181c789b340bf53cb6093fe71154,Levocred AI,Meta AI,ycombinator,https://www.ycombinator.com/companies/levocred-ai,,https://levocred.com/,RESOLVED,,
295653d81400542b3e9c29e5723373784247f0bfa0dcaa9e499c0d61532346b2,Praxis AI,,ycombinator,https://www.ycombinator.com/companies/praxis-ai-2,,https://www.praxisrobotics.io,UNRESOLVED,,
6035b0f89a414453ae1a9aa57204af0e6ccdc45c19b975c62fb285e501f87eef,Care GP,,ycombinator,https://www.ycombinator.com/companies/care-gp,,https://caregp.com.au/,UNRESOLVED,,
d35dbcb41a315e211ec35fe64a36ac1f68f83ba5e5ce6698729d7ff962e2a264,Radley,,ycombinator,https://www.ycombinator.com/companies/radley,,https://radley.health/,UNRESOLVED,,
2d412e685e0e2b56dbbd98ab24474648b0fb3fa73d4e2470594fb76c03d38b09,Agnost AI,,ycombinator,https://www.ycombinator.com/companies/agnost-ai,,https://agnost.ai,UNRESOLVED,,
c4a767b1cb7923b266b2ffbc55928bfadddd1b2312a4edd7a1d8bdb6f5e6f59d,Agentcard,,ycombinator,https://www.ycombinator.com/companies/agentcard,,https://agentcard.sh,UNRESOLVED,,
6f953317c5d768e3ec6907fc1b63a979c0ef6c1de728ee76d284507ffc9c6763,ProvenMetal,,ycombinator,https://www.ycombinator.com/companies/provenmetal,,https://provenmetal.com,UNRESOLVED,,
a15ab401a295df1fce79aeeb2c2b499b976e2acd21247a71052eebd60bead869,Gamgee,,ycombinator,https://www.ycombinator.com/companies/gamgee,,https://gamgee.io/,UNRESOLVED,,
8562c8984022a21fb18e5567744e51457bd7f8067bbe1145cb637e5fe9449732,Inkbox,,ycombinator,https://www.ycombinator.com/companies/inkbox,,https://inkbox.ai,UNRESOLVED,,
9c6e44ebaf44dee2070e72c72eab109826850dc1d41a9a234067b8f2f59a208a,Operon,,ycombinator,https://www.ycombinator.com/companies/operon,,https://operonsolutions.com/en,UNRESOLVED,,
348ed220e86e7da987416a88c34b4e4d32f7335d460b3abec93c1663e736be94,Cosmic Robotics,,ycombinator,https://www.ycombinator.com/companies/cosmic-robotics,,https://www.cosmicrobotics.com/,UNRESOLVED,,
e7e6ad63615db12f5477b74577758e999f6dfc157f4f5d20a560866805d4f9b0,Markov,,ycombinator,https://www.ycombinator.com/companies/markov,,https://www.markovstudios.com/,UNRESOLVED,,
ac74e66fada53d53744e043f5d47ab6ecba37abe4022498d48f68f690634542a,Lumeria,,ycombinator,https://www.ycombinator.com/companies/lumeria,,https://lumeria.skin,UNRESOLVED,,
443ae66be9f527d40206c0389b859b2d445125c787572c2d9f753754c98dca53,Marengo,,ycombinator,https://www.ycombinator.com/companies/marengo,,https://marengox.com,UNRESOLVED,,
ef8291c450ddb82569b1597a97f926ba3cce49974a2c505cb3b8bda3deb2125b,RonanRx Inc.,,ycombinator,https://www.ycombinator.com/companies/ronanrx-inc,,https://ronanrx.com/,UNRESOLVED,,
622491e97570fa1a50f5d51f998bf419301f0acfaf8289a94cc8d2c500fa7589,Executor,,ycombinator,https://www.ycombinator.com/companies/executor,,https://executor.sh,UNRESOLVED,,
a279440fd11688e2ea0d7f5da187549a534357aafaefdcc93dc8ca1923ee7255,Last Accounting Company,,ycombinator,https://www.ycombinator.com/companies/last-accounting-company,,https://lastaccountingcompany.com/,UNRESOLVED,,
3a2531cb17b35c6cb48f97d8c369f8466e7d98123f2cf0fc2292f4b1388b1e39,Pacific,,ycombinator,https://www.ycombinator.com/companies/pacific,,https://gopacific.ai/,UNRESOLVED,,
a0166d4b887368bf388cf297363e77ed98bf4de80d024bac3660a2a2035e1c88,Luca IQ,,ycombinator,https://www.ycombinator.com/companies/luca-iq,,https://lucaiq.com/,UNRESOLVED,,
01294f62f17b708aa1d0a4753e053eee1f1d947e9a12184df7bccb127dd2f8e8,Computable,,ycombinator,https://www.ycombinator.com/companies/computable,,https://getcomputable.com,UNRESOLVED,,
00ab90596881c2e6405b00f7f64c03bcdcda8620400b7b1293fa4d8d7533477e,Denta,,ycombinator,https://www.ycombinator.com/companies/denta,,https://trydenta.com,UNRESOLVED,,
5a1cb865ac3cc60fa7056efbb8476d9fcc21bc003f7dbcf670b629ba551a8800,Isengard Industries Inc,,ycombinator,https://www.ycombinator.com/companies/isengard-industries-inc,,http://isengardindustries.com/,UNRESOLVED,,
02266031b071e22e21af149e8f54f9e8f9c97a939253132e2405d54de11462ac,Ekho Labs,,ycombinator,https://www.ycombinator.com/companies/ekho-labs,,https://ekholabs.com/,UNRESOLVED,,
b7594a1b6c6e7f88aae8fbf7c6a07b2c0df7fb24dee38706eddf2efe54dbcbf6,Vestris,,ycombinator,https://www.ycombinator.com/companies/vestris,,https://vestris.ai/,UNRESOLVED,,
6137406b5aec457d5e9cb0a83920472d5e5178cc88b5812a96b65faf97c1675b,Ultrasonium,,ycombinator,https://www.ycombinator.com/companies/ultrasonium,,https://ultrasonium.com/,UNRESOLVED,,
21e30b5c4384a68180223c376bd5040837ef19d1d27afe63c852391c956cccb2,Arbital,,ycombinator,https://www.ycombinator.com/companies/arbital,,https://www.arbital.xyz,UNRESOLVED,,
95cf4c88720b0bcbe8d75e3b90655df8b930aa077fd474a8f84920dd5653a3d2,PokerClubHub,,ycombinator,https://www.ycombinator.com/companies/pokerclubhub,,https://www.pokerclubhub.com,UNRESOLVED,,
c7a90d431b160901e9ebba0f1c9acdd500dc06cbf1e07337519b2246051975e5,Neuron Industries,,ycombinator,https://www.ycombinator.com/companies/neuron-industries,,https://neuronindustries.com,UNRESOLVED,,
58ebc29d2e961b5deefee6c62cf05af3c22ef4d27dd80420819a7d7c6fd68f23,Neuromorphic,,ycombinator,https://www.ycombinator.com/companies/neuromorphic,,https://www.neuromorphic.vision/,UNRESOLVED,,
77dc2e22ebcfc4425085e764d094c0e672f38f5c94c23a90c0798150aba45537,LATO,,ycombinator,https://www.ycombinator.com/companies/lato,,https://www.latolabs.io/,UNRESOLVED,,
c2dbba958721a3cd596a444574c431c24f9f585b7385338bec457bbc5cabc422,Risklytics,,ycombinator,https://www.ycombinator.com/companies/risklytics,,https://www.risklytics.ai/,UNRESOLVED,,
a963c2ae8cd53e35b023cba2206a90fe6007cbfa012ac5cdf666a910ad4e7287,Daqstra,,ycombinator,https://www.ycombinator.com/companies/daqstra,,https://www.daqstra.com,UNRESOLVED,,
30da801eb1e428fc2a314c0066575f965e3995b7d0cd04d1e877d557bff519c3,Qlo,,ycombinator,https://www.ycombinator.com/companies/qlo,,https://www.getqlo.com/,UNRESOLVED,,
98e0594bc3cb6e7968dae229848eaaf631c2f8900c8701019e7b57ca9a0f9e7f,Fabraix,,ycombinator,https://www.ycombinator.com/companies/fabraix,,https://fabraix.com,UNRESOLVED,,
6a4030a9755671339e49348c0f07974a7300bb516eac2ec7f608034f0a835111,Omanta,,ycombinator,https://www.ycombinator.com/companies/omanta,,https://omanta.com/,UNRESOLVED,,
35905a14fd8add1ae218ddb37fd17a0f45b36b20b51fe626662683b78ba2bb28,Rational,,ycombinator,https://www.ycombinator.com/companies/rational,,https://rational.to,UNRESOLVED,,
ba68ab8886a3cd2c10f8be0556d6665ab11256bacea7691c4f9c847fc1176cb3,Aktoria Robotics,,ycombinator,https://www.ycombinator.com/companies/aktoria-robotics,,https://aktoria.com/,UNRESOLVED,,
7041cacf5246179a5600eb02a04041dabea9285f1fae082910cddeb4b28006a9,Vendo,,ycombinator,https://www.ycombinator.com/companies/vendo,,https://vendo.run/,UNRESOLVED,,
a6e556223d5b0ed2200d253da9adbe9799331839bc133cd7fd9c7485bc7c1245,Click,,ycombinator,https://www.ycombinator.com/companies/click,,https://www.useclick.ai,UNRESOLVED,,
b785ea4a36d899638d33d5ca733905a3b2422cb0152e7f0255aa81a3496e6f57,Whitespace,,ycombinator,https://www.ycombinator.com/companies/whitespace,,https://whitespacehq.ai/,UNRESOLVED,,
b5e17192f7755ab5f213428d30b1f94d0f7348044e1deb5527b78ba833ae779f,Orvixo,,ycombinator,https://www.ycombinator.com/companies/orvixo,,https://www.orvixo.ai/,UNRESOLVED,,
fc72ff4e6d994efbc82d15da174d99f74b88106fd2a092b23f3df2d065dd5898,Almanac,,ycombinator,https://www.ycombinator.com/companies/almanac,,https://usealmanac.com,UNRESOLVED,,
c8e4a3c97e35c214706d48662b04066d2a681f8977836bf75c0a6b517018ff20,TareBio,,ycombinator,https://www.ycombinator.com/companies/tarebio,,https://tarebio.com/,UNRESOLVED,,
155335602d0ebb1a4d5b336beb862a0067c875267fb84de49f499bcd4db3508e,Greypoint Industries,,ycombinator,https://www.ycombinator.com/companies/greypoint-industries,,https://greypointindustries.com/,UNRESOLVED,,
8e9dda5783b578651a825e47f8189cbec3a91a0c149f2a971676ea4d7b55d064,Graphify Labs,,ycombinator,https://www.ycombinator.com/companies/graphify-labs,,https://www.graphify.com/,UNRESOLVED,,
b5523c46ceeedfb39c8b75b04bdd93d93308b9d99ca3cb374e57f636a8fe31d0,Ooak Data,,ycombinator,https://www.ycombinator.com/companies/ooak-data,,https://ooakdata.com/,UNRESOLVED,,
61c2a283b96d02cc452bdef3b31c79dc8585d189cf716c7a9e39025a25bce90f,Nori,,ycombinator,https://www.ycombinator.com/companies/noril1,,http://norirobotics.com,UNRESOLVED,,
2e9b1e6ca118a08c0bcc3cc8a187df7ff7ec390cf061a08f2d6573836f5052f5,6thSense,,ycombinator,https://www.ycombinator.com/companies/6thsense,,https://6thsense.dev,UNRESOLVED,,
961a27e2133cf40750c191ce6dc08a9c56bd9d27b31caa82217c05517e7ef837,Bloomy,,ycombinator,https://www.ycombinator.com/companies/bloomy,,https://bloomylearning.com/,UNRESOLVED,,
13d9d47f7a793d6d8c2ea34f342453000f07be22c592126d80b5115660ea6c59,machine0,,ycombinator,https://www.ycombinator.com/companies/machine0,,https://machine0.io,UNRESOLVED,,
72f0daa982129dc2c1c28ca3270b730b49c2d686e4711c43269be14fd389d4d8,Pluto,,ycombinator,https://www.ycombinator.com/companies/talentpluto,,https://talentpluto.com,UNRESOLVED,,
dcb20df6fe138bcdd02fa6331d41cf22a8ace7182c19eb485e9b4b63c4077dd9,FlowManual,,ycombinator,https://www.ycombinator.com/companies/flowmanual,,https://flowmanual.com/,UNRESOLVED,,
523aabc5ddc043bc02d58cb38c781556cb78e8323cacdec23101c8bed5156cd6,Stratum Industries,,ycombinator,https://www.ycombinator.com/companies/stratum-industries,,https://stratumindustries.co/,UNRESOLVED,,
e03d156c71bc1cc0b00b98be903918437877b4da87c652ff1fa730285d7d4cb3,Peer,,ycombinator,https://www.ycombinator.com/companies/peer,,https://peer-freight.com,UNRESOLVED,,
39333655e7be8449bea379ebd3797cbcb906f63e12d11f9e36f96ff64ff9d80c,Molagri,,ycombinator,https://www.ycombinator.com/companies/molagri,,https://molagri.com,UNRESOLVED,,
989509c112c8c4c9e53527e2209a9a45f083e1552e51f0bdb27356e78f279ef4,Cerenovus,,ycombinator,https://www.ycombinator.com/companies/cerenovus,,https://www.cerenovus.ai/,UNRESOLVED,,
71cf79f74060ed071c9002aae6a6b34c44cc117455c02461d69be15fbea4ab54,Agency Tool Company,,ycombinator,https://www.ycombinator.com/companies/agency-tool-company,,https://agencytool.com,UNRESOLVED,,
5341194418340f7cc1a078509d691472969dbd8879b0f52b3d981806e2b97f7e,Standard Machines,,ycombinator,https://www.ycombinator.com/companies/standard-machines,,https://standardmachines.com,UNRESOLVED,,
29063166383f0278459f94f568d2bd504c6ec9c76fc5bf30f28c7bc874228c41,Traceforce,,ycombinator,https://www.ycombinator.com/companies/traceforce,,https://www.traceforce.ai,UNRESOLVED,,
21beba8ab38cbc1efe7225a5758031cb56f784aae3726eb116e7f6aa197faae3,Definite,,ycombinator,https://www.ycombinator.com/companies/definite,,https://www.usedefinite.com,UNRESOLVED,,
a745d5f134887df7c4d18f18f416790c91158c68125ec3fbb5434a8710eb3bc3,Alkera AI,,ycombinator,https://www.ycombinator.com/companies/alkera-ai,,https://alkera.ai,UNRESOLVED,,
aa471df086046a5638eb0af29e76a4b607df8732a1fb174ddf64936d97bb4662,Rasyn,,ycombinator,https://www.ycombinator.com/companies/rasyn,,https://www.rasyn.ai/,UNRESOLVED,,
ff197b534399db65511a656f2fb24aba06043dee2781093cfa6080f1a1bd621d,Manifold,,ycombinator,https://www.ycombinator.com/companies/manifold-2,,https://www.manifoldindustries.ai/,UNRESOLVED,,
f2c8af72e9c132530c31ae14153be53f53e17da5c09156095ab8e267878ac1ed,screenpipe,,ycombinator,https://www.ycombinator.com/companies/screenpipe,,https://screenpipe.com,UNRESOLVED,,
2ac854a1da11b731a51d42add6ca5f544a5e178f241b2100c2fa33971335f950,Zaplar,,ycombinator,https://www.ycombinator.com/companies/zaplar,,https://zaplar.com,UNRESOLVED,,
afb35025c19083f887ba556cefb127007b7c4861b7a9527da48f7786488483a5,Prodigy Research,,ycombinator,https://www.ycombinator.com/companies/prodigy-research,,https://prodigy.markets,UNRESOLVED,,
df4c47cf1c6b65551d4601bbcff83e634a73bd589308369f777b0adc263462bf,Touchmark,,ycombinator,https://www.ycombinator.com/companies/touchmark,,https://touchmark.ai,UNRESOLVED,,
0023ff749bf2426bec42c7483dc513914396ec7846c9eac37359a59bf7929e1c,Exosat,,ycombinator,https://www.ycombinator.com/companies/exosat,,https://www.exosat.com,UNRESOLVED,,
ef26d15e1052cda1e5ed2b3b00a0864de5828314eb9c6776beb18665382ef6a3,Codag,,ycombinator,https://www.ycombinator.com/companies/codag,,https://codag.ai/,UNRESOLVED,,
8d9fe489e70e07f016e73733ccde9f42f8a17c1acc9c615eebc34006ef041bf5,Context.dev,,ycombinator,https://www.ycombinator.com/companies/contextdev,,https://context.dev,UNRESOLVED,,
5fda2b3432c37b76c01060358d1c33358de9a35eb1e983042d706618f7a3daa8,Glen,Glean,ycombinator,https://www.ycombinator.com/companies/glen,,https://www.tryglen.com/,RESOLVED,,
bf75b3ce6327cbf06daa02dfcb206b5639eed067b33e8ab747a71b567fb114c4,Stoa,,ycombinator,https://www.ycombinator.com/companies/stoa,,https://www.stoaexchange.com,UNRESOLVED,,
04b650daa911b93ee99acfd8897b9a5ef41857c8d833aae210376704f9322f98,Marble,,ycombinator,https://www.ycombinator.com/companies/joinmarble,,https://joinmarble.ai/,UNRESOLVED,,
f0e4151fb75e5a334afa858c911f7ef1a69afd8e45d22cab82fa8013e61c7865,Audun,,ycombinator,https://www.ycombinator.com/companies/audun,,https://www.getaudun.com/,UNRESOLVED,,
a6003cc043bd134bfc84dedc5c28c414028997dc4d3526d00d32784ec49b7cc0,COACH,,ycombinator,https://www.ycombinator.com/companies/ai-coach,,https://www.getcoach.com/,UNRESOLVED,,
7ff0c38b00c1bf8ecf2c8051ae71df7337302364dc85f1708ebff0097d28028d,Alloovium,,ycombinator,https://www.ycombinator.com/companies/alloovium,,https://www.alloovium.com/en,UNRESOLVED,,
00a0500b9f8a9f98f90a5c54e9f20fcfcdb99a7292c0907cfbfcacf5c205dcf1,Dialogus,,ycombinator,https://www.ycombinator.com/companies/dialogus,,https://www.dialoguslabs.com/,UNRESOLVED,,
3e56213c435b22390052d2dc581cddbca0c457884b5c65199089eff945d766a0,Mosaic,,ycombinator,https://www.ycombinator.com/companies/mosaic-inc,,https://mosaic.inc,UNRESOLVED,,
ba94de510d4e1b98a1f1a099b54fbf79caeffccbb902e997f47d8766d9c948d5,Bizmark,,ycombinator,https://www.ycombinator.com/companies/bizmark,,https://bizmark.ai,UNRESOLVED,,
5a41d689ad5b7a933423fbd0aeb2a3fb41af3170763ad8d13c75cfbc020f332f,Riften,,ycombinator,https://www.ycombinator.com/companies/riften,,https://riften.ai,UNRESOLVED,,
5304a3d6b1f36e20c89beae12889e6800817dcf281b23b27107b229faf674670,Buildbox,,ycombinator,https://www.ycombinator.com/companies/buildbox,,https://heybuildbox.com,UNRESOLVED,,
a9530eece4b8d4d29fa98089b5dec2a0bdd926c04f6e999c0d2a4fc99f03e98a,RealPact,,ycombinator,https://www.ycombinator.com/companies/realpact,,https://realpact.ai,UNRESOLVED,,
e8cf355d120187166467c7c32342ea79dcec0a3d3fa6a337ca8082ecb0698d71,GUILD,,ycombinator,https://www.ycombinator.com/companies/guild,,https://www.guildai.co,UNRESOLVED,,
2eb97e9c5bf42384a49b2623f7e15ec1f0988af3a8d6368de964383e56926420,Floracene,,ycombinator,https://www.ycombinator.com/companies/floracene,,https://www.floracene.com/,UNRESOLVED,,
5d57f38fda9f83a2375f6b0cfc705f5fc79b4ebb566d6b44946d6f0a9872deab,Rise Reforming,,ycombinator,https://www.ycombinator.com/companies/rise-reforming,,https://rise-reforming.com/home,UNRESOLVED,,
a5b3241090f7c174e567bdc424ce3b918b910a0d52d5347a36e49dcd49d811d6,Instaplay,,ycombinator,https://www.ycombinator.com/companies/instaplay,,https://instaplay.ai,UNRESOLVED,,
f83af231b0648b88363fdfa92482fa11de41a66e10d5fb509a7bc034b84c9fd3,Verdant,,ycombinator,https://www.ycombinator.com/companies/verdant,,https://www.verdantapp.com/,UNRESOLVED,,
0356470694f4ba922f78a3d6dbb3d6d734ab7c084cb95a3e217f6dd5bd53a0eb,IMPACT Drones,,ycombinator,https://www.ycombinator.com/companies/impact-drones,,https://www.impact-drones.com,UNRESOLVED,,
b4849de4ab804e2c706d306cabd7fcdfb56e85e38b9670d8ba64f5ff60572650,Insurf,,ycombinator,https://www.ycombinator.com/companies/insurf,,https://www.insurf.io,UNRESOLVED,,
503d032eb98ba1f17a51c08a1ed80420e5c86bc4235fd52b740bf5214e4d8d57,Jcode,,ycombinator,https://www.ycombinator.com/companies/jcode,,https://jcode.sh/,UNRESOLVED,,
af75a20210b3199176f43549d7c9739d1ce8ac77dc9f3c93b192ab7c2b6aaeb1,LemonLime,,ycombinator,https://www.ycombinator.com/companies/lemonlime,,https://www.lemonlime.ai/,UNRESOLVED,,
532b2f9fd54ec48d169e73655bfa03543f126230cdce82556b5b3eeefb48df0c,Gutgutgoose,,ycombinator,https://www.ycombinator.com/companies/gutgutgoose,,https://gutgutgoose.com/,UNRESOLVED,,
e706f510ed3525fe0c516d951d1f27d3f72445c2a550a0784b77fce7663b22af,Speko,,ycombinator,https://www.ycombinator.com/companies/speko,,https://speko.ai/?utm_source=ycombinator&utm_medium=profile,UNRESOLVED,,
ebd3f99bf291f509944b2346f94f3c70a06028470320257981810d3f6e447f8b,Synapse Semiconductor,,ycombinator,https://www.ycombinator.com/companies/synapse-semiconductor,,https://synapsesemi.org,UNRESOLVED,,
a92354933b0753b4b3bcc4a916b22df18682f9298c29c03eca6f817c385f9221,Understudy Labs,AI21 Labs,ycombinator,https://www.ycombinator.com/companies/understudy-labs,,https://understudylabs.com/,RESOLVED,,
149b92fff0baa3fd53d1d10fc33918d0fb8667b0bb2e5c4b6dd53dd86a158ed0,Rote,,ycombinator,https://www.ycombinator.com/companies/rote,,https://tryrote.com/,UNRESOLVED,,
235989eb7176780c5c125ca00e082776de2f715849a9a6d43dba93244843bc70,Prized,,ycombinator,https://www.ycombinator.com/companies/prized,,https://prized.dev,UNRESOLVED,,
297908940f1d496d9c78dd2f8d17e60326803df18f06b76ed8b746379cb2d30b,Maingen,,ycombinator,https://www.ycombinator.com/companies/maingen,,https://www.maingen.ai/,UNRESOLVED,,
54e628fafb31b77deb341c9e399e9fc021e37ee649b2be9326693ea57faee9c6,Enact,,ycombinator,https://www.ycombinator.com/companies/enact,,https://enact.company,UNRESOLVED,,
ac93c97c8b049d60fa89d6786e58645bb52beca5caa06fb12b1ed5d10808064e,Rex,,ycombinator,https://www.ycombinator.com/companies/rex-inc,,https://www.rex.inc,UNRESOLVED,,
92534de01331e751977c39b468429762bbafcc9f91afc4847dc770047ccfd35d,Zomma,,ycombinator,https://www.ycombinator.com/companies/zomma,,https://zommalabs.com,UNRESOLVED,,
748d5be319a6f4a701309304c2bb8118eabbbc582eb2c749d687d2262cf584cf,Nebula Security,,ycombinator,https://www.ycombinator.com/companies/nebula-security,,https://nebusec.ai,UNRESOLVED,,
4e4f3d7f632361a824a9a5ddec155c64cac9fd261bd311a187d0935c00ec907e,Kara,,ycombinator,https://www.ycombinator.com/companies/kara,,https://karalabs.ai/,UNRESOLVED,,
193164099a406e74ebd731c36e3c59c28b576a0e0f5467b9951f86f07dace848,Trope,,ycombinator,https://www.ycombinator.com/companies/trope,,https://trope.ai,UNRESOLVED,,
96225848be026fc13ecaabda4afc907b70cabfc7adcbfa1cca8d41828d4d62ab,Parasma,,ycombinator,https://www.ycombinator.com/companies/parasma,,https://parasma.com,UNRESOLVED,,
2362be4ea18fe88f74f191051413276fd09e44d93287c8c20d7c9ef1141f559d,Belvedir,,ycombinator,https://www.ycombinator.com/companies/belvedir,,https://belvedir.ai/,UNRESOLVED,,
b90f56386afbf2e6f1961fef94dcb882a302080c534d6f04c3586070d2e0b823,Shielded,,ycombinator,https://www.ycombinator.com/companies/shielded,,https://www.shieldedglobal.com/,UNRESOLVED,,
0f488b3f89abd5ce3ae40d4836e5320ba6856546c3efba01d1fb91161219dc81,Olam Labs,,ycombinator,https://www.ycombinator.com/companies/olam-labs,,https://olamlabs.ai,UNRESOLVED,,
b8a308a3491ad5bc497780911ac2c1811d9a3e47c0c113f613af3553577e83ea,Egoist Machines,,ycombinator,https://www.ycombinator.com/companies/egoist-machines,,https://ego.ist/,UNRESOLVED,,
fb1055474068db50e1e38bce306a294383fc266e06465ac41dd9bda13b2a74ea,Perceptron ML,,ycombinator,https://www.ycombinator.com/companies/perceptron-ml,,https://perceptronml.com,UNRESOLVED,,
4f433fefa94231eb5000eef970ca39c4adb62769703232e0f67ce2d74503354b,Erinys,,ycombinator,https://www.ycombinator.com/companies/erinys,,https://erinys.ai,UNRESOLVED,,
01355a511da46eb3a94522239d57d74106ccd2bf2b310a20bafcb3a66766d031,HERA,,ycombinator,https://www.ycombinator.com/companies/manufacturingintelligence,,https://www.manufacturingintelligence.org,UNRESOLVED,,
a4d2534a5f4a299e2ff87db472a17fefdbd00e2cd61108ab5feedd79622b8ff9,Donkey,,ycombinator,https://www.ycombinator.com/companies/donkey,,https://donkey.trade,UNRESOLVED,,
96be2fa7aa713a287f06297640e6aa6ae6844230509c8a79f082647a4dd177fd,OpenTrade,,ycombinator,https://www.ycombinator.com/companies/opentrade,,https://opentrade.live/,UNRESOLVED,,
a2625dcd339d6289dbde15ed63d75c0ffd2e4c367c155e531d3b0cd0f97dc8d2,Hoplite,,ycombinator,https://www.ycombinator.com/companies/hoplite,,https://hoplite.sh,UNRESOLVED,,
7e6e3c8edb7990e701c7e9977965b478a0d44f8f8a4144cf75c8716c659ac31a,Pango,,ycombinator,https://www.ycombinator.com/companies/pango,,https://pango.ai/,UNRESOLVED,,
5b703170a1fdc0491144bdcd709b9f8fe09b7f6109033b218265c1299c14c15e,tash,,ycombinator,https://www.ycombinator.com/companies/tash,,https://www.tash.cards/,UNRESOLVED,,
a452078d7d2122f1296535690bade804dca9e560efdcb71454749cf49347cc62,Torus,,ycombinator,https://www.ycombinator.com/companies/torus,,https://www.usetorus.com,UNRESOLVED,,
99cadbab60556c162ad3b0137435d2555217373e170cba329ddad43ff45e068a,Kebra,,ycombinator,https://www.ycombinator.com/companies/kebra,,https://kebra.com,UNRESOLVED,,
ef171456b76cea5085ce7dae4f6f86686c6459d6a168977cf5f62d9c18e161c7,GitCafe,,ycombinator,https://www.ycombinator.com/companies/gitcafe,,https://git.cafe,UNRESOLVED,,
99a904f087ae077490ecc103592930b26eb83b14125eb532ca57440e6d49489a,RightNow,,ycombinator,https://www.ycombinator.com/companies/rightnow,,https://runinfra.ai/,UNRESOLVED,,
53df8fd35eba2f7b178b67a1357c127da420ac9b20d805bd80c1443c380eec2b,Akkari,,ycombinator,https://www.ycombinator.com/companies/akkari,,https://akkari.io/,UNRESOLVED,,
7456fd21ea3e337b4de8fd8099de2076def4697b9675b00094c0694611d36c22,HeyClicky,,ycombinator,https://www.ycombinator.com/companies/heyclicky,,https://heyclicky.com/,UNRESOLVED,,
8e46fd77c006ca43b56bab19bf3336185075c69e72d775cfe57d70b9da71539c,Rindler,,ycombinator,https://www.ycombinator.com/companies/rindler,,https://rindler.ai,UNRESOLVED,,
38fe8166db3f81ccc73955f7237cb63f49a6d5f6b9f162e6477a1fb8366305ab,Proprio Robotics,,ycombinator,https://www.ycombinator.com/companies/proprio-robotics,,https://www.propriorobotics.com/,UNRESOLVED,,
c10fb50d8e1c487ac8042919ef2320e8c9b8af8cffe76e3a7c0c6a79f6d5483f,Huscarl,,ycombinator,https://www.ycombinator.com/companies/huscarl,,https://www.huscarl.io/,UNRESOLVED,,
7f12aa236b2c5bed79358675e86e3416d805a75142e5ceda0f58dd2f9e8618d6,Thomas,,ycombinator,https://www.ycombinator.com/companies/thomas,,https://madebythomas.ai,UNRESOLVED,,
4de72e311e3fea915eb0105dacf0999c4b0e076315aa7224da560c9c309acf93,Cohesion,,ycombinator,https://www.ycombinator.com/companies/cohesion,,https://cohesionplatform.com/,UNRESOLVED,,
52a04e57465ff85fa7765c3397c476a3d4defe48c708d7af7bf9e21d6512bd1b,Maquoketa Research,,ycombinator,https://www.ycombinator.com/companies/maquoketa-research,,https://www.maquoketa.net,UNRESOLVED,,
c41f3dc6ecd0164a8e517830e7755f8a4ad80cda35b7ec187db58e1a561c5856,Intelligence Factory,,ycombinator,https://www.ycombinator.com/companies/intelligence-factory,,https://intelligence-factory.com,UNRESOLVED,,
b442122e188730791157feaa561cd19f4a7ecf7627263c18c18418d434a00d93,Amorphic Labs,,ycombinator,https://www.ycombinator.com/companies/amorphic-labs,,https://www.amorphiclabs.com,UNRESOLVED,,
c8df3263fd0b9d18b7eba436394f7b000eb94d68a2cd888e06f711ff15a2720c,rekursiv.ai,,ycombinator,https://www.ycombinator.com/companies/rekursivai,,https://rekursiv.ai,UNRESOLVED,,
8bfa92f0374b9d0aa68884c3f30b8412fbac254ea1012af6bb0cc2b3f42626a5,Clawvisor,,ycombinator,https://www.ycombinator.com/companies/clawvisor,,https://clawvisor.com,UNRESOLVED,,
a0ed5cffd93e606f450452dec98e6f0c48bc4cac60f7fd9382f5cd08c4b051a7,Framewise Health,,ycombinator,https://www.ycombinator.com/companies/framewise-health,,https://framewisehealth.com,UNRESOLVED,,
9873590138ed23f512afa656fddb3339bbe6bd8fa24c1d7a36fd7b01e0a3fabe,Arctic Health,,ycombinator,https://www.ycombinator.com/companies/arctic-health,,https://arctic.health,UNRESOLVED,,
e69e3e67e407a074f08f4a206acf59788650bbbde597598e5a99d9f5b136c740,Playabl.ai,,ycombinator,https://www.ycombinator.com/companies/playablai,,https://playabl.ai,UNRESOLVED,,
48280307b47c04675a6325ac3e8ee402026f7830081145bc0bf4c03d14268806,Enjamb Labs,,ycombinator,https://www.ycombinator.com/companies/enjamb-labs,,https://www.enjamb.ai,UNRESOLVED,,
b9461cc16acbd44d0379b2e1fabbea0b4135eea40eda7cba28ae75daf2697c6f,Hyper,,ycombinator,https://www.ycombinator.com/companies/hyper-4,,https://heyhyper.ai,UNRESOLVED,,
4ce957249e034b5038f951f0b40aee75379e4f6fab37384d4f723f584fdf50f8,InsForge,,ycombinator,https://www.ycombinator.com/companies/insforge,,https://insforge.dev/,UNRESOLVED,,
df2a9080df163e56d1dbb52d4b30c28216f01c8ee92d8ea82f519110037db22b,ReasonBlocks,,ycombinator,https://www.ycombinator.com/companies/reasonblocks,,https://reasonblocks.com/,UNRESOLVED,,
72f493c42cf95833c67c17bbb8cc77308c0723070ea8afd704444d0f191aaac3,Modern,,ycombinator,https://www.ycombinator.com/companies/modern,,https://getmodern.ai,UNRESOLVED,,
c15df6e0aa66a60436b00ee0c4d3a957051e53c847c5640cdbe0f98adb8d60e0,Panacea,,ycombinator,https://www.ycombinator.com/companies/panacea,,https://withpanacea.com,UNRESOLVED,,
606aa389ab785a9085ba09266b640c14a84c9816a789ddd4dcb80568c56a8655,CentralComs,,ycombinator,https://www.ycombinator.com/companies/centralcoms,,https://centralcoms.com,UNRESOLVED,,
bdb0f6b1b8d5b56b8ed9056e11193365e8d13ce6bff7bb81c822052a19870da5,KugelAudio,Udio,ycombinator,https://www.ycombinator.com/companies/kugelaudio,,https://kugelaudio.com/en,RESOLVED,,
3f20b40eeaaff934eedf24b34b1b34b6c536eb070755e46375b120675757020c,Klaimee,,ycombinator,https://www.ycombinator.com/companies/klaimee,,https://www.klaimee.ai,UNRESOLVED,,
0127e829187842d9153417595135a5f6fcc028b7c4f15a560f294b40c5ff1430,flowscope,,ycombinator,https://www.ycombinator.com/companies/flowscope,,https://flowscope.com,UNRESOLVED,,
b47fb11739acf5d77f2c696cc81f7fcf5796e9f386bf54b80f037cdcaaead839,Trident,,ycombinator,https://www.ycombinator.com/companies/trident,,https://tridentsecurity.io/,UNRESOLVED,,
aa8e1f6006e4382f5ceb4e33e1e34330c4dbfe3098841a8f4801fe8326b2fd87,Gigacatalyst,,ycombinator,https://www.ycombinator.com/companies/gigacatalyst,,https://gigacatalyst.com/,UNRESOLVED,,
71230455b59aadf815a7ba11b41bfdd5dd40f8bcb5c28af80192402e1a7a3bbe,Arlo Industries,,ycombinator,https://www.ycombinator.com/companies/arlo-industries,,https://arlo1.com/,UNRESOLVED,,
f02a5dbfe5e75992f9a93367af3f1f19d924b5777d40e8fec802b54b4548a7ca,Astraea,,ycombinator,https://www.ycombinator.com/companies/astraea,,https://tryastraea.com,UNRESOLVED,,
3fcfec8b7c24cbc300665899f57ab27fc645903386d0d3f5c9e6175d5c4ac97f,Lattice Health,,ycombinator,https://www.ycombinator.com/companies/lattice-health,,https://www.latticehealthai.com/,UNRESOLVED,,
9e1b572d0e0683ea2b871074aba8ab0a058463e66dfdf72bfa1140bad31ad913,Atlas Discovery,,ycombinator,https://www.ycombinator.com/companies/atlas-discovery,,https://atlasdiscovery.bio,UNRESOLVED,,
ca45bcbf4687763e94c768508a615078e2a68c3415ce8f7ff652f8cdb693cb0a,Manicule,,ycombinator,https://www.ycombinator.com/companies/manicule,,https://manicule.dev,UNRESOLVED,,
a1520d70c272ef5db2871d169b71efb26122e7611705e939d5d2c0e14bab024d,Avea Robotics,,ycombinator,https://www.ycombinator.com/companies/avea-robotics,,https://www.avearobotics.com,UNRESOLVED,,
0624a11c28eaa18f8694a086b0834d6bc3a2ef8f1c62fa086ca05e8fb1d675bd,Mochatrade,,ycombinator,https://www.ycombinator.com/companies/mochatrade,,https://www.mochatrade.com,UNRESOLVED,,
f97a2c6ef88519241c107c2d146676aa35b9d08d3f46a27000f780efcebaea09,Asendia AI,,ycombinator,https://www.ycombinator.com/companies/asendia-ai,,https://asendia.ai/,UNRESOLVED,,
b4332d56173a8a1410050fa5bf64dee8479d04ba7c7727d84c41f3a66928e019,Revnu,,ycombinator,https://www.ycombinator.com/companies/revnu,,https://revnu.com,UNRESOLVED,,
9577186844552818c661a1cae6eb5e80c69a05201ca36c8b8be3cefee483f257,Uno Wallet,,ycombinator,https://www.ycombinator.com/companies/uno-wallet,,https://myunowallet.com/,UNRESOLVED,,
9c517b87cdef5d768f39530b5c3cf3e5b25fc573d3d393dae75f7a73539a668d,Arden,,ycombinator,https://www.ycombinator.com/companies/arden,,https://ardentech.ai/,UNRESOLVED,,
5c111d6d890c942cc9423048dc01378684ecf154e7c903e0da17be2e8ab29586,AgentPhone,,ycombinator,https://www.ycombinator.com/companies/agentphone,,https://agentphone.ai/,UNRESOLVED,,
e902136a9acccab94a14529dc352246f020a6da5ef8e9e5f80c8447dcb03d372,Gravy,,ycombinator,https://www.ycombinator.com/companies/gravy,,https://gravy.finance,UNRESOLVED,,
4bcdcbff94dd8a496ebcc93e40cff206f6d3d62b0348e7a29829dfea512ce14b,Kinect,,ycombinator,https://www.ycombinator.com/companies/kinect,,https://www.trykinect.ai/,UNRESOLVED,,
b4848aeab38147c079295dfac3f1f0ebddfe14dac0d10a691827648c5475e570,Runtime,,ycombinator,https://www.ycombinator.com/companies/runtime,,https://www.runtm.com/,UNRESOLVED,,
0a6453dc53f05678df3a63c2ef10d891c81f1b54fbf75eba2be324a02dabe670,YouArt,,ycombinator,https://www.ycombinator.com/companies/youart,,https://youart.ai,UNRESOLVED,,
3ca3d4924e28365372c8e88d10223594f429e570c00cc4068ec60170b6b579bd,Expanse,,ycombinator,https://www.ycombinator.com/companies/expanse,,https://expanse.sh,UNRESOLVED,,
e536f85e6f174817c1a36a46e6f4b102d3357db508420500e0ef47211a32035d,CharacterQuilt,,ycombinator,https://www.ycombinator.com/companies/characterquilt,,https://characterquilt.com,UNRESOLVED,,
eca70036117bc1edce64e73ae49ea22fdd4f82efb36cb90a7ba03bf937cddd92,Pentagon,,ycombinator,https://www.ycombinator.com/companies/pentagon,,https://pentagon.run,UNRESOLVED,,
465d5d75e23668248eec50a5d19b452c6352efa85cc8e8e257d141296cfb4206,Arzana,,ycombinator,https://www.ycombinator.com/companies/arzana,,https://www.arzana.com/,UNRESOLVED,,
fd2d4f910cf1219fd6f406be36d27a45176ffd6bbc6110c75e874764271e0b31,Auxos,,ycombinator,https://www.ycombinator.com/companies/auxos,,https://www.useauxos.com,UNRESOLVED,,
74ce9ad292fd807c830aa2ad604c7c44b6e7295924da05abf359e3a320b9113f,ProjectX,,ycombinator,https://www.ycombinator.com/companies/projectx,,https://www.projectx.cloud/,UNRESOLVED,,
745b1fb01b913e63d958f9d9fe6df101ba02da9fd4ba88664b0fd014b5d251e3,Tolmo,,ycombinator,https://www.ycombinator.com/companies/tolmo,,https://www.tolmo.com,UNRESOLVED,,
3948ccb64bee049e0025ab20f565cae5327626513749d3889c3a04fc91d17607,OpenWork,,ycombinator,https://www.ycombinator.com/companies/openwork,,https://openworklabs.com,UNRESOLVED,,
ed3b373aae1e798b5492a663e2df0268d1b6601791fc9acff2ef63c7b44fa30d,"Apollo Atomics, Inc.",,ycombinator,https://www.ycombinator.com/companies/apollo-atomics-inc,,https://apolloatomics.com/,UNRESOLVED,,
71b80d897e6361c49307931ec7084adf1c56da7361d86c359a9dcf258a392787,General Aviation,,ycombinator,https://www.ycombinator.com/companies/general-aviation,,https://generalaviation.com,UNRESOLVED,,
512384df6e4685da44999832066371a2951ee00982382e3a335e5a633f128bd8,OpenProse,,ycombinator,https://www.ycombinator.com/companies/openprose,,https://prose.md,UNRESOLVED,,
dda68c7c4c56cbd838ee43afb5ae615579d9839bf45f4a811c01d69ee7ee2c75,Aster,,ycombinator,https://www.ycombinator.com/companies/asterlab,,https://www.asterlab.ai/,UNRESOLVED,,
77a6c9b2f17ae9dabdff1456a5f605315acb1a0f19a2a90b13afc432946525ff,Amboras,,ycombinator,https://www.ycombinator.com/companies/amboras,,https://amboras.com,UNRESOLVED,,
a2027f4cfe1687cc8e788ea85c2fab51de0d04a6bc263bc09cae1c6d5c5ba266,Hessian,,ycombinator,https://www.ycombinator.com/companies/hessian,,https://hessian.sh,UNRESOLVED,,
b79b06a9a9974d196b19b3daa6f1adc474824b05c88a35bf5a404bd459ba9ed6,RASPIRE,,ycombinator,https://www.ycombinator.com/companies/raspire,,https://raspire.com/,UNRESOLVED,,
2276d6d6be1185e7eb6e8e5569f354b4e5518ae0337ff21fcf781665f64b0a48,Plena Health,,ycombinator,https://www.ycombinator.com/companies/plena-health,,https://www.plena.health/,UNRESOLVED,,
10d287f962e42716dbe61765da2b32deb3ee2a59c408b7fe4b45adbfc5e9e54f,TesterArmy,,ycombinator,https://www.ycombinator.com/companies/testerarmy,,https://tester.army,UNRESOLVED,,
738cd99f686d004c5a2a3941f323ba9eb625d7c9fd5e59eb1e55e2f66afefb45,Eden Robotics,,ycombinator,https://www.ycombinator.com/companies/eden-robotics,,https://www.edenrobotics.ai,UNRESOLVED,,
b9f13124ca254fc6d150321f6693d2477cde50c2435785a1eb47d4dd78e4f77e,Foaster,,ycombinator,https://www.ycombinator.com/companies/foaster,,https://foaster.ai,UNRESOLVED,,
1524c178e91d283eebc461ee96be770ee5de8813058b8ad2acb23d1959d09ea6,AquaShield,,ycombinator,https://www.ycombinator.com/companies/aquashield,,https://aquashieldai.com,UNRESOLVED,,
5d70388b1d8c325c4e2fd9479e4c8dab47b8cc847e2f7bd1b33ccd59ae02edd1,Ornadyne,,ycombinator,https://www.ycombinator.com/companies/ornadyne,,https://ornadyne.com/,UNRESOLVED,,
2e5ecd78635777a35e30c350697d6034ce8e6737849a1b00a1e093faa7a41358,ANORIA,,ycombinator,https://www.ycombinator.com/companies/anoria,,https://www.anoria.com,UNRESOLVED,,
e3c69844734142bb486d3f8dfde097b5966dc9187512f1d40c54288e625a6d54,AbInitio Bio,,ycombinator,https://www.ycombinator.com/companies/abinitio-bio,,https://www.abinitio-bio.com,UNRESOLVED,,
d16c8ca34c0422c012a494bc63297bbd7ce66dbe849cf32544ac8760e860b37d,Memory Store,,ycombinator,https://www.ycombinator.com/companies/memory-store,,https://memory.store,UNRESOLVED,,
7d7673ee4709c862414ea31f3d5d8f837f8b2287cc368737fefa0f5955670f4e,Saudara AI,,ycombinator,https://www.ycombinator.com/companies/saudara-ai,,https://saudara.ai,UNRESOLVED,,
5bf5ad94feda15367870830421a4b4f9aeb92f5dca848f7e4bbc42b6be62cd63,Pops,,ycombinator,https://www.ycombinator.com/companies/pops,,https://pops.fyi,UNRESOLVED,,
5db1d707ed1bea8ccdfa52623cc726f6e86f8b18f18cb909854b75ea17fbdfeb,Silmaril,,ycombinator,https://www.ycombinator.com/companies/silmaril,,https://silmaril.dev,UNRESOLVED,,
b523b3217114b7f7df1190e9a8cb0d01bf01e66825edc7614be1f3b08be6871f,BioStack Platforms,,ycombinator,https://www.ycombinator.com/companies/biostack-platforms,,https://www.getbiostack.com/,UNRESOLVED,,
abcfe099e546b353b8d85fe0517075c5fe90cb1687c07b95e006fe4412141942,Ardent,,ycombinator,https://www.ycombinator.com/companies/ardent,,https://tryardent.com,UNRESOLVED,,
28d8ac0244fe04d02026e24a0ce84d9956819603807cb0676ad79f2df35374b8,Kuli,,ycombinator,https://www.ycombinator.com/companies/kuli,,https://kuli.one,UNRESOLVED,,
b703c8490b4335d84d59cb2c40f9a05fe8032a84e9fbb3d24b200965dcb1eba6,Wato,,ycombinator,https://www.ycombinator.com/companies/wato,,https://www.watolabs.com/,UNRESOLVED,,
13f8020ae37b9459909a533a446da59e19ac6f3007dc05379ff043af86574d47,Tasklet,,ycombinator,https://www.ycombinator.com/companies/tasklet-2,,https://tasklet.ai,UNRESOLVED,,
7699212a8554b1a9573c8b962804e871e909abdc80b77e342a4824c8884f5f93,Chronicle Labs,AI21 Labs,ycombinator,https://www.ycombinator.com/companies/chronicle-labs,,https://chronicle-labs.com,RESOLVED,,
814853e022902f37dce248142358e3417b59c192a549ef448aa7cf12fe7eb5b6,Walter,,ycombinator,https://www.ycombinator.com/companies/walter,,https://www.walter.one,UNRESOLVED,,
aec0a10b0c651611bcfbedc1f3bd770241e2653bb20ec3a9d710582911e91086,Aseon Labs,,ycombinator,https://www.ycombinator.com/companies/aseon-labs,,https://www.aseonlabs.com/,UNRESOLVED,,
36f5f8400898e46297078f5ee049b49f56a80059508f8048ec3c93270e4d1b31,Soria,,ycombinator,https://www.ycombinator.com/companies/soria,,https://www.soriaanalytics.com/,UNRESOLVED,,
a559b20f2c1130981dc9949a63a6e227a09838b65ef347f4077184fe7697d0d3,Armature,,ycombinator,https://www.ycombinator.com/companies/armature,,https://armature.tech,UNRESOLVED,,
fe6ece2f51c02ca00486d9b0075df59c2174cb62b627eef17c11c60e55d02e5e,Collar,,ycombinator,https://www.ycombinator.com/companies/collar,,https://usecollarai.com,UNRESOLVED,,
bd783dc22eb9916ce7cd3e8fe340d0002dc0199b7005676273df49a21adfe592,PLAN0 AI,Stability AI,ycombinator,https://www.ycombinator.com/companies/plan0-ai,,https://plan0.ai/,RESOLVED,,
83d72be7899d112e372f06b69bb7b8e050421edb25672466a16fabcde784989a,Zibra Labs,,ycombinator,https://www.ycombinator.com/companies/zibra-labs,,https://zibralabs.ai/,UNRESOLVED,,
cc12df4809d87ed753c9037da475ec024d4fa03801ed718ba8be946f7b4286fd,Ara,Character.ai,ycombinator,https://www.ycombinator.com/companies/ara,,https://ara.so,RESOLVED,,
cdf8c480c54d142f46b0f4e40d708117702764960bf0c496bc93ec4583dca0cf,ValCtrl,,ycombinator,https://www.ycombinator.com/companies/valctrl,,https://valctrl.com,UNRESOLVED,,
04399cb0d3be712bf5b6b725a91105e878ed221070bbf4bf29811295bb980014,General Instinct,,ycombinator,https://www.ycombinator.com/companies/general-instinct,,https://general-instinct.com/,UNRESOLVED,,
5ab1861c69a6afa4470298016cc30cada3b25d2213d500111a19d5d417f49829,tday.com,,ycombinator,https://www.ycombinator.com/companies/tdaycom,,https://tday.com,UNRESOLVED,,
e82bd76bc0c204745fa68eaf8e0536ec0dbbfce69e4e1ec77ce649970c4f6061,ED1TH,,ycombinator,https://www.ycombinator.com/companies/ed1th,,https://www.ed1th.com,UNRESOLVED,,
e2c4cba91e2e1df0a7b7dfa0a876bbbd7b2ac400831ab74ac2f8c2524f37942a,Minicor,,ycombinator,https://www.ycombinator.com/companies/minicor,,https://minicor.com,UNRESOLVED,,
5cb0ddf66ac3cd3538cae752262705cfe0e14ad31b912704cebd9b5865f9afe6,Degla Inc,,ycombinator,https://www.ycombinator.com/companies/degla-inc,,https://degla.ai,UNRESOLVED,,
a21f9665dbc5ca9d03d55548d2234cbf3abfd375a2891e8c70cb86e99c8878db,Archer,,ycombinator,https://www.ycombinator.com/companies/archer,,https://archermoney.com/,UNRESOLVED,,
4008c1047cb2207a5a4a6785d9b5e860e9a114ba37a4d61a9c90a424cbc654cd,River Markets,,ycombinator,https://www.ycombinator.com/companies/river-markets,,https://www.rivermarkets.com,UNRESOLVED,,
386cd3d047eb4fa26b08744aa7d209efee628d0c1d3042bc7b704f0e85c4b226,smol machines,,ycombinator,https://www.ycombinator.com/companies/smol-machines,,https://smolmachines.com/,UNRESOLVED,,
0b72e95cd9fc4067934989b026ea6b92e3e39546cc8a199e9cb7e95de0de4e0c,Allowance,,ycombinator,https://www.ycombinator.com/companies/allowance,,https://useallowance.com/,UNRESOLVED,,
caa0f7a177965d4d86ae609cfa74219406d7f2d4f3e3c9087c913b2f461d214d,Harbor,,ycombinator,https://www.ycombinator.com/companies/runharbor,,https://runharbor.com/,UNRESOLVED,,
e7d940cd9d69a49ad93793f071f5fd78d051b41a2541be2fe831a7430c80d041,Complir,,ycombinator,https://www.ycombinator.com/companies/complir,,https://complir.io/,UNRESOLVED,,
3875d27934eb6fc0301df343af12ddaea940f06cb894860c3595cb82588972b4,AICE,,ycombinator,https://www.ycombinator.com/companies/aice,,https://aicepower.com,UNRESOLVED,,
28331cfcd0fa4f13d291d880365c1767a0a955188f32b536dbe093eb02506911,Infera,,ycombinator,https://www.ycombinator.com/companies/infera,,https://www.infera.bio,UNRESOLVED,,
7b38dd6e482bd0d382f3b54665a6982860e17954cade66c4952008c800dae797,Mount,,ycombinator,https://www.ycombinator.com/companies/mount,,https://mount.insure,UNRESOLVED,,
59842db0a6bced62216d5d63870215d48ffecaff109024ab0393e474ab865da6,Parrot,,ycombinator,https://www.ycombinator.com/companies/useparrot,,https://www.useparrot.com/,UNRESOLVED,,
a7b7fc11d6f918a7cd6e19b67eed89e52f83da2b1ec2df01315d3008968f2023,Result,,ycombinator,https://www.ycombinator.com/companies/result,,https://result.dev/,UNRESOLVED,,
528f2696866a2079f3d42abc1114cba97db8ddf6bd14bdb2d2db7f7162744ff3,Sidekick,,ycombinator,https://www.ycombinator.com/companies/textsidekick,,https://textsidekick.com/,UNRESOLVED,,
5b0547bd4d83cfa0efc97aceb4e3e9c1d047a7365fd11beca3cb63cd395dc756,Prototyping.io,,ycombinator,https://www.ycombinator.com/companies/prototypingio,,https://www.prototyping.io,UNRESOLVED,,
e749eeb6166cbec153d5450591a75aa97b7ecb7c5205681f14c0895836586195,Lumius,,ycombinator,https://www.ycombinator.com/companies/lumius,,https://www.lumius-imaging.com,UNRESOLVED,,
736f91cfa1f278f549a9c289c8923d603c8c3fb6d95b51e93037fe8027600de7,Adialante,,ycombinator,https://www.ycombinator.com/companies/adialante,,http://www.adialante.com,UNRESOLVED,,
dad57995ae4b5017212ee2294b540f00809f4ab134dbd5ead5983c3171e0027c,Savant,,ycombinator,https://www.ycombinator.com/companies/savant,,https://heysavant.com/,UNRESOLVED,,
fe9f053484549bdc131863923cd8552311cba7e4ae97803aef5a796f04943b5f,Keyframe Labs,,ycombinator,https://www.ycombinator.com/companies/keyframe-labs,,https://keyframelabs.com,UNRESOLVED,,
d861b81631b7a9cd987a35471b9314e854241e7636f7d25e5af22607142d6902,Voquill,,ycombinator,https://www.ycombinator.com/companies/voquill,,https://voquill.com/,UNRESOLVED,,
f6ee644faec6bad31afa2772c92e326b34c85105833b26c9a84207c74f9ba85d,Oddpool,,ycombinator,https://www.ycombinator.com/companies/oddpool,,https://www.oddpool.com,UNRESOLVED,,
f39afa0e0e28726c6e667457c237e6696ef085b43a13b28ffb221f593e990e32,Ontora,,ycombinator,https://www.ycombinator.com/companies/ontora,,https://ontora.com,UNRESOLVED,,
c22411d41ec7dfe95c1646bf152c0842f3eeeb2cec18ec02cc2b14a8bffafb25,Napkin Math,,ycombinator,https://www.ycombinator.com/companies/napkin-math,,https://napkinmath.club,UNRESOLVED,,
5af14a41f32ad0c66c8204a5a64981d3f11ef1845cb857789fc3fe53bd5fcdfc,Gojiberry AI,Meta AI,ycombinator,https://www.ycombinator.com/companies/gojiberry-ai,,https://www.gojiberry.ai,RESOLVED,,
6dc4a0775d3467853142b35f6fe838655acd706b1f3059d1f2d8ab2ba4e391dd,Lab0,,ycombinator,https://www.ycombinator.com/companies/lab0,,https://lab0.ai,UNRESOLVED,,
5ca56171416ac330000c0bd2f103332490d8756f6f4ce08551777d3924195888,BentoLabs AI,Meta AI,ycombinator,https://www.ycombinator.com/companies/bentolabs-ai,,https://bentolabs.ai/,RESOLVED,,
df8adb109e29f40150fcfcc07e835c69be8e742ce7da41ec4cd23d62dfc849a6,Lamina Labs,,ycombinator,https://www.ycombinator.com/companies/lamina-labs,,https://laminalabs.ai,UNRESOLVED,,
b9d78090131f6f2bcb6c7b5780f478c84ff1ce722b1a929aa5057378aec6cc43,Kimpton AI,,ycombinator,https://www.ycombinator.com/companies/kimpton-ai,,https://kimpton.ai,UNRESOLVED,,
24edcb013a7dc28a8c8e3d395d1c9467b80b0607acb0924094ffa9c82c85bec9,StableBrowse,,ycombinator,https://www.ycombinator.com/companies/stablebrowse,,https://stablebrowse.ai/,UNRESOLVED,,
d58d8084f5a920f39a5b9430f1511bd099516b738a3995306d9f973b3161c83e,Taiga,,ycombinator,https://www.ycombinator.com/companies/taiga,,https://taigabilling.com,UNRESOLVED,,
11613f19d32e0b2d44c36f75a78e2135caced1e58d883fc23c3c8645d3baa107,Pairio,,ycombinator,https://www.ycombinator.com/companies/pairio,,https://pairio.com,UNRESOLVED,,
a8b0f469e384f0b195b0aeb635c262991803f2c8bd4cee369b19f0735bd10810,Callab AI,,ycombinator,https://www.ycombinator.com/companies/callab-ai,,https://callab.ai,UNRESOLVED,,
33fb1566e297adf81227d6174a3cf1a816d9bdbdd91886ceba38ee411f129ae4,Synphony,,ycombinator,https://www.ycombinator.com/companies/synphony,,https://www.synphony.co/,UNRESOLVED,,
778d612ea41eafcd15a3ac855fa0b67e9d49845d750ee2ad50c17372a730787c,Dreach,,ycombinator,https://www.ycombinator.com/companies/dreach,,https://dreach.ai,UNRESOLVED,,
646869a6c3a3a64bae523930a0b236f1631f7a40b2a55062a6e856d6041854fa,Arga Labs,,ycombinator,https://www.ycombinator.com/companies/arga-labs,,https://www.argalabs.com/,UNRESOLVED,,
b00f67f1e06a44583be73361241d7371b8496b4c6fb557fded0b439a82642baf,Andco,,ycombinator,https://www.ycombinator.com/companies/andco,,http://www.useandco.com,UNRESOLVED,,
879084bf2318c7211421da2b821b634b7fed461e6d208b2803a621a5b2255587,RentAHuman,,ycombinator,https://www.ycombinator.com/companies/rentahuman,,https://rentahuman.ai,UNRESOLVED,,
287685577d6e9a71b47751333828811001c4ad63e3283ee7ecb3414c4fea31e5,InstaAgent,,ycombinator,https://www.ycombinator.com/companies/instaagent,,https://instaagent.com,UNRESOLVED,,
4867e1361326713114dc78f1b15534ad45c738deefe793be1348db3db42aa0c9,Salesgraph,,ycombinator,https://www.ycombinator.com/companies/salesgraph,,https://www.salesgraph.com/,UNRESOLVED,,
3bf50190e4461eedd069fdda30e28931d9d9e8ee5ffe24ecb36c17d1f4916c49,Sherpa,,ycombinator,https://www.ycombinator.com/companies/sherpa,,https://www.withsherpa.ai/,UNRESOLVED,,
b49e87839edc0a4ea65abc666c9815c192bafe1e73f7ccba5ae3e1a4cb6df6e4,Userlens,,ycombinator,https://www.ycombinator.com/companies/userlens,,https://userlens.io,UNRESOLVED,,
be16fe17e1c3f1a9aff8695275fe8ebff75e282863c61345f9a060488427886a,transload,,ycombinator,https://www.ycombinator.com/companies/transload,,https://www.transload.io,UNRESOLVED,,
bd78df944f39f6ed8aa3606f62a77845863afb170a3359bffe41c85def9dacea,Standout,,ycombinator,https://www.ycombinator.com/companies/standout,,https://standout.work,UNRESOLVED,,
cc8dfd0325b0fd2e6f3e1b8e2c720cd56075d362d9af2692a910f450cab7d311,shotwell.ai,,ycombinator,https://www.ycombinator.com/companies/shotwellai,,http://shotwell.ai/,UNRESOLVED,,
6f83da6be81f823238348337042bcd63031fb83f4bd041730d39522c9a446c8e,Madrone,,ycombinator,https://www.ycombinator.com/companies/madrone,,https://madrone.cool/,UNRESOLVED,,
20e06f125a6dba1fdb1dad1fbfa6a3c8c725438ea3afeeda4ea33c78db3ebda2,Pavoot,,ycombinator,https://www.ycombinator.com/companies/pavoot,,https://pavoot.com,UNRESOLVED,,
12fecf7bedc5f3a5dca35b8712b1fd595ce988ced1c240add389dfd19f85a300,qomplement,,ycombinator,https://www.ycombinator.com/companies/qomplement,,https://qomplement.com,UNRESOLVED,,
a0853d6d3af60e62d1a0b57291b01f0e51ff2b35f5bf41968c64698f4cb49c8f,Deep Interactions,,ycombinator,https://www.ycombinator.com/companies/deep-interactions,,https://deepinteractions.ai/,UNRESOLVED,,
6ff1e1634b92ec9033aaf26debe5e409e02ceaff0519ed448297df9ece00ed1c,KelAI,,ycombinator,https://www.ycombinator.com/companies/kelai,,https://kelaitech.com/,UNRESOLVED,,
bfbba1943b2c294b96d8a3b927b1c885fc7312a3a6693d2f4bf0f960835890e6,"HEVN, inc",,ycombinator,https://www.ycombinator.com/companies/hevn-inc,,https://gethevn.com,UNRESOLVED,,
d7664a7f5437d39daaaa4430b2ef60bdcb58e60f4960684ee83877d621e84eac,Wealor,,ycombinator,https://www.ycombinator.com/companies/wealor,,https://wealor.ai/,UNRESOLVED,,
e15eca0d1e6e7a350bb3ae4961d2bbd0d840d33edccf9ae8ad0f0ba18fa16b6e,Elyra,,ycombinator,https://www.ycombinator.com/companies/elyra,,https://www.elyrasystems.com/,UNRESOLVED,,
95fb3958b94179fa5b7e092e237d75d7a035de31a8a31d1063b1178e966e9e72,Interfaze,,ycombinator,https://www.ycombinator.com/companies/interfaze,,https://interfaze.ai,UNRESOLVED,,
21be67f0bfa25440ed0987fa6cc173942d033100ccb42c825946161e51615dc4,Zolvo,,ycombinator,https://www.ycombinator.com/companies/zolvo,,https://zolvo.com/,UNRESOLVED,,
376bcd1881a907bc48c65eff99949e9d0236405e46a9c368b81e7a269645c54a,Juno,,ycombinator,https://www.ycombinator.com/companies/juno-chat,,https://junocompanion.com/,UNRESOLVED,,
ddd63415fa6d449d049a8119f42f47aa89247505d2215b58ee0a03753e26db45,Kinro,,ycombinator,https://www.ycombinator.com/companies/kinro,,https://www.kinro.com/,UNRESOLVED,,
7b664ac4947503785eb85c0f625c285afbdce313f7f3bd8ec0196e3be45563a4,GovGuard,,ycombinator,https://www.ycombinator.com/companies/govguard,,https://govguard.com,UNRESOLVED,,
c35fd22de46dfd95060ee84144642b8d447f1ede5c656432bced843c3ac29723,Superlog,,ycombinator,https://www.ycombinator.com/companies/superlog,,https://superlog.sh/,UNRESOLVED,,
708795cbe1f1cc13d97b7515b0d22bb95df75950f24482a3feaef224456837c8,GodHands,,ycombinator,https://www.ycombinator.com/companies/godhands,,https://godhands.dev,UNRESOLVED,,
75354fbee011f14741849f4dd2219ffdddbe23ca9f34f5d281289c0488cef6bd,Limrun,,ycombinator,https://www.ycombinator.com/companies/limrun,,https://lim.run,UNRESOLVED,,
85c63a232393a6f9ca15e1581a2f3c139de583b3f570c30e412af5cd7c94f2c9,Light Anchor,,ycombinator,https://www.ycombinator.com/companies/light-anchor,,https://lightanchor.ai,UNRESOLVED,,
c4bffffe939bfba949bc67ceb75a890f0923f5b7b163525ebe59ac04222d4c77,Hub,,ycombinator,https://www.ycombinator.com/companies/hub,,https://hub.xyz,UNRESOLVED,,
892dfc228e00d677add71748a54e829fec33dee35151f06e5322714b6b8eb3ac,Tenet Industries,,ycombinator,https://www.ycombinator.com/companies/tenet-industries,,https://www.tenetindustries.com,UNRESOLVED,,
dcc0d58bb067bff4479a62471bac0330402621c20ab1e88874e23fd204faa0fb,Atrisa,,ycombinator,https://www.ycombinator.com/companies/atrisa,,https://atrisa.ai,UNRESOLVED,,
d0fc3b30f108728449877f04a8efcd4b72c5c13c437c33bbf6f574ee75d37d92,Trellis,,ycombinator,https://www.ycombinator.com/companies/trellistech,,https://trellistech.com,UNRESOLVED,,
4fa36aea20adc57fbc006b296d81718325f4733a41408ecd25be5bd2690816af,The Company Company,Together AI,ycombinator,https://www.ycombinator.com/companies/the-company-company,,https://www.thecompany.company,RESOLVED,,
3ab9441ebd6a437b1b746e00871fe006be7a599440d076c53e359ad8a992dcb7,Dayjob,,ycombinator,https://www.ycombinator.com/companies/dayjob,,https://www.getdayjob.ai,UNRESOLVED,,
6f296e0dac76f31859783e00163601305fa01ef9a234306669af891d1765be66,InLoop Robotics,,ycombinator,https://www.ycombinator.com/companies/inloop-robotics,,https://inloop-robotics.com/,UNRESOLVED,,
a6380357c884743844d94a5dc609d67d64c5fc3bf366fab5c1d43b90749be9ba,Zenbu,,ycombinator,https://www.ycombinator.com/companies/zenbu-2,,https://www.zenbu.dev/,UNRESOLVED,,
272a53d0812b89fdc8cc555ae82ff858fe7ab3fae561f70e96843ec546cdd268,Andustry,,ycombinator,https://www.ycombinator.com/companies/andustry,,http://andustry.com/,UNRESOLVED,,
0259de52151304db7d33d23c945dfce5072ad3886a6147f47cde626dcf7b0201,Nine Fives,,ycombinator,https://www.ycombinator.com/companies/nine-fives,,https://ninefives.com/,UNRESOLVED,,
1d71097eb3cba49168a11395726f1d0148c569b0a09a2d53c39a044f8c7fdcd3,Incandor,,ycombinator,https://www.ycombinator.com/companies/incandor,,https://www.incandor.com,UNRESOLVED,,
a3643e07d950a0cfa3855b5bccb1fa3af349fc427282d5b9d6bfbe256b3f274e,Chert,,ycombinator,https://www.ycombinator.com/companies/chert,,https://www.trychert.com/,UNRESOLVED,,
c7dced13f20c4f0effdcba6ccc56b85a53e572e884f957732401555f4c458eb7,Saffron,,ycombinator,https://www.ycombinator.com/companies/saffron,,https://www.trysaffron.ai/,UNRESOLVED,,
01a7365f91d0e65fc3efce4497c0631e2c4918492a87fa5770e78be91bfc27fa,Discovered Materials,,ycombinator,https://www.ycombinator.com/companies/discovered-materials,,https://discoveredmaterials.com,UNRESOLVED,,
100ff2d267566342e4508e6a405c6962eb8af27885bce637f82cec223602b67c,Lightsprint,,ycombinator,https://www.ycombinator.com/companies/lightsprint,,https://lightsprint.ai,UNRESOLVED,,
8b24bd99f55e02a222525f8299ddb887924e9fa020a2044de5930712140a880d,Twolabs,,ycombinator,https://www.ycombinator.com/companies/twolabs,,https://www.twolabs.ai,UNRESOLVED,,
6a4d2823853833eb6741c85a4bd988db07a49d592791cd5a75df10145c56e0a2,Scope,,ycombinator,https://www.ycombinator.com/companies/scope,,https://tryscope.app,UNRESOLVED,,
7d78ef9eca329317b0cd48f2dac5e8ca58ffff5bb39b329cc5560eb274b796e0,Hexa,,ycombinator,https://www.ycombinator.com/companies/hexa,,https://www.hexaagents.com,UNRESOLVED,,
0d731ba6a0858f15d26e2a4d446aa4f15e36b6e6f7cdb33de317afe9555f2c69,Palette,,ycombinator,https://www.ycombinator.com/companies/palette-2,,https://palettelabs.com/,UNRESOLVED,,
6d368fa0788a7a1e5e26c82c538d0b962fe09236e27186c0f4d1fb6c846d4e6c,Rudus,,ycombinator,https://www.ycombinator.com/companies/rudus,,http://rudus.ai/,UNRESOLVED,,
153b1f55096d78f56fae348ad757bb7ffcfe6648175622ef86375f9c8f62d1c3,Replicas,,ycombinator,https://www.ycombinator.com/companies/replicas,,https://tryreplicas.com,UNRESOLVED,,
42bd47e21f688add7833cf77703beff244f5f88ecde8ea068c5f122e33639b63,Totalis,,ycombinator,https://www.ycombinator.com/companies/totalis,,https://www.totalis.trade,UNRESOLVED,,
f97a99a59c9c44e6b2b07b0a648a3ddf9486d5f228f57646629bbeba401b32f4,WithAI,,ycombinator,https://www.ycombinator.com/companies/withai,,https://withai.co,UNRESOLVED,,
1ef57b183b8665cb4d1be5ca7d0a40a79105c4a3dd52756134b0294f736e0d5b,Osmaura,,ycombinator,https://www.ycombinator.com/companies/osmaura,,https://osmaura.com,UNRESOLVED,,
09d9ec245a93934c5a7c52bb2085aa9c758880153a6938d54ae8d0e068dd40aa,Instance,,ycombinator,https://www.ycombinator.com/companies/instance,,https://www.instancelabs.ai/,UNRESOLVED,,
942ef2e4bb686c8eff3373ada3d16b8a7b1a3073bed36a1baa09d2ca7db2fc1b,Illume Labs,,ycombinator,https://www.ycombinator.com/companies/illume-labs,,https://www.illumelabs.ai,UNRESOLVED,,
95192ef01bad998363d135dc5a9e391d58362337622517da3a1417b2d6e6b8a8,Memoir,,ycombinator,https://www.ycombinator.com/companies/memoir,,https://www.trymemoir.ai/,UNRESOLVED,,
b9303caef48f618d4b67074d1420540e57bc8bf1d2e00f49ed1b36f9507987b2,"PerfectBit, Inc.",,ycombinator,https://www.ycombinator.com/companies/perfectbit-inc,,https://perfectbit.ai,UNRESOLVED,,
b0c4fa5f074ce04271d9a1fbf81290a3c0f2580ce8d5908ff8bb074b1eb27d2d,Stage,,ycombinator,https://www.ycombinator.com/companies/stage,,https://www.stagereview.app/,UNRESOLVED,,
dc037a4345e2e9e4acc21f2756b4fc3158f849859f9da17524a2a6dcb9d48683,Standard Signal,,ycombinator,https://www.ycombinator.com/companies/standard-signal,,https://standardsignal.com,UNRESOLVED,,
ed108dd3d7bbcb20876bc25a1eba9913a27431825bc29cde55981d549b62e842,primitive,,ycombinator,https://www.ycombinator.com/companies/primitive,,https://primitive.dev,UNRESOLVED,,
04cafaa6b4ef72cc0525b415a2523409e9c5d78f7c0ea49de592296fc8ce26b3,afterfive,,ycombinator,https://www.ycombinator.com/companies/afterfive,,https://afterfive.club/,UNRESOLVED,,
76353cd8a45fc5e81fa1e9691602c6b782d67072216dcd77a7711070a57d597a,Klarify,,ycombinator,https://www.ycombinator.com/companies/klarify,,https://www.klarify.ca/,UNRESOLVED,,
4cea9a348d5616794d0a620d6c30d958ef8767c3ae85385bed6a80a734367933,Surtr Defense Systems,,ycombinator,https://www.ycombinator.com/companies/surtr-defense-systems,,https://surtrdefense.com,UNRESOLVED,,
129746b80629d9377ee11253bb382b97ccf79c7e2d3758f5f13149f7abec4ca3,Hedge,,ycombinator,https://www.ycombinator.com/companies/hedge,,https://www.hedgespecialty.com/,UNRESOLVED,,
e00843d46bf0d5d79108bfe236de80b9da257786bb927ddf9769069ac84a8589,Cardinal,,ycombinator,https://www.ycombinator.com/companies/trycardinal-ai,,https://trycardinal.com,UNRESOLVED,,
4b9078b083d728e0f6d88504b23560c1dad4c26d2dbd65cd71922d3e716e3183,Wideframe,,ycombinator,https://www.ycombinator.com/companies/wideframe,,https://wideframe.com,UNRESOLVED,,
d7e1d0a165e269417d4ef81d64146b816b7a5c34a67e35915235dad0f04e61cc,Martini,,ycombinator,https://www.ycombinator.com/companies/martini,,https://martini.film,UNRESOLVED,,
a160a9f7eb038e68493ff05f0fdfd647187a0b99feda69697d6d7fc6a94f0873,Litmus,,ycombinator,https://www.ycombinator.com/companies/litmus-hiring,,https://litmushiring.com/,UNRESOLVED,,
bdcc8fc025a867e8189bed304f855642a0755d2551240ffeec97f82827d1881f,Condor Energy,,ycombinator,https://www.ycombinator.com/companies/condor-energy,,https://www.condor.energy,UNRESOLVED,,
65364904ab47ea36f8d2a90573c9b813f2a849a6a2db7e697477d53b37ab389b,Remix,,ycombinator,https://www.ycombinator.com/companies/remix-3,,https://remix.re,UNRESOLVED,,
e01767785bc48daead5888a6b38db0421aebc5c6714405d5e2e26a234023bdf8,OpenVector,,ycombinator,https://www.ycombinator.com/companies/openvector,,https://openvector.com,UNRESOLVED,,
9462d6a2965a2a1e4a44ebf7dcd916b73e912ce0f1f035a52e3148afa5846ce1,Shofo,,ycombinator,https://www.ycombinator.com/companies/shofo,,https://shofo.ai/,UNRESOLVED,,
cc9b94494ce76b846de4b41fc04b7610e616e4236ae22ad75b62fc8af227ab31,Wayco,,ycombinator,https://www.ycombinator.com/companies/wayco,,https://wayco.ai,UNRESOLVED,,
66378428f148568c47086d6de42f4ad2aee8616ff473ddcd7441751c1b51f73f,"Applied Electrodynamics, Inc.",,ycombinator,https://www.ycombinator.com/companies/applied-electrodynamics-inc,,https://www.ae-dyn.com/,UNRESOLVED,,
81063260bdca1f7a984e69206caa6cc70c6d34475d5c2f7c269a4c79918c2cdb,Unifold,,ycombinator,https://www.ycombinator.com/companies/unifold,,https://unifold.io,UNRESOLVED,,
5d5ccdd28d290a1eadd27bfb54b72152296e0963abb2748b6e71f5ac72c31622,Carrot Labs,,ycombinator,https://www.ycombinator.com/companies/carrot-labs,,https://superpenguin.ai/,UNRESOLVED,,
10351e603ea54cdc4aa135c362602f44c17c672050f36c66cb67a280c011a844,Dispatch,,ycombinator,https://www.ycombinator.com/companies/dispatch,,https://dispatch.space/,UNRESOLVED,,
345cc360626f4e2e0074be2a69c56a18705947a4ede7368c46136cf5fec9d1fd,Bloom,,ycombinator,https://www.ycombinator.com/companies/trybloom,,https://trybloom.ai,UNRESOLVED,,
1fd0c778af8f2a7e708bd2b07836b99c85a232de65638a171267ade86ee34a9b,Aurorin CAD,,ycombinator,https://www.ycombinator.com/companies/aurorin-cad,,https://aurorincad.com,UNRESOLVED,,
37f81cb9686a9fefdd76c9c9d5cde8424945acdbe9d4ae22dd40baffd56b29f1,Fixture,,ycombinator,https://www.ycombinator.com/companies/fixture,,https://fixture.app,UNRESOLVED,,
10348731399d848606df067fc0c8448947cc08207592f3b7df7b3967aaf744d3,DAIVIN!,,ycombinator,https://www.ycombinator.com/companies/daivin,,https://www.daivin.tech/,UNRESOLVED,,
ae6ea4053cb4c979d5d980f6fb6f902982061350bc7945860c5402c0c7838b3d,Brumby (Formerly GrazeMate),,ycombinator,https://www.ycombinator.com/companies/brumby,,https://brumby,UNRESOLVED,,
0d967a33e2372a03d78ce0062dfc222bb7cd373cacd8b6f1eb4f55abbee7f026,Origami Robotics,,ycombinator,https://www.ycombinator.com/companies/origami-robotics,,https://www.origami-robotics.com,UNRESOLVED,,
48fc530688d3927ebd73ab38133085d3b82bd789f5c96b903995725e7367abda,Ossus,,ycombinator,https://www.ycombinator.com/companies/ossus,,https://www.ossus.com,UNRESOLVED,,
4cce888af5c9fca58209a402dced0f9195f76898347d516020ef649764c9063e,Rubric AI,,ycombinator,https://www.ycombinator.com/companies/rubric-ai,,,UNRESOLVED,,
6f169157656712800b61eb0afbdc7cf0433bc2487bb9988667b33fc887ad30fe,Regbase,,ycombinator,https://www.ycombinator.com/companies/regbase,,https://regbase.com,UNRESOLVED,,
ab7216d7ea19f20123f8965dd731ac65a89f0c7f9fef24ee9c80d5ce3207ee8e,Zymbly,,ycombinator,https://www.ycombinator.com/companies/zymbly,,https://www.zymbly.com,UNRESOLVED,,
9c764fceb8c2d08da9a9c0913e73048fe8c8fa368272e3b01e40dd2c64ae6984,Ritivel,,ycombinator,https://www.ycombinator.com/companies/ritivel,,https://www.ritivel.com,UNRESOLVED,,
df7d1349e67c4b9a4160dadab74dadc3911858d826ca1f70023c6fd043bc919e,Polymorph,,ycombinator,https://www.ycombinator.com/companies/polymorph,,https://usepolymorph.com/,UNRESOLVED,,
5de73c45b0c4582ffb426bb86d3649c987ed36b15c6339c2019006283f5febf2,Khotan (formerly Pollinate),,ycombinator,https://www.ycombinator.com/companies/khotan,,https://www.khotan.com/,UNRESOLVED,,
0d62cfc879cf61b699fe86a6fbd6eaae2170e7e7c2ba0411802f4965ec82a094,SpotPay,,ycombinator,https://www.ycombinator.com/companies/spotpay,,https://www.spotpay.ai/,UNRESOLVED,,
8f1590e685395a63c888e8610fdeb95bd872df3568481c20b42eaf234649a62e,Poth Labs,,ycombinator,https://www.ycombinator.com/companies/poth-labs,,https://pothlabs.com,UNRESOLVED,,
b27edf5f6049e69429cc8b43a7997d95360ea70041b291dc5989aa5581436c13,VOYGR,,ycombinator,https://www.ycombinator.com/companies/voygr,,https://voygr.tech,UNRESOLVED,,
2af22731167183b7c3c4dac9f191ebadb5a8d9bfc30998192fd937251df7dfb1,MochaCare,,ycombinator,https://www.ycombinator.com/companies/mochacare,,https://www.mochacare.com/,UNRESOLVED,,
e854ba3442a5ce68d322dcc6d91e2f0c294556e6f12c5edbda8909425fe390eb,Cova,,ycombinator,https://www.ycombinator.com/companies/cova,,https://cova.care/,UNRESOLVED,,
21148fcd6dfedf35f3921c9f7ce7c8c6b43e97869288cb52f7222f7a65f6f655,Vela,,ycombinator,https://www.ycombinator.com/companies/vela,,https://tryvela.ai,UNRESOLVED,,
34b428f1e68b6a9e57542d2056a9e6157b5b1e73dbc670ade33cbf83ffb2cd24,Supafax,,ycombinator,https://www.ycombinator.com/companies/supafax,,https://supafax.com,UNRESOLVED,,
5e1b3f53772ef1666b737a28011339c56c35c6cd7265012604bf0304be7ef73b,Talking Computers,,ycombinator,https://www.ycombinator.com/companies/talking-computers,,https://talkingcomputers.ai,UNRESOLVED,,
46072c7778d2989c0fa0a3835b5ce90936c08d10610bdffecf91f9ea413b26b3,Control Seat,,ycombinator,https://www.ycombinator.com/companies/control-seat,,https://www.controlseat.com,UNRESOLVED,,
d26226fbfe1f7cf69edf7631f836cf390eb39166732658612da33170f9849ea0,Copperlane,,ycombinator,https://www.ycombinator.com/companies/copperlane,,https://www.copperlane.ai,UNRESOLVED,,
a67b973985b399d9f2f4863a4191db8db74a72a476becdfe9133a6a1759a4a05,Tsenta,,ycombinator,https://www.ycombinator.com/companies/tsenta,,https://tsenta.com,UNRESOLVED,,
57df6e6bb964fcbb58f0e11bcfbb93d41866dfedd73189e4f085ab63fc7c1c6e,Atlia,,ycombinator,https://www.ycombinator.com/companies/atlia,,https://www.atlia.com,UNRESOLVED,,
3623c360f6045dddb4b7c00b84032355c3b1afe935f5d2d1b450ccbbe0d99015,Canary,,ycombinator,https://www.ycombinator.com/companies/canary,,https://www.runcanary.ai,UNRESOLVED,,
ce3ea33da6b8bf55818150d14817e0bcc4e1bd03e143c166a1b0c568f4dc0a5d,Grade,,ycombinator,https://www.ycombinator.com/companies/grade,,https://usegrade.com,UNRESOLVED,,
b51e8ee7327715655d3666f0d42f91bc373d95650828814667eded5ad2f74f90,Sila,,ycombinator,https://www.ycombinator.com/companies/sila,,https://silahq.com,UNRESOLVED,,
50abf4e06ede42824c0ccf780aee54d839a142eec3b401b1766071d011adb106,Maven,,ycombinator,https://www.ycombinator.com/companies/maven,,https://trymaven.com,UNRESOLVED,,
4560c158913e0d6c1e20a16199070df4d25008ecf1b15875cd228f1614525de9,Moda,,ycombinator,https://www.ycombinator.com/companies/moda,,https://moda.dev,UNRESOLVED,,
115dbbc9bc5fe52330213eb16bf9e113f5ae944f731c08062509c4d8be8c8d74,The Token Company,,ycombinator,https://www.ycombinator.com/companies/the-token-company,,https://thetokencompany.com,UNRESOLVED,,
3b84b97ff9ee146763566b79d1e8bf9e18f6569f21c585bff84a01a0a65db089,BeeSafe AI,,ycombinator,https://www.ycombinator.com/companies/beesafe-ai,,https://beesafe.ai/,UNRESOLVED,,
06976d6a737f14e15b1d5ffd748808f6c25854e872facda2bc8851885bb3d730,Fed10,,ycombinator,https://www.ycombinator.com/companies/fed10,,https://www.fed10.ai,UNRESOLVED,,
a2f85427455acf61ee2676e265307756dd8c71c3d9cae1640ffa23c8ff39ab08,Inth,,ycombinator,https://www.ycombinator.com/companies/inth,,https://inth.com,UNRESOLVED,,
eeceb8549969020480fb6f66a9a1526a07de6154fe982238d2970f6f72d391a1,Squid,,ycombinator,https://www.ycombinator.com/companies/squid,,https://squid.energy,UNRESOLVED,,
adef8945c6ff7b1bb82f86d70a1e797b6ecd6335230b47656f6d63ac844290cc,Crow,,ycombinator,https://www.ycombinator.com/companies/crow,,https://www.usecrow.ai/,UNRESOLVED,,
0a36d5ee5b4a57018387bddb1f77f83060f2300c3e65ed2c503383ef2df5e262,Foreman,,ycombinator,https://www.ycombinator.com/companies/foreman,,https://foreman.co,UNRESOLVED,,
73c103b704ef66a22b6bc63d7e95154ae83ccdab2af83a5e542db6dd33fc66ea,Booko,,ycombinator,https://www.ycombinator.com/companies/booko,,https://bookoapp.com,UNRESOLVED,,
998d79b83a5b0e9bd708d2abafdaf2ee3e5f56ecef3d8ccb82c17f60f7808fb3,Corelayer,,ycombinator,https://www.ycombinator.com/companies/corelayer,,https://www.corelayer.com,UNRESOLVED,,
835ae9ae79ce1cebf317aaf2649a606a0658f4377fee6f835c3cac025a97c7cb,General Legal,,ycombinator,https://www.ycombinator.com/companies/general-legal,,https://general.legal,UNRESOLVED,,
0afa859161b6aae2991ecc5b86611eaf3a4f58d718ec5f30677c8d7c66929b6b,Fort,,ycombinator,https://www.ycombinator.com/companies/fort,,https://fort.cx,UNRESOLVED,,
114d747f2540df9643a87d158cdca176eb08cc015ef96659d56a98c4fbf357ca,Balance,,ycombinator,https://www.ycombinator.com/companies/getbalance,,https://getbalance.ai,UNRESOLVED,,
ebdda11118d82029ee381841a70d9593277f6051ee7898a661a1badd6d3f2ae1,Ekpa,,ycombinator,https://www.ycombinator.com/companies/ekpa,,https://goekpa.com/,UNRESOLVED,,
75269507e8935552d839c9e54d2448bcbc8818c9570ad970f7a3062e5b10d6ec,Chasi,,ycombinator,https://www.ycombinator.com/companies/chasi,,https://chasi.ai/,UNRESOLVED,,
131a72931ee38c9994f4284ed32e8748e467f3828e3af4d454ecd9641f7b668b,Anchorhead,,ycombinator,https://www.ycombinator.com/companies/anchorhead,,https://buildwithglue.com,UNRESOLVED,,
08ae0088657ca34fb280177379a563de6f0bfcc232760c599aaf12294dc52942,o11,,ycombinator,https://www.ycombinator.com/companies/o11,,https://o11.ai,UNRESOLVED,,
07c263c8b8e1e7178eb236b4ab7765938522e3bad0cba364f5f394af0c7691ba,Doomersion,,ycombinator,https://www.ycombinator.com/companies/doomersion,,https://doomersion.com/,UNRESOLVED,,
98fd347e8a02c8df8ea71efae9e9973c513559eadda3faf3111441d700b7c8a4,Sequence Markets,,ycombinator,https://www.ycombinator.com/companies/sequence-markets,,https://sequencemkts.com/,UNRESOLVED,,
beef50369d1ca7ad52670bf547300e7de31d60de487c0db0ae0f6f7fbf55907e,Libra Robotics,,ycombinator,https://www.ycombinator.com/companies/libra-robotics,,https://www.librabots.com/,UNRESOLVED,,
40ed31db872351ed9170489094b0e7c5b0fcbf604ae11b0eb82c1887803059c8,Ditto Biosciences,,ycombinator,https://www.ycombinator.com/companies/ditto-biosciences,,https://www.dittobio.com/,UNRESOLVED,,
96fada9e0d712be64bb75cd5c9d45236aceefd6713a4e239d5c6605787ed62d8,Servo7,,ycombinator,https://www.ycombinator.com/companies/servo7,,https://servo7.com,UNRESOLVED,,
7b374d09ef87ca838f193aa666a475f05158d3931a268d1b8f26096ceeb398ea,Datoric,,ycombinator,https://www.ycombinator.com/companies/datoric,,https://www.datoric.com,UNRESOLVED,,
05ea6a144ed3e744007fae81d7b89c03af2aa7800b80fba90fb8a919b8c0cf45,Superset,,ycombinator,https://www.ycombinator.com/companies/superset,,https://www.superset.sh/,UNRESOLVED,,
7e1f45331187068a79ded792a89399483f0380b9514daeab8db69f39a1210fc7,Netter,,ycombinator,https://www.ycombinator.com/companies/netter,,https://netter.ai,UNRESOLVED,,
f2724e7570b68e0a72691e1e9764b65b7fa912d0c4e7b3da357ae511f8e9b888,Voxel Energy,,ycombinator,https://www.ycombinator.com/companies/voxel-energy,,https://voxelenergy.com/,UNRESOLVED,,
e8f3003ccd49be369782364178b9431a8d710549963b96e58fee5c67926b9c7d,Polymath,,ycombinator,https://www.ycombinator.com/companies/polymath,,https://polymathlabs.ai/,UNRESOLVED,,
9cc28dbd08f1159c62d323ec71272a30d90092936f562a5f93dedd9653719c6a,Archal,,ycombinator,https://www.ycombinator.com/companies/archal,,https://www.archal.ai/,UNRESOLVED,,
ed956316ebe300adf52c263308d0708a6502de5248c51d3debf91c8c80c0aba9,Bubble Lab,,ycombinator,https://www.ycombinator.com/companies/bubble-lab,,https://bubblelab.ai/,UNRESOLVED,,
22a810c8ad3a24d3d6b7f957e98aad91d851ccbab2055fe942fde91d32e07fe4,Pocket,,ycombinator,https://www.ycombinator.com/companies/pocket,,https://heypocket.com/now,UNRESOLVED,,
c7b8891d46203e058739d006c6a31a14a41c873040d255a58bd9c4a928af280c,Byteport,,ycombinator,https://www.ycombinator.com/companies/byteport,,https://byteport.com/,UNRESOLVED,,
c1f62d61b76887fd16c3e58391f20e0001bbbd443402bc57e422816d3843724e,Constellation Space,,ycombinator,https://www.ycombinator.com/companies/constellation-space,,https://constellation.space/,UNRESOLVED,,
3332be0e65715e38f83d01113d1e968b8c276d0ed1711fc0e5a8bc3027ad3788,Sazabi,,ycombinator,https://www.ycombinator.com/companies/sazabi,,https://www.sazabi.com/,UNRESOLVED,,
e0e9a752e1fcbcb11dec6815c54e115341f352f23f0c46b15e241d5fb76be7ea,Mendral,,ycombinator,https://www.ycombinator.com/companies/mendral,,https://mendral.com/,UNRESOLVED,,
be1be08f95b9359e2202b9f0274f3a693148ece1954994eb41880c6df1a38ab9,AxionOrbital Space,,ycombinator,https://www.ycombinator.com/companies/axionorbital-space,,https://axionorbital.space/,UNRESOLVED,,
155dfc82b5eba49229d300057ccfe7c2d03751b191dfa2875b61aedbc4077709,Oximy,,ycombinator,https://www.ycombinator.com/companies/oximy,,https://oximy.com,UNRESOLVED,,
655c2ee4ddbda9d245a032ecf9e69c14fd306faaef131f247825ab8250a1f98b,Caretta,,ycombinator,https://www.ycombinator.com/companies/caretta,,https://www.caretta.so,UNRESOLVED,,
e5bd0bac0472d0e5fd66d4501a4bca0ca47e181bbdca704d17042d0730c6e586,Samora AI,,ycombinator,https://www.ycombinator.com/companies/samora-ai,,https://samora.ai/,UNRESOLVED,,
0ece8ef5e52c9d965f4a4e831e6f0c43c775a5740d998d3c4dfa423e88975b22,Human Archive,,ycombinator,https://www.ycombinator.com/companies/human-archive,,https://www.humanarchive.ai/,UNRESOLVED,,
1d2b925c9a6064834e9a2ad0b2671c0792c7a96b61fc6bf2319effb98be02c0f,Forum,,ycombinator,https://www.ycombinator.com/companies/forum,,https://www.forum.market/,UNRESOLVED,,
84d3de9c9c5c5584abb625dbdc69d64a98ee75a62147f84de368dbbc0d472584,Sitefire,,ycombinator,https://www.ycombinator.com/companies/sitefire,,https://sitefire.ai,UNRESOLVED,,
fe3addadedfcfa7af4362332df6c07fffcd3226311684824ca892c3c5cb07f35,Robby,,ycombinator,https://www.ycombinator.com/companies/robby,,https://tryrobby.com,UNRESOLVED,,
5b2fb27b540daf11608e39be8c03e5c71928537811b05da8d2689407c099315a,Ressl AI,Stability AI,ycombinator,https://www.ycombinator.com/companies/ressl-ai,,https://ressl.ai,RESOLVED,,
212e5698d82f986ae5912ecc360c602f2fe0157df5089972b413a4991e68b4d9,Emdash,,ycombinator,https://www.ycombinator.com/companies/emdash,,https://emdash.com,UNRESOLVED,,
fde26bb560f1b0ea43c0392498ef89dff68995f175caa760caa9a950ca2bc884,InventoryQuant,,ycombinator,https://www.ycombinator.com/companies/inventoryquant,,https://www.inventoryquant.com,UNRESOLVED,,
bbe6da0ce2cede39b69085388c0cc4b0860cbaabf789a0bc65d97c4c3232e41e,Congruent,,ycombinator,https://www.ycombinator.com/companies/congruent,,https://congruent.io,UNRESOLVED,,
567d241b18877d8d6b30a4bb8d1010896f3964fe681de1b59857147641bad6ff,Reframe,,ycombinator,https://www.ycombinator.com/companies/usereframe,,http://usereframe.ai,UNRESOLVED,,
1f6621643a7106f21248053d51092709555c92287eda12b5456f97da882a61bc,Valence,,ycombinator,https://www.ycombinator.com/companies/valence,,https://valence.trade,UNRESOLVED,,
6c20b15efaa961ae9d87c8b0b798023806fbb24ce3e195ae640f6b5f6e8adde7,9 Mothers,,ycombinator,https://www.ycombinator.com/companies/9-mothers-corporation,,https://9mothers.com,UNRESOLVED,,
942da2465b7aa1c6baf13fb8708246e2480f6a914aa655427b6cd18d895d93cb,Approxima,,ycombinator,https://www.ycombinator.com/companies/approxima,,https://approxima.ai,UNRESOLVED,,
1e01d739f164332e24c6d3714b9776a2390d8772ad2e42bcc5cbe783f694e810,Traverse,,ycombinator,https://www.ycombinator.com/companies/traverse,,https://www.traverse.so,UNRESOLVED,,
f48e7949b8ba892eb1311c0ac386083e7c03fbed45c5491e0c1cf0e127440c28,Revion,,ycombinator,https://www.ycombinator.com/companies/revion,,https://revion.inc,UNRESOLVED,,
16103c9ad38c3063cb966e8642ab7702836918b28df5c32cb909f196f19ab138,Maywood,,ycombinator,https://www.ycombinator.com/companies/maywood,,https://maywoodai.com/,UNRESOLVED,,
04879d3dda4ac21f04a7b51f1af0132219d8388167f7a7317c55fcb06ebf15a0,Fenrock AI,,ycombinator,https://www.ycombinator.com/companies/fenrock-ai,,https://fenrock.ai/,UNRESOLVED,,
0cc9737dd6f90c65b3f96a863f2d046ef68aeeeffc3598af4426bd9ab068f5e6,End Close,,ycombinator,https://www.ycombinator.com/companies/end-close,,https://endclose.com,UNRESOLVED,,
5c6bf0ba0f3121425c38876368b5e8e7e3cb7936af693f786c49f6b64b595d8f,Chamber,,ycombinator,https://www.ycombinator.com/companies/chamber,,https://www.usechamber.io,UNRESOLVED,,
3776e26bc073c8df3274523ef75e6ee55176ed474c7af3da5d63bcd1810429d6,Assemble,,ycombinator,https://www.ycombinator.com/companies/assemble,,https://www.assemble.ai/,UNRESOLVED,,
381f71c57f2bffb7ab4ca64ad7a4b3c78fb0fbc9110e100fce0326374bd271a9,Patientdesk.ai,,ycombinator,https://www.ycombinator.com/companies/patientdeskai,,https://patientdesk.ai/,UNRESOLVED,,
b540ba61519c7b1bae100f60424d5dacef4e68c4d69a728baddecb92c1ac42b8,Visibl Semiconductors,,ycombinator,https://www.ycombinator.com/companies/visibl-semiconductors,,https://visiblsemi.com,UNRESOLVED,,
5f7f26fe2c8d8796f0e6c59771e925176445c37e3e4383311366e8f8c9744e03,Synthetic Sciences,,ycombinator,https://www.ycombinator.com/companies/synthetic-sciences,,https://syntheticsciences.ai/,UNRESOLVED,,
cbc11e631a8464e1cc0193a8d939ecbcf0f4a1abb44fe491b34731818e2c5213,Seeing Systems,,ycombinator,https://www.ycombinator.com/companies/seeing-systems,,https://www.seeing-systems.com,UNRESOLVED,,
49855d09161d0dfa099cde62e86225aa271e6fd0fb4e1a684dd51a090349d705,Jinba,,ycombinator,https://www.ycombinator.com/companies/jinba,,https://jinba.io,UNRESOLVED,,
59e18728701ddc6e4d937b145ccebfbf3eb5fe03abaa3baebb0be6bf3799c25a,Cardboard,,ycombinator,https://www.ycombinator.com/companies/cardboard,,https://usecardboard.com,UNRESOLVED,,
de2ffb669a1b4514c4ba3d5366343f8f7950b78835acabf9c6f432f9e71028ee,Prana,,ycombinator,https://www.ycombinator.com/companies/prana-health,,https://pranadoc.com,UNRESOLVED,,
84a2b232038dd4f893935ee39e3e300b997f33b1c558708bfa751c3f6b3087e7,Rhizome AI,,ycombinator,https://www.ycombinator.com/companies/rhizome-ai,,https://rhizomeai.com/,UNRESOLVED,,
63640d1a9a1d1cfd5d897c4822a7ff1c0db19e08306bbb21065d6ad0cdcab16a,Pax Historia,,ycombinator,https://www.ycombinator.com/companies/pax-historia,,https://www.paxhistoria.co,UNRESOLVED,,
3933d7cdeb6943bc024aed09048a9173080be026c158c0502b382b6b8b371358,Parameter (fka Hex Security),,ycombinator,https://www.ycombinator.com/companies/parameter-fka-hex-security,,https://parameter.ai?utm_source=ycombinator&utm_medium=referral&utm_campaign=parameter-profile,UNRESOLVED,,
6a1286d05291e864bd61f91dce0b8a409e6fdd2da24e2da3186d4be7ad806a58,Laurence,,ycombinator,https://www.ycombinator.com/companies/laurence,,https://laurence.com,UNRESOLVED,,
b105497bc93dd51bcba04650b5ad10b8e2265dd49f5869fbc1793ca6b6af40df,Terminal Use,,ycombinator,https://www.ycombinator.com/companies/terminal-use,,https://www.terminaluse.com/,UNRESOLVED,,
71635c409e89f5313f1543dd0ec9d3d8897d4d27ce811857f08b7e2e733b2607,Overshoot,,ycombinator,https://www.ycombinator.com/companies/overshoot,,https://overshoot.ai,UNRESOLVED,,
f2e3b82de5b3d74b0b928f59a2c1d53ae186ae0f442d3f4c1c75891df09abdf7,Cajal,,ycombinator,https://www.ycombinator.com/companies/cajal-technologies,,https://caj.al/,UNRESOLVED,,
890d599a61dc1713ab5b7f69dbd43dc9b3f07b2254b822dbbccddd59d09059d1,Proximitty,,ycombinator,https://www.ycombinator.com/companies/proximitty,,https://proximitty.ai,UNRESOLVED,,
4f6a48655ef488a9360a61bea9ef64ebf81b4b1e620a7644044fa8b91acd863a,Instinct,,ycombinator,https://www.ycombinator.com/companies/instinct-xyz,,https://instinct.xyz,UNRESOLVED,,
222787177fe4f72e93f17f21c159dc306eec9a703fe4f1cc17274bd83c611b60,Stilta,,ycombinator,https://www.ycombinator.com/companies/stilta,,https://stilta.com,UNRESOLVED,,
f494fb71b3c229852f293d1f483b0352e8ad3c04d614b05b9007f248950ae7f7,Unisson,,ycombinator,https://www.ycombinator.com/companies/unisson,,https://www.unisson.ai,UNRESOLVED,,
d372106b954afc368e1a1b8ac033feadfc5e11c1cc305ce9f3d8e4b06bff7cce,IncidentFox,,ycombinator,https://www.ycombinator.com/companies/brownie,,https://incidentfox.ai,UNRESOLVED,,
6dc550495f61c736efce4342162afc7c4e9df3b2c91bbad23ab0b6cbda6c8fe0,Compresr,,ycombinator,https://www.ycombinator.com/companies/compresr,,https://compresr.ai,UNRESOLVED,,
7e4a02c03d5929492d6452e966bbe390be1f7d3b26af3f391e63b32a0128f72c,Opalite Health,,ycombinator,https://www.ycombinator.com/companies/opalite-health,,http://opalitehealth.com/,UNRESOLVED,,
db93ef592353d4b2e0b42f7d2fe3facd0af17b31da442979f597e3baca26277c,Confluence Labs,AI21 Labs,ycombinator,https://www.ycombinator.com/companies/confluence-labs,,https://confluence.sh,RESOLVED,,
be0ce1b298cab230d3cd5d97a1c1701f90aa42471b09a859b9d5f78a797b8462,Rapidfolio,,ycombinator,https://www.ycombinator.com/companies/rapidfolio,,https://rapidfolio.com/,UNRESOLVED,,
f81c0b6752fba2d5ce3b476f852e68d2672919529c4a582a7b34061171cbbc39,Mango Medical,,ycombinator,https://www.ycombinator.com/companies/mango-medical-inc,,https://mangomedical.io,UNRESOLVED,,
c50cf00b9b1798bebd337eba6e570b542a7908239cd3a23ec208d5c0d1b50baf,Sponge,,ycombinator,https://www.ycombinator.com/companies/sponge,,https://paysponge.com/,UNRESOLVED,,
b331574b1f8e97b1b830b268a0b846d94e3462876af4e020c9175209bd3d1068,Terranox AI,Meta AI,ycombinator,https://www.ycombinator.com/companies/terranox-ai,,https://terranox.ai,RESOLVED,,
e2343a48d4971e35c5c31f4336790ddd7aff7d79f9c721a91560a1b32b4e83a1,Drafted,,ycombinator,https://www.ycombinator.com/companies/drafted,,https://www.drafted.ai/,UNRESOLVED,,
fb965c49f56ea941312ba77b8c0eab4ccf111b4a26cc29c9fa6bfa97edf15db3,Ventura,,ycombinator,https://www.ycombinator.com/companies/ventura,,https://www.ventura.ai,UNRESOLVED,,
d9e5ea57b45008050624a5d402fac829a7465869739a9bd79b8be8d142d89deb,Q2Q,,ycombinator,https://www.ycombinator.com/companies/q2q,,https://www.tryq2q.com/,UNRESOLVED,,
a03950f47f12bec1443c7158ecaf81a4f14b944e75480c9cba965071602a40ec,Orthogonal,,ycombinator,https://www.ycombinator.com/companies/orthogonal,,https://orthogonal.com,UNRESOLVED,,
186a31e2909f54789ec3a96fcac314ad8b712b35caabc41534300a01bd6f6dd3,Perfectly,,ycombinator,https://www.ycombinator.com/companies/perfectly,,https://www.perfectly.so/,UNRESOLVED,,
6210b00cb36ea9bb88088619f569acb8fa9baa2df1851e438c000fdc3e45ddff,Fern,,ycombinator,https://www.ycombinator.com/companies/fern-bot,,https://fern.bot,UNRESOLVED,,
2e38a4a031d8c5f13c540578820a2aaece11f0dcd6dbc9f8122703f17e639aaa,Sparkles,,ycombinator,https://www.ycombinator.com/companies/sparkles,,https://sparkles.dev,UNRESOLVED,,
4329c5c0cd6e71c0b6d9c6eda957c0aa1d507a3a5676b93ed5dc5b12042fd2a1,EigenPal,,ycombinator,https://www.ycombinator.com/companies/eigenpal,,https://www.eigenpal.com/,UNRESOLVED,,
c6a19854c5527d7de9cf621b46cab095b673f6b1b509b09b46457475d1d49eb8,Salus,,ycombinator,https://www.ycombinator.com/companies/salus,,https://www.usesalus.ai/,UNRESOLVED,,
e0d36e915435888783ce94337f457ac818650a6c24c7bca7215f2431dece7645,Moritz,,ycombinator,https://www.ycombinator.com/companies/moritz,,http://moritzlegal.com/,UNRESOLVED,,
66c0f1a8998202b092542ba9b74609d921b15abf8dd361990161ca0f0512c6da,RamAIn,,ycombinator,https://www.ycombinator.com/companies/ramain,,https://ramain.ai,UNRESOLVED,,
f062413b464fc6229d3a7f5830b94a6eb33f6a630884b99c852d18e365d69996,Milliray,,ycombinator,https://www.ycombinator.com/companies/milliray,,https://milliray.com/,UNRESOLVED,,
7e9181da52fd9aed8462eac80f948453c903b93b43ee0f9365486de1c0732101,Beyond Reach Labs,AI21 Labs,ycombinator,https://www.ycombinator.com/companies/beyond-reach-labs,,https://www.beyondreachlabs.com,RESOLVED,,
db36cc09031596c586558b4e1c6339e0a52835ecf745e3923a04822bff50b053,OctaPulse,,ycombinator,https://www.ycombinator.com/companies/octapulse,,https://www.tryoctapulse.com/,UNRESOLVED,,
795c6fba3be4a75268254aa8563f2054941d0e701989d191c535bf537fc87038,CodeWisp,,ycombinator,https://www.ycombinator.com/companies/codewisp,,https://codewisp.ai/,UNRESOLVED,,
e6d26fa093b0d3ddd87d6e1b17260cb6f7ddcd36463357fcb4bbe09af8383923,Ashr,,ycombinator,https://www.ycombinator.com/companies/ashr,,https://ashr.io,UNRESOLVED,,
327bdd5dfb46f9ba20c840601f62555586f2e729bddd9a9dc40e18496d69f395,Aemon,,ycombinator,https://www.ycombinator.com/companies/aemon,,https://aemon.ai/,UNRESOLVED,,
223081a1da34de523e9e7245f7386fc0f3a05316df6554b9c6c97b1b74067787,Luel,,ycombinator,https://www.ycombinator.com/companies/luel,,https://luel.ai,UNRESOLVED,,
81337ae9309ef8167b51721e8725eeb7c8ec02acf6c031762d14ea9e909739a2,Scheduling Wizard,,ycombinator,https://www.ycombinator.com/companies/scheduling-wizard,,https://www.schedulingwiz.com,UNRESOLVED,,
da8c534ec0f21acf4fc39fc8e89c9a6c1efd0e912b96995adbdd04d91ba424e1,RoboDock,,ycombinator,https://www.ycombinator.com/companies/robodock,,https://www.robodock.tech/,UNRESOLVED,,
7cefcc7ad4b4cc24f05742444961e77dc5d5d09fd76fd4f1a2f3d382873aac6f,Skillsync,,ycombinator,https://www.ycombinator.com/companies/skillsync,,https://skillsync.com,UNRESOLVED,,
40a48581d4baa1c8933626e860bb90a141992accb1504dff25a6b8e671f633c8,MouseCat,,ycombinator,https://www.ycombinator.com/companies/mousecat,,https://www.mousecat.ai,UNRESOLVED,,
32616dff57257206460e363a4a31004d178a60bdf28cdfbe31e5ca3871d905e7,Zatanna,,ycombinator,https://www.ycombinator.com/companies/zatanna,,https://www.zatanna.ai/,UNRESOLVED,,
61a002e6209961d4efef913768474643f1ed4a081ed935ed3dae4f66391f8e8b,AutoSitu,,ycombinator,https://www.ycombinator.com/companies/autositu,,https://autositu.com/,UNRESOLVED,,
73fec35842fd57411a5c0505705135297f6374411c1dc2f43876496a1de6f263,Verdex,,ycombinator,https://www.ycombinator.com/companies/verdex,,https://www.verdexai.com/,UNRESOLVED,,
784b0ad510ace340aa71849f3268de15c7f542a9e67369163cde98bcbb23fb95,Cumulus Labs,,ycombinator,https://www.ycombinator.com/companies/cumulus-labs,,https://cumuluslabs.io,UNRESOLVED,,
09ec6552b7c12c98d4c8ea13c4b37aa2e84d36bfea59a27b5c0310ccfa7730b9,Tepali,,ycombinator,https://www.ycombinator.com/companies/tepali,,https://tepali.com,UNRESOLVED,,
a6ab7a994bad60e14d1ea6e5679c3b2aae96ee2ca498163ef1730b8e07358e34,Palus Finance,,ycombinator,https://www.ycombinator.com/companies/palus-finance,,https://palus.finance,UNRESOLVED,,
4ef4ca95ece70b60eca960d6a98aecb44d710c4ed48025b03ac2070ef4ac35fe,21st,,ycombinator,https://www.ycombinator.com/companies/21st,,https://21st.dev,UNRESOLVED,,
563d7e9d1d3fa1a15359c8e435da53eaed2c400ccb0c342423180c4e49b9f5eb,Avoice,,ycombinator,https://www.ycombinator.com/companies/avoice,,https://avoice.co/,UNRESOLVED,,
cd760108b15cdd46fbda5e963f1859119f74fcdb29a6d3846d8b40368c849016,Kyten Technologies,,ycombinator,https://www.ycombinator.com/companies/kyten-technologies,,https://kytentech.com,UNRESOLVED,,
c060775e09520210f0d4521d95a2da440373cb1ddb76e0bb125ed9eec24b15c6,ZeroSettle,,ycombinator,https://www.ycombinator.com/companies/zerosettle,,https://zerosettle.io,UNRESOLVED,,
c8af2578c8688758f86c076c67ad64bfbc22d72cd749bd032b15adc6472fcdd8,/dev/fast,,ycombinator,https://www.ycombinator.com/companies/devfast,,https://dev.fast,UNRESOLVED,,
0173ee558a99d58da1dd98c82f1187cf74bd9b5f827ef3a2b4c53076cfd9466a,Cignara,,ycombinator,https://www.ycombinator.com/companies/cignara,,https://cignara.com/,UNRESOLVED,,
6624eae59c19da9707e3a01834134d05f63e3d676dcb632a25415373d568a583,OpenSpec,,ycombinator,https://www.ycombinator.com/companies/openspec,,http://openspec.dev,UNRESOLVED,,
fb512f33e2b419614db612deeb3b600eb5513e739bd897f10db472e8e01fa6e8,Piris Labs,,ycombinator,https://www.ycombinator.com/companies/pirislabs,,https://pirislabs.io/,UNRESOLVED,,
324ce65ab642a8722081049a4dd4a49bf10fdac0d941997d6e0eb39a8cb15a82,CellType,,ycombinator,https://www.ycombinator.com/companies/celltype,,https://www.celltype.com,UNRESOLVED,,
394a70568e5dbabc9fff9f81773d6438adbf116f59d63044a689d05c77d68b97,Burt,,ycombinator,https://www.ycombinator.com/companies/burt,,https://www.burthq.com/,UNRESOLVED,,
70865f87779927ecacba3de6b6308b99ccf2e690a9833e0844b0b4fce8b6275f,Envariant,,ycombinator,https://www.ycombinator.com/companies/envariant,,https://envariant.ai/,UNRESOLVED,,
7b1f548ff8d7d8972ca5a1179edbe4cd938e599a22912e4d92afe11a781ae6d4,Cascade,,ycombinator,https://www.ycombinator.com/companies/cascade,,https://runcascade.com/,UNRESOLVED,,
ea0d11f62e1ef3180e3b3450e5eac99870ebf6cee419b9af21e0bf3d1bec93bc,Beacon Health,,ycombinator,https://www.ycombinator.com/companies/beacon-health,,https://www.beaconhealth.ai/,UNRESOLVED,,
e41f55e36d72bd3a87687df660415c13686cc0bf806077aa5e3aab904456bc9a,Strand AI,,ycombinator,https://www.ycombinator.com/companies/strand-ai,,https://strandai.com,UNRESOLVED,,
3ff2ec640e554f1be2057fc370548d8e5cc10c1fe816502048c4bde877bf9d96,BaseFrame,,ycombinator,https://www.ycombinator.com/companies/baseframe,,https://baseframe.co,UNRESOLVED,,
01d3589b4b1823ea84723705466ebe68dea15b4fe0d7e08ebad5d5b84235d49d,Protent,,ycombinator,https://www.ycombinator.com/companies/protent,,https://protent.ai,UNRESOLVED,,
67874788d51354ed6f0241e3536d81cda4f3e2226b51a66f41c85a36164e6a89,Cofia,,ycombinator,https://www.ycombinator.com/companies/cofia,,https://cofia.ai,UNRESOLVED,,
fa72f7e7ceb39a74f14d018ae1576f9e8dc93cdee5b73682b22fac7020c18e40,Fuchsia,,ycombinator,https://www.ycombinator.com/companies/fuchsia,,https://getfuchsia.ai/,UNRESOLVED,,
75c3eecd974b0b825e058a54e79dfd8c7907b1004c593c89ad23f1e60b1b4c93,LegalOS,,ycombinator,https://www.ycombinator.com/companies/legalos,,https://www.legalos.ai,UNRESOLVED,,
fa308dea0f34a63096bc3b77f1d6ca7ddb7ab48ab0347f7ccceb98050d18aa11,Sentrial,,ycombinator,https://www.ycombinator.com/companies/sentrial,,https://sentrial.com/,UNRESOLVED,,
19870985b77b8a4839f7c64eca68d7e28d3abc6a331a722216044ddf898181b3,10x Science,,ycombinator,https://www.ycombinator.com/companies/10x-science,,https://10xscience.com,UNRESOLVED,,
bc87497b4dbf12f527f5572e87dafc5c8f02d1b2bad64c903cf8eae2547133b5,REV1,,ycombinator,https://www.ycombinator.com/companies/rev1,,https://rev1.so,UNRESOLVED,,
b941da1f42bd3deddf3a4c1ba4d0fb51168892f349218fe455ae3b7b1782becf,shortkit,,ycombinator,https://www.ycombinator.com/companies/shortkit,,https://www.shortkit.dev,UNRESOLVED,,
06ff0acd717033902b4c2bb46e80c7a277ed2a6bb15c22c5786291a81afbac86,Asimov,,ycombinator,https://www.ycombinator.com/companies/asimov,,https://tryasimov.ai/,UNRESOLVED,,
517697e5c5f59ddf401f34aca87684a598246a87fbad18f454c852aeba6a3359,Lexius,,ycombinator,https://www.ycombinator.com/companies/lexius,,https://www.lexius.ai,UNRESOLVED,,
80a2c32cc0a338fa93dbe0796485cfe1102bff53fcb8dfccb25f52c78374b9fc,Axis,,ycombinator,https://www.ycombinator.com/companies/axis-2,,https://axisanalysis.com,UNRESOLVED,,
b957a5d8e129e422fc169f5ac08da073548152263290efb2de1d61bef4ae99c2,Mirabelle,,ycombinator,https://www.ycombinator.com/companies/mirabelle,,https://meetmirabelle.com,UNRESOLVED,,
038cb0dec149f0fd7d5ebeb23440613c8238cadc4b14ce180034ba01e3627db9,Docura Health,,ycombinator,https://www.ycombinator.com/companies/docura-health,,https://docurahealth.com,UNRESOLVED,,
32a988eb9ac5b59175a1b6c8703335af3e512ccb49e352f4d842ad66ec9bd99a,Lance,,ycombinator,https://www.ycombinator.com/companies/lance,,https://www.lance.live,UNRESOLVED,,
5bdca6ed593f1a02f1dd47408d40718f2052eda3d1ce99edaf17d8275265118f,RunAnywhere,,ycombinator,https://www.ycombinator.com/companies/runanywhere,,https://www.runanywhere.ai/,UNRESOLVED,,
43b19bb290e5e84f19a029c40e65c3c9ae27b82c9266a25f18f1a4f826cb7096,Lucent,,ycombinator,https://www.ycombinator.com/companies/lucent,,https://lucenthq.com,UNRESOLVED,,
24b3392abdf63a704aba2441e48fe1596d0960a030ef01015f419ed5118f31a9,"Prescience, Inc.",,ycombinator,https://www.ycombinator.com/companies/prescience-inc,,https://www.getprescience.com/,UNRESOLVED,,
5b72025ed1abcab45489a5b7e86cb654c45743e9d2889e9fcb60de454712794e,Ruma Care,,ycombinator,https://www.ycombinator.com/companies/ruma-care,,https://rumacare.com,UNRESOLVED,,
894de8bca260dfb79bb557bee6c4060c77b7bebe1817f1ccc1bbf97ee6a734b3,Klaus AI,Stability AI,ycombinator,https://www.ycombinator.com/companies/klaus-ai,,https://klausai.com,RESOLVED,,
911a88deeed363b220372793dfad1e9c71c228a2c0ae4480ac9fa9a08c73019c,Kita,,ycombinator,https://www.ycombinator.com/companies/kita,,https://www.kita.ai/,UNRESOLVED,,
227333bade4c9e3790c3e78e4eed0f0224dc2793fac97506809c0d3725cc3658,Syntropy,,ycombinator,https://www.ycombinator.com/companies/syntropy,,https://syntropy.io,UNRESOLVED,,
585ef4dbab96049769fd3bcaa4553ccba9409a8a2eac963db71c62a99fcfdfff,One Robot,,ycombinator,https://www.ycombinator.com/companies/one-robot,,https://www.onerobot.io/,UNRESOLVED,,
2b3f85722262d079e0f53b08c03781822df504b5af429c90b125f6cc5149e81f,Didit,,ycombinator,https://www.ycombinator.com/companies/didit,,https://didit.me/,UNRESOLVED,,
0eafb87a6dd35d5c2b9a45c0197b12a8a23cf0c911a7152346b7d5b54c891487,Panta,,ycombinator,https://www.ycombinator.com/companies/panta,,https://pantainsure.com,UNRESOLVED,,
69996e34dff9c5f219dd7a69ce002aa96ab840c2759a99d4cc51727de5a4fd98,Imperfect,,ycombinator,https://www.ycombinator.com/companies/imperfect,,https://imperfect.co,UNRESOLVED,,
180108dc9828b4fa111604b09f2192c9c5c2713a09b9fdefae9c5f3799bcc853,TrustAI,,ycombinator,https://www.ycombinator.com/companies/trustai,,https://trytrust.ai,UNRESOLVED,,
06b879b9457251820d7a2c916b678a666a5d7fb093976e490ff98c891735c56c,Payna,,ycombinator,https://www.ycombinator.com/companies/payna,,https://payna.com/,UNRESOLVED,,
bc3cd11c5197644b07b93b7413dc3b49dfb2b94bcf668572e1c6b2bd2bdaf116,Origin,,ycombinator,https://www.ycombinator.com/companies/origin-bio,,https://origin.bio/,UNRESOLVED,,
0b4dbe50f431a7fa5b2859d1c9b78b6f651d516814fdc20924ca821be03cb668,Clara,,ycombinator,https://www.ycombinator.com/companies/clara-2,,http://askclara.com,UNRESOLVED,,
124411da8a2c655eaf874595d8374310c71b8b08e6fbdab455079cdc5c17f153,Hlabs,,ycombinator,https://www.ycombinator.com/companies/hlabs,,https://www.hlaboratories.com,UNRESOLVED,,
be3f58f8bda394459e8add4d78c476f2b40256c18dbd1065a1a32253778eb2b4,Eos AI,Mistral AI,ycombinator,https://www.ycombinator.com/companies/eos-ai,,https://www.helloeos.ai/,RESOLVED,,
99e6fcd6a8a4714c777b8bc647cce5f8f23837ea1add8d3d8ffa051a38af55d3,Valgo,,ycombinator,https://www.ycombinator.com/companies/valgo,,https://valgo.ai,UNRESOLVED,,
597c4096feba2992030daf63d0d363591ec1c4467b9fd6599953719ce7d0dc5f,ARC Prize Foundation,,ycombinator,https://www.ycombinator.com/companies/arc-prize-foundation,,https://arcprize.org/,UNRESOLVED,,
be905a1801aefda7dd19f3c0b14d069d3fc7eff5e1548bdf0881a4c930c3bfcf,Corvera,,ycombinator,https://www.ycombinator.com/companies/corvera,,https://corvera.ai/,UNRESOLVED,,
17f5c3714e90c717185d90c5acb9509793100ff996c9bd9c44837ed094683ef7,FullSeam,,ycombinator,https://www.ycombinator.com/companies/fullseam,,https://fullseam.com,UNRESOLVED,,
c247c563a0766c4d3bbe5f0e085dddf286894403a853a5ae94829661cfc14226,Waddle Labs,,ycombinator,https://www.ycombinator.com/companies/waddle-labs,,https://www.waddlelabs.ai/,UNRESOLVED,,
7f8e1a9e66bd3f01993a8ba61b9af16c8473f9371a1ccddaa83afce9d27915ac,Linzumi,,ycombinator,https://www.ycombinator.com/companies/linzumi,,https://linzumi.com,UNRESOLVED,,
8ffd4ad0b3c0ed3c70769911cef436c6e3b516e493089a9eb8fcc0b8f090edc9,Advanced Metal Research,,ycombinator,https://www.ycombinator.com/companies/advanced-metal-research,,https://advancedmetalresearch.com/,UNRESOLVED,,
a8568db24eb347a750dc94429cd43bbf9443b668ac11d3bbc5710fb88e1aa089,Ploy,,ycombinator,https://www.ycombinator.com/companies/ploy,,https://ploy.ai,UNRESOLVED,,
ef6cf4a9e166814ee08f3ef198d2a675cc046156bdab4321d3306a4a294f54ff,CatchBack Cards,,ycombinator,https://www.ycombinator.com/companies/catchback-cards,,https://catchbackcards.com,UNRESOLVED,,
17eeeb7c0abcd01bf31b1efe2adad0340cf326d29d5dae84e5a67d9c06d04326,Mantis,,ycombinator,https://www.ycombinator.com/companies/mantis,,https://mantisbiotech.com/,UNRESOLVED,,
ebff835fcf5ee91437821cf31318da413cb4412e5e136c04352e468d4e79d313,Haladir,,ycombinator,https://www.ycombinator.com/companies/haladir,,https://www.haladir.com/,UNRESOLVED,,
63cdb30b52c791b19d9f77540d0b0c258d76a714f4578b885f980129b93fb004,ClaimGlide,,ycombinator,https://www.ycombinator.com/companies/claimglide,,https://claimglide.com/,UNRESOLVED,,
53afa742f7faa7b3a8e0736d7ce73d902783840ce35f26794b352fe51ee4408b,Inviscid AI,Meta AI,ycombinator,https://www.ycombinator.com/companies/inviscid-ai,,https://inviscidai.com/,RESOLVED,,
2b08b24caaf4114d5475854e036e84bf3a5990c25962c56d3a6892741ece40fe,Coasts,,ycombinator,https://www.ycombinator.com/companies/coasts,,https://coasts.dev,UNRESOLVED,,
8657647a9977d84f36441726e3fc9b08d3614c6471dad402f10c7517399675bb,Zephyr Fusion,,ycombinator,https://www.ycombinator.com/companies/zephyr-fusion,,https://www.zephyrfusion.com,UNRESOLVED,,
c4eeb8190ae24e334aa38ce55c7c322873dd9b0925707ed6c9d56599512c03d0,Mayflower,,ycombinator,https://www.ycombinator.com/companies/mayflower,,https://mayflowervisa.com,UNRESOLVED,,
f708b6e5e8742c4426b0cd428e93dee3e8e87fdc13fb2b5b8f18e1da1479acf5,Ndea,,ycombinator,https://www.ycombinator.com/companies/ndea-com,,https://ndea.com,UNRESOLVED,,
5ba48795d452779ea9d2326910e9b86a14d922ffacc87af088775f439ea59e2d,item,,ycombinator,https://www.ycombinator.com/companies/item,,https://item.app,UNRESOLVED,,
1fd54030bc0740202fc5b3ef315e7be6e3fa81fecefa99a1f7113060f7929405,Crosslayer Labs,AI21 Labs,ycombinator,https://www.ycombinator.com/companies/crosslayer-labs,,https://www.crosslayerlabs.com/,RESOLVED,,
d84353949e27f78480a766cbb9efcccf65d7a93e9704df0dad85f6278483dce5,Rivet,,ycombinator,https://www.ycombinator.com/companies/rivet-design,,https://rivet.design/,UNRESOLVED,,
1c304963ebf39872211f4c0f7084431a11c922f8eeec4285acb2c2a130f405c5,Openroll,,ycombinator,https://www.ycombinator.com/companies/openroll,,https://www.openroll.com,UNRESOLVED,,
c4965b79db122d7798ea11f6c8725c8fa031536b7d5c51527fa7ae64da70c424,Amika,,ycombinator,https://www.ycombinator.com/companies/amika,,https://www.amika.dev/,UNRESOLVED,,
d7537c945fa8a924ee5a528bf7414e05b90fee803e13fd9cae634a766f2dfd4c,Specific Labs,,ycombinator,https://www.ycombinator.com/companies/specific-labs,,https://withspecific.com,UNRESOLVED,,
d7388c7ecd506a60cf57e9f7d5966571ee9a8176818e574cd01fb91c73c7cf50,Moss,,ycombinator,https://www.ycombinator.com/companies/moss,,https://moss.dev,UNRESOLVED,,
5f0108def7ada0e09ce52c2d870235cd1f2530fbfc1e826ae4bd60dcf83a160a,Zarna,,ycombinator,https://www.ycombinator.com/companies/zarna,,https://www.zarnaai.com/,UNRESOLVED,,
16169d13377596b537364d48aa388a26079d0134ad165194b7b0e1e90cdad4c2,MarkIt,,ycombinator,https://www.ycombinator.com/companies/markit,,https://markittrade.com,UNRESOLVED,,
b8402b8fffa4813044ed29a300ee47bc7f5a03befc816465e9ab6696991e2708,Dome,,ycombinator,https://www.ycombinator.com/companies/dome,,https://domeapi.io,UNRESOLVED,,
e8d6b118b6980a86d0b885acf4ffd9299b92b5ee921ef0f0afac87380ffd8d74,Voltair,,ycombinator,https://www.ycombinator.com/companies/voltair,,https://voltairlabs.com/,UNRESOLVED,,
02490eba4cd4f926e5a38a2f6bb8c40dc01581c6e1959c1e02ce926b86fe128e,Clicks Health,,ycombinator,https://www.ycombinator.com/companies/clicks-health,,https://clickshealth.com/,UNRESOLVED,,
ee0323a3d16fdd5c018e7aae9134efa805080958acc46279fc8b6b92aa749096,Fastshot,,ycombinator,https://www.ycombinator.com/companies/fastshot,,https://www.fastshot.ai/,UNRESOLVED,,
b6509713a1f4c7667a2a796e9724721ecc301e7010bac0ca8900e03aca2bf325,Vector Legal,,ycombinator,https://www.ycombinator.com/companies/vector-legal,,https://vectorlegal.com,UNRESOLVED,,
0245d5e289158c258593d5206a362ad0d78374495a1de32190b6e801b54f2137,Antigen,,ycombinator,https://www.ycombinator.com/companies/antigen,,https://antigen.sh/,UNRESOLVED,,
df3f30469573ca52c4a97070a39feb5f0dab2d34073d9295fe59a9f7425e62d4,LunaBill,,ycombinator,https://www.ycombinator.com/companies/lunabill,,https://lunabill.com/,UNRESOLVED,,
8a09c9dca9558a3e30a259ae9b1658f4b662bd0fbeb54a4c042373239b99dee5,Axial,,ycombinator,https://www.ycombinator.com/companies/axial,,https://axialcompute.com,UNRESOLVED,,
95315a98fde1827f56c04efa2372864d595be710a7ba0346c7b6e78f43476c74,Velvet,,ycombinator,https://www.ycombinator.com/companies/velvet,,https://velvetlab.ai,UNRESOLVED,,
866c9e9a87891147aba4d1b0f8f4d8cdb5b2fc34836bb97d3dc93ff7b10c71a9,DiligenceSquared,,ycombinator,https://www.ycombinator.com/companies/diligencesquared-inc,,https://diligencesquared.com/,UNRESOLVED,,
4233dc188a2340ed64663eb5e57a87b920303f5255b6ac393ef8a67f27ef1e4c,Amera,,ycombinator,https://www.ycombinator.com/companies/amera,,https://amerahealthsolutions.com/,UNRESOLVED,,
30a00f72772e4401fc26547b26e34f33ede043674f167242e895c9c2e90dc0a4,Forge Robotics,,ycombinator,https://www.ycombinator.com/companies/forge-robotics,,https://forge-robotics.com,UNRESOLVED,,
7e0d9ee5764b8e96e4aeb08482209006ee5fe0f236519074da21c51eba5f73c3,Bluma,,ycombinator,https://www.ycombinator.com/companies/bluma,,https://www.getbluma.com,UNRESOLVED,,
bb61c34feee36dff1437300a912eb010f8634b234597dc22a9a2c9d7e6bb9701,Lightberry,,ycombinator,https://www.ycombinator.com/companies/lightberry,,https://lightberry.com,UNRESOLVED,,
c23c448595884c03afdb1b1cf4d8d118c37172a98647fcad6ccb5acaaabd22bb,The Hog,,ycombinator,https://www.ycombinator.com/companies/the-hog,,https://thehog.ai/,UNRESOLVED,,
239341da463786e223053d369cea2f51676245c70c3602b52846fbd5ae872688,Layers,,ycombinator,https://www.ycombinator.com/companies/layers,,https://www.layers.bio/,UNRESOLVED,,
b6d966707084283bdeae35d4e7aee9279cdfbdba555ea65721ddd34e432c3acb,Boom AI,Stability AI,ycombinator,https://www.ycombinator.com/companies/boom-ai,,https://useboom.ai,RESOLVED,,
3e4611dde88d98b376cfc3a5f50ec07c17707105fab0b7e8be17ccaaee118708,Freeport Markets,,ycombinator,https://www.ycombinator.com/companies/freeport-markets,,https://www.freeportmarkets.com/,UNRESOLVED,,
65abc6353887273e0a2c26fb2bb40a967fd41702aca88580c0c087d5884b0b7e,Miniswap,,ycombinator,https://www.ycombinator.com/companies/miniswap,,https://miniswap.gg/,UNRESOLVED,,
c5886d914f197579e57b4533f092a1e3a4611ea556ce2f32e8258b81091de8b5,Rovi Health,,ycombinator,https://www.ycombinator.com/companies/rovi-health,,https://www.rovi.health,UNRESOLVED,,
31f8529cd69cf8b99044b19d15a5fc14576e371d9a6ab3ec61c048a1abe698d9,MadeThis,,ycombinator,https://www.ycombinator.com/companies/madethis,,https://madethis.com,UNRESOLVED,,
0449fe46dfdff9147a5d3fb27ce4afd082eaf3b7055c02cb26c1358d751074ce,General Astronautics,,ycombinator,https://www.ycombinator.com/companies/generalastro,,https://generalastro.com/,UNRESOLVED,,
d96454cb7b27866c19c1e53f75d1095e35c4e9e24c21af279f88823337be6f86,Jarmin,,ycombinator,https://www.ycombinator.com/companies/jarmin,,https://jarmin.ai/,UNRESOLVED,,
a3008460ea9e277f90fd53cc42279438c70c11c32263ab3fd7bc51b87be9c89b,Exonic,,ycombinator,https://www.ycombinator.com/companies/exonic,,https://exonic.ai,UNRESOLVED,,
fe1a7a508e3c29df2f5409283ef7bacee99d9b6f14b0e75dd6189a5ae3450dbe,Lemma,,ycombinator,https://www.ycombinator.com/companies/uselemma,,https://www.uselemma.ai/,UNRESOLVED,,
3916bf1884cf6b325cf3d5af92aca62e188cb321f87639411100227e7562c7e5,Perseus,,ycombinator,https://www.ycombinator.com/companies/perseus,,https://perseus.computer,UNRESOLVED,,
fb31558bd06b3c1f203ae4df7ea77cf23c8f014af889e94d9ad67df8141df536,Karumi,,ycombinator,https://www.ycombinator.com/companies/karumi,,https://www.karumi.ai/,UNRESOLVED,,
b3b6630bf6dfe0205ca81248386a15e9006c64bf3d29839221d7f44184734d97,Icarus,,ycombinator,https://www.ycombinator.com/companies/icarus,,https://www.icarus.one/,UNRESOLVED,,
0cc589faa267af1d10d79b567644030bcd69f418e2d42608f39043e5a44aedf6,Sava,,ycombinator,https://www.ycombinator.com/companies/savahq,,https://www.savahq.com,UNRESOLVED,,
d5fec3f3ec9b8037b135448655608931dc18fda6d042ddbad97173de1d4ec9ed,TakeCareOS,,ycombinator,https://www.ycombinator.com/companies/takecareos,,https://takecareos.com,UNRESOLVED,,
629d27be03a2016b23834694d6b5983feecf2961eba249b0d2d349ed61c1ab90,Denki,,ycombinator,https://www.ycombinator.com/companies/denki,,https://denki.ai,UNRESOLVED,,
90906f58a2aff42584a90449449207e68380c608a45fe6e0645d79b4a9b46d14,Metorial,,ycombinator,https://www.ycombinator.com/companies/metorial,,https://metorial.com,UNRESOLVED,,
140cf9a60a0e8eafabd55eb8ada4b619d980a39c2699d5581721a0de16a526f2,Kalpa Labs,,ycombinator,https://www.ycombinator.com/companies/kalpa-labs,,https://kalpalabs.ai/,UNRESOLVED,,
6766429a5f871a296b4e325a9dbbccf387ed42465d9562b3d766d1ca4a2290d8,Absurd,,ycombinator,https://www.ycombinator.com/companies/absurd,,https://absurd.com/,UNRESOLVED,,
6718cde0f99723c51f8e99af79587a7d453c1fb3c205f2a9f15ce34e17c18a40,Clad Labs,,ycombinator,https://www.ycombinator.com/companies/clad-labs,,https://cladlabs.ai,UNRESOLVED,,
b42348d2240ee732ed34355989e51ea75cc655b4d6c006bfcf284e9a5178abf8,Automax.ai,xAI,ycombinator,https://www.ycombinator.com/companies/automax-ai,,https://automax.ai,RESOLVED,,
720b74f7e1624bc73c980f514f880bf84ae0cfa97b137c351c6b494756f75fb4,Specific,,ycombinator,https://www.ycombinator.com/companies/specific,,https://specific.dev,UNRESOLVED,,
15afc645bc25d5a7aa400e5356454a28eecc1e9a86c7705c325994fa4be8434e,Primer,,ycombinator,https://www.ycombinator.com/companies/primer,,https://www.startprimer.com,UNRESOLVED,,
5e7189b9cd7f1e18728f75631a7508699a4c56b51d609d43d1da7db207ec2533,Narrative,,ycombinator,https://www.ycombinator.com/companies/usenarrative,,http://www.narrative-sports.com,UNRESOLVED,,
a108c244d9211d1f53eb6e4b737670ae0bf7a776e86dda078f703d7c1311095e,Crunched,,ycombinator,https://www.ycombinator.com/companies/crunched,,https://usecrunched.com/,UNRESOLVED,,
3f240901deb1f3c9477c432776b5a12634bd89b96cf801713b890ae25b0e31ec,Lua Global Inc,,ycombinator,https://www.ycombinator.com/companies/lua-global-inc,,https://heylua.ai/,UNRESOLVED,,
81f8d8f861a44de959c1326c9c662099bb4d7ce118087fa8adbf52bd73727d8f,Philon,,ycombinator,https://www.ycombinator.com/companies/philon,,https://philon.ai/,UNRESOLVED,,
6b1bb98c3cabc03d07520887470f5c4ccfaf8d696e0746cc8958362322f0dd5e,Sourcebot,,ycombinator,https://www.ycombinator.com/companies/sourcebot,,https://www.sourcebot.dev/,UNRESOLVED,,
66c2d1994d4f5398884cee99efa1ae02b8a9cabb74ab340706920d8701bade4c,Zalos,,ycombinator,https://www.ycombinator.com/companies/zalos,,https://www.zalos.ai/,UNRESOLVED,,
5b5d1eea9ed69ceb74db578593145043e08cb5825d910520a053c636c526bad0,Prism,,ycombinator,https://www.ycombinator.com/companies/tryprism,,https://tryprism.com/,UNRESOLVED,,
02d0f85b34702a217b80bdccc343f707128187b5f80da85b4edc0e479a8aa553,Aside,,ycombinator,https://www.ycombinator.com/companies/aside,,https://aside.com,UNRESOLVED,,
d960b6ea1f20a7895bb6d5ea3b4aab3d70e24e50e51775880e5df5a68a65d293,Scott AI,Stability AI,ycombinator,https://www.ycombinator.com/companies/scott-ai,,https://tryscott.ai,RESOLVED,,
950b7a6e31a45c916f7885b49a0d3b3e0182061eab187a4f9920a84e035481a7,Everest,,ycombinator,https://www.ycombinator.com/companies/everest,,https://everestagi.com/,UNRESOLVED,,
8dfcc2e020157686ec75542986332c787f12f139bba9034fe2a2f2068a92387b,Expected Parrot,,ycombinator,https://www.ycombinator.com/companies/expected-parrot,,https://www.expectedparrot.com,UNRESOLVED,,
48e9c4c558aa77a652cbd41d7ec25d543b0660cad7ba82072213ad98bd8f2990,Imagine AI,,ycombinator,https://www.ycombinator.com/companies/imagine-ai,,https://imagineai.me,UNRESOLVED,,
5ea65d84c41295ac52434c6116688a1422fe32b2204624b13f169449a693a9ed,Anto Biosciences,,ycombinator,https://www.ycombinator.com/companies/anto-biosciences,,https://www.anto.bio/,UNRESOLVED,,
8a3aced2f6dadfd6ffe4868c21ea351ae1529489ea6f64a9fff0ec22604b6c4d,Patent Watch,,ycombinator,https://www.ycombinator.com/companies/patent-watch,,https://www.patentwatch.ai/,UNRESOLVED,,
760717eeaecbf4e21977c363a2f4c91abe3220abb3ef0487d13a039c77dcd2a6,s2.dev,,ycombinator,https://www.ycombinator.com/companies/s2-dev,,https://s2.dev,UNRESOLVED,,
d838806eb5b437958845dcbad6c0678842d563a8cb23236374ee2568755a9945,Tornyol,,ycombinator,https://www.ycombinator.com/companies/tornyol,,https://tornyol.com/,UNRESOLVED,,
154d2fcf8bd25ff0ae5fa237275949f8c834dea4cf72de3e03fc07941d0105e4,Nucleo,,ycombinator,https://www.ycombinator.com/companies/nucleo,,https://nucleoresearch.com/,UNRESOLVED,,
22aa30007623705c843ac1f6eb4bd32a3b220e6a3727726c3b6bb6285983b0f2,Leadbay,,ycombinator,https://www.ycombinator.com/companies/leadbay,,https://leadbay.ai/,UNRESOLVED,,
26eb2027503c68dbe3ee56e1748a638a2ba2fd0d4c8c3c5fc053c6faf7259291,Pixley AI,,ycombinator,https://www.ycombinator.com/companies/pixley-ai,,https://pixleyai.com,UNRESOLVED,,
0db308369466423cc79b1b8c46020c9e33cbf28ba5d6288f04966becdb689893,Cortex AI,,ycombinator,https://www.ycombinator.com/companies/cortex-ai,,https://cortexrobot.ai/,UNRESOLVED,,
afd4edacd5e201a5e3176f32e83119fda94a92a9638b0c42e91520a0d8d56682,Sol,,ycombinator,https://www.ycombinator.com/companies/solbrowser,,https://www.solbrowser.com,UNRESOLVED,,
99a00e6ce1764ae5ad6fc718fce44c7ffa8fe5f5eb86ec673a66747bcf76a502,Thesis,,ycombinator,https://www.ycombinator.com/companies/thesis,,https://thesislabs.ai,UNRESOLVED,,
9b73fd5f457962d36d6428543f5c9c78f6282c65b605b56b7a6288ebb13767e8,Oxus,,ycombinator,https://www.ycombinator.com/companies/oxus,,https://oxus-ai.com/,UNRESOLVED,,
feb728fb6285838eed1838b25af23933790275258ef10dca38f9b21781400ea9,Play Health,,ycombinator,https://www.ycombinator.com/companies/play-health,,http://playhealth.com,UNRESOLVED,,
f55463a62068eb56cc0e521b70be8cc332d7ad0f8ad5ccfe21532ec5ddf0ef7c,Casey,,ycombinator,https://www.ycombinator.com/companies/casey,,https://caseyinsure.com/,UNRESOLVED,,
b83458268a43389c78d79ba9b344aaae2a08e8311afd9ad597901808e90aef85,Selfin,,ycombinator,https://www.ycombinator.com/companies/selfin,,https://selfin.app,UNRESOLVED,,
ada18c48b0cf0c697401a0ebcf0d548116258aeed76d6579f621ec35d03c6ad4,Compyle,,ycombinator,https://www.ycombinator.com/companies/compyle,,https://compyle.ai,UNRESOLVED,,
37d83923a87caa5be350ad4071cb089e5b0f749254d46118537e66c121a55304,Lexi,Perplexity AI,ycombinator,https://www.ycombinator.com/companies/lexi,,https://getlexi.io/,RESOLVED,,
a3681e41083fe9002e0782f2a91c2c38dd8cf6f22270c84e7230a90131327184,Codyco,,ycombinator,https://www.ycombinator.com/companies/codyco,,https://www.codyco.ai/en,UNRESOLVED,,
b30bb3b28225e377bb92db3978730f7d20ba071973f8fdf087ef05048adea787,ComplyDo,,ycombinator,https://www.ycombinator.com/companies/complydo,,https://www.complydo.io/,UNRESOLVED,,
6e785bca9b6bc77b272257c4c9556a952a9185d399101db07cd45551de3b5704,Bravi,,ycombinator,https://www.ycombinator.com/companies/bravi,,https://www.bravi.app/,UNRESOLVED,,
99bc79a4ea9b615fb8dc757e332bf65c214d254f866f0b80cdac9a124257704b,Rovr,,ycombinator,https://www.ycombinator.com/companies/rovr,,https://www.withrovr.com/,UNRESOLVED,,
4b337a7698b56b4f70c4fe79aa19ace6a743451fc273ec534a9ede7479bd6735,FinalDose,,ycombinator,https://www.ycombinator.com/companies/finaldose,,https://finaldose.ai/,UNRESOLVED,,
5cc9b3b27d615062a4f83738df9cea891a242e9b924e6feded0190d1009aa584,Sunflower,,ycombinator,https://www.ycombinator.com/companies/sunflower,,https://sunflowersober.com/,UNRESOLVED,,
5616581458736878d88ec8364e4f7f6e69492827be6af2eb9e1a2abf36743d15,Captain,,ycombinator,https://www.ycombinator.com/companies/captain,,https://runcaptain.com,UNRESOLVED,,
2ac1bc8162b5d84f3cdcd61b367e674469c7db1584d8e9810e4020009dd92ca5,Redapto,,ycombinator,https://www.ycombinator.com/companies/redapto,,https://www.redapto.com/,UNRESOLVED,,
35f027fe35e5eac0e3cd8aacee96e3875abad84836b8db6870e82b3d9bdbcc9f,Helonic,,ycombinator,https://www.ycombinator.com/companies/helonic,,https://helonic.com,UNRESOLVED,,
8fe2176f04f89810cebe1375aa341666732b5666d65246b662d795ef6b0ee273,Aleph Lab,,ycombinator,https://www.ycombinator.com/companies/aleph-lab,,http://alephlab.ai/,UNRESOLVED,,
de9afc9967ccd4a5692ee256633ad8c1c0d3849ff76da44ec7d2ab3be4fc301f,Logical,,ycombinator,https://www.ycombinator.com/companies/logical,,https://logical.io,UNRESOLVED,,
cd3ca7c95462e012b8e8188dc865e8cba8c17a372598ab1286670ec175095bb3,Agentic Fabriq,,ycombinator,https://www.ycombinator.com/companies/agentic-fabriq,,https://www.agenticfabriq.com,UNRESOLVED,,
7002c3457c2c409e465427dd149a1be7f3261ab616f75cd94a1a27fc9be83aab,Travo,,ycombinator,https://www.ycombinator.com/companies/travo,,https://www.travoai.com/,UNRESOLVED,,
860ac7819b566ed061d4e9ff6ad0ff00d5d76de0f764e0280fdf1c293c2c40d6,Tensr,,ycombinator,https://www.ycombinator.com/companies/tensr,,https://tensr.com/,UNRESOLVED,,
2347f10fd67dfa638fdf9a66f040ad31e6e94fc36100ebf1f5f68dbd588a84e7,Kestrel AI,,ycombinator,https://www.ycombinator.com/companies/kestrel-ai,,https://usekestrel.ai/,UNRESOLVED,,
a7b5cd369987b3c95b2865a99d52080065eb89c86451ae2d5dbbe381849e4808,LogosGuard,,ycombinator,https://www.ycombinator.com/companies/logosguard,,https://logosguard.com/,UNRESOLVED,,
ca5097157345f16a549a7de4300661abeac952d95745b4777c0cdb659765b63b,Sciloop,,ycombinator,https://www.ycombinator.com/companies/sciloop,,https://sciloop.dev,UNRESOLVED,,
003bb40a4877a4bf60ab8545d047b3ce0639f1555a2538fec02510f59b31cfe0,Multifactor,,ycombinator,https://www.ycombinator.com/companies/multifactor,,https://multifactor.com,UNRESOLVED,,
5a8e89b7f302061c88995b8f934e8eaf5f39091d22435c767f39c69207c57740,Allus AI,Stability AI,ycombinator,https://www.ycombinator.com/companies/allus-ai,,https://allus.ai,RESOLVED,,
e09d9b1a56a122fc0c5f8b422d26c6368adb196f3407aa359228587af454508f,Unsiloed AI,Meta AI,ycombinator,https://www.ycombinator.com/companies/unsiloed-ai,,https://www.unsiloed.ai/,RESOLVED,,
96fa19f38c52e48a8c6782b419b7f7c3af88aebe6014079a382af530cf4e5dfd,SF Tensor,,ycombinator,https://www.ycombinator.com/companies/sf-tensor,,https://sf-tensor.com,UNRESOLVED,,
520562d38fd79e6d84a080134688cabf3146ba291c6c347070d62d6fa89441fc,AnswerThis,,ycombinator,https://www.ycombinator.com/companies/answerthis,,https://answerthis.io/,UNRESOLVED,,
4f4a0f909b4a5dbde13b5ea9f0ea56c0fb00cf458fe5d00aee37a7ffa2bfd6e3,Terrain,,ycombinator,https://www.ycombinator.com/companies/terrain,,https://getnivara.com/,UNRESOLVED,,
74915098f008ebe9694fb9562a5f41dc3baefcc9f9c634461c90941eb39a6a9c,Lakonia,,ycombinator,https://www.ycombinator.com/companies/lakonia,,https://lakonia.us.com,UNRESOLVED,,
037f4626968b23a50470a853f67f8f149144288b7505669bc556c08de6fbc575,SellRaze,,ycombinator,https://www.ycombinator.com/companies/sellraze,,https://sellraze.com,UNRESOLVED,,
7af221cb899c8287bd700b9245403b2b3a58ced3a02b511eb0fb090ef1a2d48f,Clerked,,ycombinator,https://www.ycombinator.com/companies/clerked,,https://clerked.ai,UNRESOLVED,,
ddfe212c50c9f346de4101648454b2291f0d1b3d7ed71c3166b9595ff091dde8,Semble AI,,ycombinator,https://www.ycombinator.com/companies/semble-ai,,https://www.sembleai.com,UNRESOLVED,,
634dc522a410b8815cc85eec08725ea176290fcbb87acdd43bcecf61a7cbd2c9,Flick,,ycombinator,https://www.ycombinator.com/companies/flick,,https://flick.art,UNRESOLVED,,
01619e7bd174384135f9b8c20003403197c8ccbb60d77885a9d5a40b3b47b02f,hillclimb,,ycombinator,https://www.ycombinator.com/companies/hillclimb,,https://hillclimb.com,UNRESOLVED,,
31ce43d33d70298fac7d24e6e01c7cc7558b76ffe0bd3e3a6ba0188ad1e52d33,AtlasGrid,,ycombinator,https://www.ycombinator.com/companies/atlasgrid,,https://atlasgrid.ai,UNRESOLVED,,
bb923b9952b07d5ab98b8c8a9f096193f963a947e939d2a696542bd30ba3ff9e,Wardstone,,ycombinator,https://www.ycombinator.com/companies/wardstone,,https://www.wardstone.us,UNRESOLVED,,
5278998fa5bd79eb7b1e207cf7431ece3d0f5ba1e1e6974a76c7c1282d839e8a,Nessie,,ycombinator,https://www.ycombinator.com/companies/nessie,,https://nessielabs.com/,UNRESOLVED,,
631db50ec61b4e5a42c2da81d598560d0c926c177f5f9dcc8a330225aa8899a7,Hypercubic,,ycombinator,https://www.ycombinator.com/companies/hypercubic,,https://www.hypercubic.ai/,UNRESOLVED,,
89ddbac143978e69ee8a7c3cb0100c07a732c9edf3f5142e489282f3c215260a,Cranston AI,Meta AI,ycombinator,https://www.ycombinator.com/companies/cranston-ai,,https://www.cranston.ai,RESOLVED,,
e25c13230ea9be7493626675503b8a6163eec289a39e7ed8cd047c3f5cc9a577,Trelium,,ycombinator,https://www.ycombinator.com/companies/trelium,,https://www.trelium.com,UNRESOLVED,,
69d2762220d9add84fb446b545269b8b36ce6210662dab3a5d32f1619ae9090b,Velum Labs,,ycombinator,https://www.ycombinator.com/companies/velum-labs,,https://www.velum-labs.com/,UNRESOLVED,,
792c97a15828b2338b51aa8e2efd4e805aa57e98fab9ff5086026ef4e70d9c8b,Veria Labs,,ycombinator,https://www.ycombinator.com/companies/veria-labs,,https://verialabs.com,UNRESOLVED,,
fb7fafa89a61055644cd4e84ebc98b355f2bf46569fe94bf736d14b513f6a264,Minro,,ycombinator,https://www.ycombinator.com/companies/minro,,https://minro.com/,UNRESOLVED,,
c4a16a2bbb52145c50467e0cfe6e1095afe4e9e9a243b57ee7e861e118f34696,Tell if AI,,ycombinator,https://www.ycombinator.com/companies/tell-if-ai,,https://tellif.ai,UNRESOLVED,,
a0024f247987d4aae008cc9318897847318d601cfc97135ab2edd77ada5a0cf5,Bron,,ycombinator,https://www.ycombinator.com/companies/bron,,https://askbron.ai/,UNRESOLVED,,
b5bec224646eccc4dabffeaf0c7a0ccbda58066d328e52fc15ccb58c5576a4e2,Koyal,,ycombinator,https://www.ycombinator.com/companies/koyal,,https://koyal.ai,UNRESOLVED,,
25efb4167a8059e4089cc9d69190a6643a87e7eb4cce8d7215199c9d5e97089c,Kaigo Health,,ycombinator,https://www.ycombinator.com/companies/kaigo-health,,https://www.kaigohealth.ai/,UNRESOLVED,,
21165b94fef0edf44fd52b1c29e4710725d9a14c716fedc9f51ab34d96f887ed,Norra,,ycombinator,https://www.ycombinator.com/companies/norra,,https://www.norra.io,UNRESOLVED,,
d7e9fe9df42aca7d6ea4cd7bcc096dae1705e557f229eade97cdce598425a905,Soren,,ycombinator,https://www.ycombinator.com/companies/soren,,https://usesoren.com,UNRESOLVED,,
1427603faf1df456b4d6f162d1e8abe39d801cd1fda78ae73d9b6c3c51abc995,Lunavo,,ycombinator,https://www.ycombinator.com/companies/lunavo,,https://lunavo.ai,UNRESOLVED,,
b666f4f9245dc97ccf75463cf1bd6177fc2f96ac2769ef824989a228d66d0a30,dari.dev,,ycombinator,https://www.ycombinator.com/companies/daridev,,https://dari.dev,UNRESOLVED,,
597ecaf32398b52b50a46c68d9a244be40915f4346fa513e1f630d921470e1d0,The Context Company,,ycombinator,https://www.ycombinator.com/companies/the-context-company,,https://www.thecontextcompany.com,UNRESOLVED,,
64d5d1bb66757df90567a16c4919b752d9c39bc81576dec990f6a3538dfb2150,Sorce,,ycombinator,https://www.ycombinator.com/companies/sorce,,https://sorce.jobs,UNRESOLVED,,
23ec247d2c868d9a46f41639dc2d873fe8d2c8f0c389078c614b197a48e229ca,Caddy,,ycombinator,https://www.ycombinator.com/companies/caddy,,https://caddy.app/,UNRESOLVED,,
e5922b9e152cdca276e8cedb86bb774e7201ac2bb2e2a8f265dad022db4e5718,Alt-X,,ycombinator,https://www.ycombinator.com/companies/alt-x,,https://alt-x.co,UNRESOLVED,,
6e4577e28c7ed7e6718fd390b30cf90daea01f00316f48365093262a8a9a281e,Locus,,ycombinator,https://www.ycombinator.com/companies/locus,,https://paywithlocus.com,UNRESOLVED,,
d58a01dc9943561af1448827523b8673c00ed47aee30b0d994eb15e75c09342f,Deeptrace,,ycombinator,https://www.ycombinator.com/companies/deeptrace,,https://deeptrace.com/,UNRESOLVED,,
d4f85dc8e2235581b428ec77f712c83837e47aeedb6caacd90b9ee736c2248a2,Aspect,,ycombinator,https://www.ycombinator.com/companies/aspect-inc,,https://aspect.inc,UNRESOLVED,,
424bfce74d0a0d7a9c547ac44288d7eeedc3e7d2e431aa7c7d3edf1aee975c01,Scoop,,ycombinator,https://www.ycombinator.com/companies/scoop,,https://scooplabs.ai,UNRESOLVED,,
8fb8c6342a41b3b636a5082389f099219f48e0cb53959008328c200b7dc6a040,Hyperspell,,ycombinator,https://www.ycombinator.com/companies/hyperspell,,https://hyperspell.com,UNRESOLVED,,
1be3462e81f465a8e8fe91cf13698f42798f453b09543acebc16b3b41d883ed5,Bolna AI,Stability AI,ycombinator,https://www.ycombinator.com/companies/bolna-ai,,https://bolna.ai,RESOLVED,,
77badf4dd6b098310a9ac0b9e9584f1373096a7dd85e6be3544f9d63eacd639c,Nexus,,ycombinator,https://www.ycombinator.com/companies/gpt,,https://agent.nexus,UNRESOLVED,,
5bcc5f9b15286e65a64fbbbabb2ce4918651cc45ffe8e859c066b79c04ace63a,Sylvian,,ycombinator,https://www.ycombinator.com/companies/sylvian,,https://sylvian.ai,UNRESOLVED,,
8763019952bdd69294034696730b121f66fa8a5ad2e50c8135ed9126b3cfc2ed,Zavo,,ycombinator,https://www.ycombinator.com/companies/zavo,,https://zavopay.com,UNRESOLVED,,
cecbefdc32208dee7e91c2b806f08114951464261b5170acecf80fc475c7b293,MOVEdot,,ycombinator,https://www.ycombinator.com/companies/movedot,,https://www.movedot.ai/,UNRESOLVED,,
a2be6add3ce5e5072bf077ab41eac511c5baf304bd935e9b9f648e9276576ef2,Parrot,,ycombinator,https://www.ycombinator.com/companies/parrot,,https://parrotapp.com/,UNRESOLVED,,
0e5d54bec2d93c2fce7e93cefebdd05b6b6c3a7e9f1d2ff4d9c24c0ac9f597dd,Brickwise,,ycombinator,https://www.ycombinator.com/companies/brickwise,,https://www.brickwiseai.com,UNRESOLVED,,
26ccbbec679a288458a98c2d59b80ed53c3e10f49c443c2a4aee1ceb25abbea0,Parse,,ycombinator,https://www.ycombinator.com/companies/parse-bot,,https://parse.bot,UNRESOLVED,,
41c41ba6364cc2cb855cc6324955dee3146b7f2c301128135df50f05aeecb7a1,Structured AI,Meta AI,ycombinator,https://www.ycombinator.com/companies/structured-ai,,https://www.getstructured.ai/,RESOLVED,,
b6efee10da698ff7392b1fde6a585831e612f97c975457e50c6486c06c5073fe,Uplane,,ycombinator,https://www.ycombinator.com/companies/uplane,,https://uplane.com,UNRESOLVED,,
ef975f7abe14e457480d59ee09b78ff264e983ac9b1c385c8195a12d021bfa28,AirCaps,,ycombinator,https://www.ycombinator.com/companies/aircaps,,https://aircaps.com,UNRESOLVED,,
ee99fd9f8776814272c1909710a28968514429695781dc881fd9c55895a17f3f,Brickanta,,ycombinator,https://www.ycombinator.com/companies/brickanta,,https://www.brickanta.com,UNRESOLVED,,
4d32ae104fcb3fed7646be5c69ed18b4a61603c628362e7c530cbfa1c2d1d12a,F2,,ycombinator,https://www.ycombinator.com/companies/f2,,http://f2.ai,UNRESOLVED,,
faaeb5a1a8574c43535bdbdef6c01c8bd6b23909c9602cdfedd00e392f3eea9b,Remedy,,ycombinator,https://www.ycombinator.com/companies/remedy,,http://www.useremedy.co,UNRESOLVED,,
0a8979d35172a19692d35fb1c19bf88e3c67139c02b03822fe4289755f56f4e6,Semiotic,,ycombinator,https://www.ycombinator.com/companies/semiotic,,http://semiotic.com,UNRESOLVED,,
67e440a4780c3ca433ef6725eda65cf756be4c66f7896165381486796201943b,Lapis,,ycombinator,https://www.ycombinator.com/companies/lapis,,https://www.trylapis.com/,UNRESOLVED,,
4d789940736dfc8a7dc4c049eea50ce53f6fed6daaf7a2213076a8dbc98b7501,Efference,,ycombinator,https://www.ycombinator.com/companies/efference,,https://efference.ai,UNRESOLVED,,
6fd1a00ca97487012f692d9c741468de8180ec75294c044ed3305644d5c466b8,Nox Metals,,ycombinator,https://www.ycombinator.com/companies/nox-metals,,https://noxmetals.co/,UNRESOLVED,,
da6dd519f8dd47b6f51f2b0685243f66775fd2fcf09b175b2b36a7c5464f06ea,Digipals,,ycombinator,https://www.ycombinator.com/companies/digipals,,https://www.digipals.app/,UNRESOLVED,,
eebb65f6f17569f526606ae48c58f63ca2a111ec5f1191b286da365d74b02195,Blue,,ycombinator,https://www.ycombinator.com/companies/blue,,https://heyblue.com/,UNRESOLVED,,
1bfdf7d5fccc5db44ecfbfa9f22a001fc3b7db67952396abcf676ed8c9c4c533,Mixy,,ycombinator,https://www.ycombinator.com/companies/mixy,,https://usemixy.com,UNRESOLVED,,
c77319e6e760efd8df3cd75ac786e41083255693192e6a8148d60b04d5ebd947,Paloma,,ycombinator,https://www.ycombinator.com/companies/paloma,,https://getpaloma.ai/,UNRESOLVED,,
1c8a7647148ceebe8ff7a63c25e61b6683b60d28a621025dd73b358e06d3f030,Uplift AI,,ycombinator,https://www.ycombinator.com/companies/uplift-ai,,https://upliftai.org/,UNRESOLVED,,
486693b26b3ace03d5bfcec6d5f1e1f99134a50761ad365133c1d02b84b90519,RealRoots,,ycombinator,https://www.ycombinator.com/companies/realroots,,http://www.realroots.com,UNRESOLVED,,
f15e1e6b1000342b74e3cd0e2a2b747e1948b937dce1fc69e3ee2db76394c2a2,Luminal,,ycombinator,https://www.ycombinator.com/companies/luminal,,https://luminal.com,UNRESOLVED,,
903a6fbfb592d2fb6afc1a34968c317a9c2cbb1c76951fa1b3f8880a7d87d1c0,Freya,,ycombinator,https://www.ycombinator.com/companies/freya,,https://freyavoice.ai/,UNRESOLVED,,
f1a9eae7d344eb44bdf651c36b7612868e1bea0e07b380071956f908f01a88b2,burnt,,ycombinator,https://www.ycombinator.com/companies/burnt,,https://getburnt.ai/,UNRESOLVED,,
cb4c124ebf0bfbf883b8ffb2e6a53d0e3b1be6e04442c476c9edfbaed39c4871,Avent,,ycombinator,https://www.ycombinator.com/companies/avent,,https://www.aventindustrial.com,UNRESOLVED,,
38c7a033a31bf87f751312df8dac5d1431914ce64693e3e03f44fe4e9a18ed4a,Ruvo,,ycombinator,https://www.ycombinator.com/companies/ruvo,,https://ruvo.com/,UNRESOLVED,,
5501cef4a6b12934b133d5fe984d073e1228d285875396a2b83b0ad9f13d2f3d,Veritus,,ycombinator,https://www.ycombinator.com/companies/veritus,,https://www.veritus.com,UNRESOLVED,,
a00550decd130859e50372a07e3481d7712fc11baff13b209d41735712023ee4,Sapien,,ycombinator,https://www.ycombinator.com/companies/outrove,,https://www.asksapien.ai/,UNRESOLVED,,
28c47a43e62c63fd80918c95a506187afa38c3172b9669e3caf716754dd2ab35,NOSO LABS,,ycombinator,https://www.ycombinator.com/companies/noso-labs,,https://noso.so,UNRESOLVED,,
51c842745edf61c939c904ec1f751f50d71a70d5487f76c868c67129581e48c4,Vulcan Technologies,,ycombinator,https://www.ycombinator.com/companies/vulcan-technologies,,https://vulcan.ai/,UNRESOLVED,,
825a3aac8fd4c23699157cfe4c82b270540afeae9ee87efcecb53785b827fe2e,Bizzy AI,Stability AI,ycombinator,https://www.ycombinator.com/companies/geo-ai,,https://www.usebizzy.com/,RESOLVED,,
9065b0843ab91d7fdf81eb21a56abe60f440e8ac72eb70ae325fb6eb1b24a4dc,Spotlight Realty,,ycombinator,https://www.ycombinator.com/companies/spotlight-realty,,https://www.spotlight.realty,UNRESOLVED,,
5601473cd58bb75c78bfb4890b145ee402c6287dabae5634416ca69082cf1576,Interfere,,ycombinator,https://www.ycombinator.com/companies/interfere,,https://interfere.com,UNRESOLVED,,
c91a4d44a09c391d62484421bded8fd41a2b34cdd07f360b8a372616aa7c0474,Munify,,ycombinator,https://www.ycombinator.com/companies/munify,,https://munify.ai,UNRESOLVED,,
c6694c2a27f03db486fb191c8adcedb852a3f835fe3432aa9a81aad6e7f42ddc,RowFlow,,ycombinator,https://www.ycombinator.com/companies/rowflow,,https://rowflow.ai,UNRESOLVED,,
e621d48777e596510dcf2d4bf01e117a65966a06eaa1da2d411d3ba6e5e21c10,TectoAI,,ycombinator,https://www.ycombinator.com/companies/tectoai,,https://www.tecto.ai/,UNRESOLVED,,
0853df56c68a6d42016048238b9f9abbb38e377c02aac65f0bc6eeffcc255f35,Duranium,,ycombinator,https://www.ycombinator.com/companies/duranium,,https://www.duranium.co/,UNRESOLVED,,
49d3e6eb7fc91aec263b3c3c0dc8964f96ade473bafb248cf0879516cd40bbb2,Smartbase,,ycombinator,https://www.ycombinator.com/companies/smartbase,,https://www.smartbase.so/,UNRESOLVED,,
320d008367a5e0c9852291b662867fbc439343a9b3bf497bf0d3392c9e97b6a7,Perspectives Health,,ycombinator,https://www.ycombinator.com/companies/perspectives-health,,https://perspectiveshealth.ai/,UNRESOLVED,,
6de5ec41b18a0a352c4a464d3931fa337c265531830160321e2abe20d4f1ef04,Modelence,,ycombinator,https://www.ycombinator.com/companies/modelence,,https://modelence.com,UNRESOLVED,,
a9b2646b10b4d3aa6e967e4b79819225a1bf261f32d21be46e3cce96be0d1b5f,Magnetic,,ycombinator,https://www.ycombinator.com/companies/magnetic,,https://www.magnetictax.com,UNRESOLVED,,
769f92eda3d711c0130b8ad716a7357fa357f7fad1e37c061ce7af63b328467f,Fleetline,,ycombinator,https://www.ycombinator.com/companies/fleetline,,https://fleetline.ai,UNRESOLVED,,
facc07f74ca4cca2433bf6eb738b655c4945080682564181270adfd1c6b15850,CLODO,,ycombinator,https://www.ycombinator.com/companies/clodo,,https://clodo.ai,UNRESOLVED,,
603d842594f1ae44228000c97fa18be567fdfdf74edd7d28f1abe618bace36bf,stagewise,,ycombinator,https://www.ycombinator.com/companies/stagewise,,https://stagewise.io,UNRESOLVED,,
2d7bbc8c6240a7aba9af1d559aa6741ed194d1e7e96704076f9482ac1d6005fe,Flywheel AI,Meta AI,ycombinator,https://www.ycombinator.com/companies/flywheel-ai,,https://useflywheel.ai/,RESOLVED,,
548363c2446118599547d683a6ed57c184aa3ac6264f9112176dd879b77e1785,Button Computer,,ycombinator,https://www.ycombinator.com/companies/button-computer,,https://buttoncomputer.com,UNRESOLVED,,
0cb700424394b9959a36058a617427fe25362a6477bbf989e6de34bf5fd0e678,Juxta,,ycombinator,https://www.ycombinator.com/companies/juxta,,https://juxta.com,UNRESOLVED,,
40a5d59aaaca78c27b3adf8b26be8b37aa8312520e85cf87b6525f3950bcc27a,Okibi,,ycombinator,https://www.ycombinator.com/companies/okibi,,https://okibi.ai,UNRESOLVED,,
