raw_name,canonical_name,entity_type,matching_method,confidence,resolution_status
Forward,,STARTUP,,,UNRESOLVED
Qokedas,,STARTUP,,,UNRESOLVED
herdr,,STARTUP,,,UNRESOLVED
Lambda Robotics,,STARTUP,,,UNRESOLVED
Conifer,,STARTUP,,,UNRESOLVED
Simantic,,STARTUP,,,UNRESOLVED
Experiential Labs,AI21 Labs,STARTUP,fuzzy,85.5,RESOLVED
Edviro,,STARTUP,,,UNRESOLVED
Coasty,,STARTUP,,,UNRESOLVED
Caution,,STARTUP,,,UNRESOLVED
Atomarine,,STARTUP,,,UNRESOLVED
Billow AI Labs,Meta AI,STARTUP,fuzzy,85.5,RESOLVED
hardware intelligence,,STARTUP,,,UNRESOLVED
Osseus,,STARTUP,,,UNRESOLVED
Salem Robotics Inc,,STARTUP,,,UNRESOLVED
Robocurve,,STARTUP,,,UNRESOLVED
hiloop,,STARTUP,,,UNRESOLVED
Dawn Industries,,STARTUP,,,UNRESOLVED
Nex,,STARTUP,,,UNRESOLVED
OneCLI,,STARTUP,,,UNRESOLVED
Wondering,,STARTUP,,,UNRESOLVED
Tracer,,STARTUP,,,UNRESOLVED
Amulet,,STARTUP,,,UNRESOLVED
Avoca Systems,,STARTUP,,,UNRESOLVED
SubVysion,,STARTUP,,,UNRESOLVED
"SpaceFlow Technologies, Inc.",,STARTUP,,,UNRESOLVED
Petrarch,,STARTUP,,,UNRESOLVED
Locke,,STARTUP,,,UNRESOLVED
Florin,,STARTUP,,,UNRESOLVED
Earendil Robotics,,STARTUP,,,UNRESOLVED
Hebbian Robotics,,STARTUP,,,UNRESOLVED
Hop Aero,,STARTUP,,,UNRESOLVED
Agent FM,,STARTUP,,,UNRESOLVED
OpenRelay,,STARTUP,,,UNRESOLVED
Dock,,STARTUP,,,UNRESOLVED
HyperProbe,,STARTUP,,,UNRESOLVED
Grip,,STARTUP,,,UNRESOLVED
Skymerse,,STARTUP,,,UNRESOLVED
Hubble,,STARTUP,,,UNRESOLVED
Palisade,,STARTUP,,,UNRESOLVED
83 Sciences,,STARTUP,,,UNRESOLVED
Chromie,,STARTUP,,,UNRESOLVED
Lamb Labs,,STARTUP,,,UNRESOLVED
Mireye,,STARTUP,,,UNRESOLVED
Derya,,STARTUP,,,UNRESOLVED
Decawork,,STARTUP,,,UNRESOLVED
CarSignal,,STARTUP,,,UNRESOLVED
Axelrod,,STARTUP,,,UNRESOLVED
Levocred AI,Meta AI,STARTUP,fuzzy,85.5,RESOLVED
Praxis AI,,STARTUP,,,UNRESOLVED
Care GP,,STARTUP,,,UNRESOLVED
Radley,,STARTUP,,,UNRESOLVED
Agnost AI,,STARTUP,,,UNRESOLVED
Agentcard,,STARTUP,,,UNRESOLVED
ProvenMetal,,STARTUP,,,UNRESOLVED
Gamgee,,STARTUP,,,UNRESOLVED
Inkbox,,STARTUP,,,UNRESOLVED
Operon,,STARTUP,,,UNRESOLVED
Cosmic Robotics,,STARTUP,,,UNRESOLVED
Markov,,STARTUP,,,UNRESOLVED
Lumeria,,STARTUP,,,UNRESOLVED
Marengo,,STARTUP,,,UNRESOLVED
RonanRx Inc.,,STARTUP,,,UNRESOLVED
Executor,,STARTUP,,,UNRESOLVED
Last Accounting Company,,STARTUP,,,UNRESOLVED
Pacific,,STARTUP,,,UNRESOLVED
Luca IQ,,STARTUP,,,UNRESOLVED
Computable,,STARTUP,,,UNRESOLVED
Denta,,STARTUP,,,UNRESOLVED
Isengard Industries Inc,,STARTUP,,,UNRESOLVED
Ekho Labs,,STARTUP,,,UNRESOLVED
Vestris,,STARTUP,,,UNRESOLVED
Ultrasonium,,STARTUP,,,UNRESOLVED
Arbital,,STARTUP,,,UNRESOLVED
PokerClubHub,,STARTUP,,,UNRESOLVED
Neuron Industries,,STARTUP,,,UNRESOLVED
Neuromorphic,,STARTUP,,,UNRESOLVED
LATO,,STARTUP,,,UNRESOLVED
Risklytics,,STARTUP,,,UNRESOLVED
Daqstra,,STARTUP,,,UNRESOLVED
Qlo,,STARTUP,,,UNRESOLVED
Fabraix,,STARTUP,,,UNRESOLVED
Omanta,,STARTUP,,,UNRESOLVED
Rational,,STARTUP,,,UNRESOLVED
Aktoria Robotics,,STARTUP,,,UNRESOLVED
Vendo,,STARTUP,,,UNRESOLVED
Click,,STARTUP,,,UNRESOLVED
Whitespace,,STARTUP,,,UNRESOLVED
Orvixo,,STARTUP,,,UNRESOLVED
Almanac,,STARTUP,,,UNRESOLVED
TareBio,,STARTUP,,,UNRESOLVED
Greypoint Industries,,STARTUP,,,UNRESOLVED
Graphify Labs,,STARTUP,,,UNRESOLVED
Ooak Data,,STARTUP,,,UNRESOLVED
Nori,,STARTUP,,,UNRESOLVED
6thSense,,STARTUP,,,UNRESOLVED
Bloomy,,STARTUP,,,UNRESOLVED
machine0,,STARTUP,,,UNRESOLVED
Pluto,,STARTUP,,,UNRESOLVED
FlowManual,,STARTUP,,,UNRESOLVED
Stratum Industries,,STARTUP,,,UNRESOLVED
Peer,,STARTUP,,,UNRESOLVED
Molagri,,STARTUP,,,UNRESOLVED
Cerenovus,,STARTUP,,,UNRESOLVED
Agency Tool Company,,STARTUP,,,UNRESOLVED
Standard Machines,,STARTUP,,,UNRESOLVED
Traceforce,,STARTUP,,,UNRESOLVED
Definite,,STARTUP,,,UNRESOLVED
Alkera AI,,STARTUP,,,UNRESOLVED
Rasyn,,STARTUP,,,UNRESOLVED
Manifold,,STARTUP,,,UNRESOLVED
screenpipe,,STARTUP,,,UNRESOLVED
Zaplar,,STARTUP,,,UNRESOLVED
Prodigy Research,,STARTUP,,,UNRESOLVED
Touchmark,,STARTUP,,,UNRESOLVED
Exosat,,STARTUP,,,UNRESOLVED
Codag,,STARTUP,,,UNRESOLVED
Context.dev,,STARTUP,,,UNRESOLVED
Glen,Glean,STARTUP,fuzzy,88.88888888888889,RESOLVED
Stoa,,STARTUP,,,UNRESOLVED
Marble,,STARTUP,,,UNRESOLVED
Audun,,STARTUP,,,UNRESOLVED
COACH,,STARTUP,,,UNRESOLVED
Alloovium,,STARTUP,,,UNRESOLVED
Dialogus,,STARTUP,,,UNRESOLVED
Mosaic,,STARTUP,,,UNRESOLVED
Bizmark,,STARTUP,,,UNRESOLVED
Riften,,STARTUP,,,UNRESOLVED
Buildbox,,STARTUP,,,UNRESOLVED
RealPact,,STARTUP,,,UNRESOLVED
GUILD,,STARTUP,,,UNRESOLVED
Floracene,,STARTUP,,,UNRESOLVED
Rise Reforming,,STARTUP,,,UNRESOLVED
Instaplay,,STARTUP,,,UNRESOLVED
Verdant,,STARTUP,,,UNRESOLVED
IMPACT Drones,,STARTUP,,,UNRESOLVED
Insurf,,STARTUP,,,UNRESOLVED
Jcode,,STARTUP,,,UNRESOLVED
LemonLime,,STARTUP,,,UNRESOLVED
Gutgutgoose,,STARTUP,,,UNRESOLVED
Speko,,STARTUP,,,UNRESOLVED
Synapse Semiconductor,,STARTUP,,,UNRESOLVED
Understudy Labs,AI21 Labs,STARTUP,fuzzy,85.5,RESOLVED
Rote,,STARTUP,,,UNRESOLVED
Prized,,STARTUP,,,UNRESOLVED
Maingen,,STARTUP,,,UNRESOLVED
Enact,,STARTUP,,,UNRESOLVED
Rex,,STARTUP,,,UNRESOLVED
Zomma,,STARTUP,,,UNRESOLVED
Nebula Security,,STARTUP,,,UNRESOLVED
Kara,,STARTUP,,,UNRESOLVED
Trope,,STARTUP,,,UNRESOLVED
Parasma,,STARTUP,,,UNRESOLVED
Belvedir,,STARTUP,,,UNRESOLVED
Shielded,,STARTUP,,,UNRESOLVED
Olam Labs,,STARTUP,,,UNRESOLVED
Egoist Machines,,STARTUP,,,UNRESOLVED
Perceptron ML,,STARTUP,,,UNRESOLVED
Erinys,,STARTUP,,,UNRESOLVED
HERA,,STARTUP,,,UNRESOLVED
Donkey,,STARTUP,,,UNRESOLVED
OpenTrade,,STARTUP,,,UNRESOLVED
Hoplite,,STARTUP,,,UNRESOLVED
Pango,,STARTUP,,,UNRESOLVED
tash,,STARTUP,,,UNRESOLVED
Torus,,STARTUP,,,UNRESOLVED
Kebra,,STARTUP,,,UNRESOLVED
GitCafe,,STARTUP,,,UNRESOLVED
RightNow,,STARTUP,,,UNRESOLVED
Akkari,,STARTUP,,,UNRESOLVED
HeyClicky,,STARTUP,,,UNRESOLVED
Rindler,,STARTUP,,,UNRESOLVED
Proprio Robotics,,STARTUP,,,UNRESOLVED
Huscarl,,STARTUP,,,UNRESOLVED
Thomas,,STARTUP,,,UNRESOLVED
Cohesion,,STARTUP,,,UNRESOLVED
Maquoketa Research,,STARTUP,,,UNRESOLVED
Intelligence Factory,,STARTUP,,,UNRESOLVED
Amorphic Labs,,STARTUP,,,UNRESOLVED
rekursiv.ai,,STARTUP,,,UNRESOLVED
Clawvisor,,STARTUP,,,UNRESOLVED
Framewise Health,,STARTUP,,,UNRESOLVED
Arctic Health,,STARTUP,,,UNRESOLVED
Playabl.ai,,STARTUP,,,UNRESOLVED
Enjamb Labs,,STARTUP,,,UNRESOLVED
Hyper,,STARTUP,,,UNRESOLVED
InsForge,,STARTUP,,,UNRESOLVED
ReasonBlocks,,STARTUP,,,UNRESOLVED
Modern,,STARTUP,,,UNRESOLVED
Panacea,,STARTUP,,,UNRESOLVED
CentralComs,,STARTUP,,,UNRESOLVED
KugelAudio,Udio,STARTUP,fuzzy,90.0,RESOLVED
Klaimee,,STARTUP,,,UNRESOLVED
flowscope,,STARTUP,,,UNRESOLVED
Trident,,STARTUP,,,UNRESOLVED
Gigacatalyst,,STARTUP,,,UNRESOLVED
Arlo Industries,,STARTUP,,,UNRESOLVED
Astraea,,STARTUP,,,UNRESOLVED
Lattice Health,,STARTUP,,,UNRESOLVED
Atlas Discovery,,STARTUP,,,UNRESOLVED
Manicule,,STARTUP,,,UNRESOLVED
Avea Robotics,,STARTUP,,,UNRESOLVED
Mochatrade,,STARTUP,,,UNRESOLVED
Asendia AI,,STARTUP,,,UNRESOLVED
Revnu,,STARTUP,,,UNRESOLVED
Uno Wallet,,STARTUP,,,UNRESOLVED
Arden,,STARTUP,,,UNRESOLVED
AgentPhone,,STARTUP,,,UNRESOLVED
Gravy,,STARTUP,,,UNRESOLVED
Kinect,,STARTUP,,,UNRESOLVED
Runtime,,STARTUP,,,UNRESOLVED
YouArt,,STARTUP,,,UNRESOLVED
Expanse,,STARTUP,,,UNRESOLVED
CharacterQuilt,,STARTUP,,,UNRESOLVED
Pentagon,,STARTUP,,,UNRESOLVED
Arzana,,STARTUP,,,UNRESOLVED
Auxos,,STARTUP,,,UNRESOLVED
ProjectX,,STARTUP,,,UNRESOLVED
Tolmo,,STARTUP,,,UNRESOLVED
OpenWork,,STARTUP,,,UNRESOLVED
"Apollo Atomics, Inc.",,STARTUP,,,UNRESOLVED
General Aviation,,STARTUP,,,UNRESOLVED
OpenProse,,STARTUP,,,UNRESOLVED
Aster,,STARTUP,,,UNRESOLVED
Amboras,,STARTUP,,,UNRESOLVED
Hessian,,STARTUP,,,UNRESOLVED
RASPIRE,,STARTUP,,,UNRESOLVED
Plena Health,,STARTUP,,,UNRESOLVED
TesterArmy,,STARTUP,,,UNRESOLVED
Eden Robotics,,STARTUP,,,UNRESOLVED
Foaster,,STARTUP,,,UNRESOLVED
AquaShield,,STARTUP,,,UNRESOLVED
Ornadyne,,STARTUP,,,UNRESOLVED
ANORIA,,STARTUP,,,UNRESOLVED
AbInitio Bio,,STARTUP,,,UNRESOLVED
Memory Store,,STARTUP,,,UNRESOLVED
Saudara AI,,STARTUP,,,UNRESOLVED
Pops,,STARTUP,,,UNRESOLVED
Silmaril,,STARTUP,,,UNRESOLVED
BioStack Platforms,,STARTUP,,,UNRESOLVED
Ardent,,STARTUP,,,UNRESOLVED
Kuli,,STARTUP,,,UNRESOLVED
Wato,,STARTUP,,,UNRESOLVED
Tasklet,,STARTUP,,,UNRESOLVED
Chronicle Labs,AI21 Labs,STARTUP,fuzzy,85.5,RESOLVED
Walter,,STARTUP,,,UNRESOLVED
Aseon Labs,,STARTUP,,,UNRESOLVED
Soria,,STARTUP,,,UNRESOLVED
Armature,,STARTUP,,,UNRESOLVED
Collar,,STARTUP,,,UNRESOLVED
PLAN0 AI,Stability AI,STARTUP,fuzzy,85.5,RESOLVED
Zibra Labs,,STARTUP,,,UNRESOLVED
Ara,Character.ai,STARTUP,fuzzy,90.0,RESOLVED
ValCtrl,,STARTUP,,,UNRESOLVED
General Instinct,,STARTUP,,,UNRESOLVED
tday.com,,STARTUP,,,UNRESOLVED
ED1TH,,STARTUP,,,UNRESOLVED
Minicor,,STARTUP,,,UNRESOLVED
Degla Inc,,STARTUP,,,UNRESOLVED
Archer,,STARTUP,,,UNRESOLVED
River Markets,,STARTUP,,,UNRESOLVED
smol machines,,STARTUP,,,UNRESOLVED
Allowance,,STARTUP,,,UNRESOLVED
Harbor,,STARTUP,,,UNRESOLVED
Complir,,STARTUP,,,UNRESOLVED
AICE,,STARTUP,,,UNRESOLVED
Infera,,STARTUP,,,UNRESOLVED
Mount,,STARTUP,,,UNRESOLVED
Parrot,,STARTUP,,,UNRESOLVED
Result,,STARTUP,,,UNRESOLVED
Sidekick,,STARTUP,,,UNRESOLVED
Prototyping.io,,STARTUP,,,UNRESOLVED
Lumius,,STARTUP,,,UNRESOLVED
Adialante,,STARTUP,,,UNRESOLVED
Savant,,STARTUP,,,UNRESOLVED
Keyframe Labs,,STARTUP,,,UNRESOLVED
Voquill,,STARTUP,,,UNRESOLVED
Oddpool,,STARTUP,,,UNRESOLVED
Ontora,,STARTUP,,,UNRESOLVED
Napkin Math,,STARTUP,,,UNRESOLVED
Gojiberry AI,Meta AI,STARTUP,fuzzy,85.5,RESOLVED
Lab0,,STARTUP,,,UNRESOLVED
BentoLabs AI,Meta AI,STARTUP,fuzzy,85.5,RESOLVED
Lamina Labs,,STARTUP,,,UNRESOLVED
Kimpton AI,,STARTUP,,,UNRESOLVED
StableBrowse,,STARTUP,,,UNRESOLVED
Taiga,,STARTUP,,,UNRESOLVED
Pairio,,STARTUP,,,UNRESOLVED
Callab AI,,STARTUP,,,UNRESOLVED
Synphony,,STARTUP,,,UNRESOLVED
Dreach,,STARTUP,,,UNRESOLVED
Arga Labs,,STARTUP,,,UNRESOLVED
Andco,,STARTUP,,,UNRESOLVED
RentAHuman,,STARTUP,,,UNRESOLVED
InstaAgent,,STARTUP,,,UNRESOLVED
Salesgraph,,STARTUP,,,UNRESOLVED
Sherpa,,STARTUP,,,UNRESOLVED
Userlens,,STARTUP,,,UNRESOLVED
transload,,STARTUP,,,UNRESOLVED
Standout,,STARTUP,,,UNRESOLVED
shotwell.ai,,STARTUP,,,UNRESOLVED
Madrone,,STARTUP,,,UNRESOLVED
Pavoot,,STARTUP,,,UNRESOLVED
qomplement,,STARTUP,,,UNRESOLVED
Deep Interactions,,STARTUP,,,UNRESOLVED
KelAI,,STARTUP,,,UNRESOLVED
"HEVN, inc",,STARTUP,,,UNRESOLVED
Wealor,,STARTUP,,,UNRESOLVED
Elyra,,STARTUP,,,UNRESOLVED
Interfaze,,STARTUP,,,UNRESOLVED
Zolvo,,STARTUP,,,UNRESOLVED
Juno,,STARTUP,,,UNRESOLVED
Kinro,,STARTUP,,,UNRESOLVED
GovGuard,,STARTUP,,,UNRESOLVED
Superlog,,STARTUP,,,UNRESOLVED
GodHands,,STARTUP,,,UNRESOLVED
Limrun,,STARTUP,,,UNRESOLVED
Light Anchor,,STARTUP,,,UNRESOLVED
Hub,,STARTUP,,,UNRESOLVED
Tenet Industries,,STARTUP,,,UNRESOLVED
Atrisa,,STARTUP,,,UNRESOLVED
Trellis,,STARTUP,,,UNRESOLVED
The Company Company,Together AI,STARTUP,fuzzy,90.0,RESOLVED
Dayjob,,STARTUP,,,UNRESOLVED
InLoop Robotics,,STARTUP,,,UNRESOLVED
Zenbu,,STARTUP,,,UNRESOLVED
Andustry,,STARTUP,,,UNRESOLVED
Nine Fives,,STARTUP,,,UNRESOLVED
Incandor,,STARTUP,,,UNRESOLVED
Chert,,STARTUP,,,UNRESOLVED
Saffron,,STARTUP,,,UNRESOLVED
Discovered Materials,,STARTUP,,,UNRESOLVED
Lightsprint,,STARTUP,,,UNRESOLVED
Twolabs,,STARTUP,,,UNRESOLVED
Scope,,STARTUP,,,UNRESOLVED
Hexa,,STARTUP,,,UNRESOLVED
Palette,,STARTUP,,,UNRESOLVED
Rudus,,STARTUP,,,UNRESOLVED
Replicas,,STARTUP,,,UNRESOLVED
Totalis,,STARTUP,,,UNRESOLVED
WithAI,,STARTUP,,,UNRESOLVED
Osmaura,,STARTUP,,,UNRESOLVED
Instance,,STARTUP,,,UNRESOLVED
Illume Labs,,STARTUP,,,UNRESOLVED
Memoir,,STARTUP,,,UNRESOLVED
"PerfectBit, Inc.",,STARTUP,,,UNRESOLVED
Stage,,STARTUP,,,UNRESOLVED
Standard Signal,,STARTUP,,,UNRESOLVED
primitive,,STARTUP,,,UNRESOLVED
afterfive,,STARTUP,,,UNRESOLVED
Klarify,,STARTUP,,,UNRESOLVED
Surtr Defense Systems,,STARTUP,,,UNRESOLVED
Hedge,,STARTUP,,,UNRESOLVED
Cardinal,,STARTUP,,,UNRESOLVED
Wideframe,,STARTUP,,,UNRESOLVED
Martini,,STARTUP,,,UNRESOLVED
Litmus,,STARTUP,,,UNRESOLVED
Condor Energy,,STARTUP,,,UNRESOLVED
Remix,,STARTUP,,,UNRESOLVED
OpenVector,,STARTUP,,,UNRESOLVED
Shofo,,STARTUP,,,UNRESOLVED
Wayco,,STARTUP,,,UNRESOLVED
"Applied Electrodynamics, Inc.",,STARTUP,,,UNRESOLVED
Unifold,,STARTUP,,,UNRESOLVED
Carrot Labs,,STARTUP,,,UNRESOLVED
Dispatch,,STARTUP,,,UNRESOLVED
Bloom,,STARTUP,,,UNRESOLVED
Aurorin CAD,,STARTUP,,,UNRESOLVED
Fixture,,STARTUP,,,UNRESOLVED
DAIVIN!,,STARTUP,,,UNRESOLVED
Brumby (Formerly GrazeMate),,STARTUP,,,UNRESOLVED
Origami Robotics,,STARTUP,,,UNRESOLVED
Ossus,,STARTUP,,,UNRESOLVED
Rubric AI,,STARTUP,,,UNRESOLVED
Regbase,,STARTUP,,,UNRESOLVED
Zymbly,,STARTUP,,,UNRESOLVED
Ritivel,,STARTUP,,,UNRESOLVED
Polymorph,,STARTUP,,,UNRESOLVED
Khotan (formerly Pollinate),,STARTUP,,,UNRESOLVED
SpotPay,,STARTUP,,,UNRESOLVED
Poth Labs,,STARTUP,,,UNRESOLVED
VOYGR,,STARTUP,,,UNRESOLVED
MochaCare,,STARTUP,,,UNRESOLVED
Cova,,STARTUP,,,UNRESOLVED
Vela,,STARTUP,,,UNRESOLVED
Supafax,,STARTUP,,,UNRESOLVED
Talking Computers,,STARTUP,,,UNRESOLVED
Control Seat,,STARTUP,,,UNRESOLVED
Copperlane,,STARTUP,,,UNRESOLVED
Tsenta,,STARTUP,,,UNRESOLVED
Atlia,,STARTUP,,,UNRESOLVED
Canary,,STARTUP,,,UNRESOLVED
Grade,,STARTUP,,,UNRESOLVED
Sila,,STARTUP,,,UNRESOLVED
Maven,,STARTUP,,,UNRESOLVED
Moda,,STARTUP,,,UNRESOLVED
The Token Company,,STARTUP,,,UNRESOLVED
BeeSafe AI,,STARTUP,,,UNRESOLVED
Fed10,,STARTUP,,,UNRESOLVED
Inth,,STARTUP,,,UNRESOLVED
Squid,,STARTUP,,,UNRESOLVED
Crow,,STARTUP,,,UNRESOLVED
Foreman,,STARTUP,,,UNRESOLVED
Booko,,STARTUP,,,UNRESOLVED
Corelayer,,STARTUP,,,UNRESOLVED
General Legal,,STARTUP,,,UNRESOLVED
Fort,,STARTUP,,,UNRESOLVED
Balance,,STARTUP,,,UNRESOLVED
Ekpa,,STARTUP,,,UNRESOLVED
Chasi,,STARTUP,,,UNRESOLVED
Anchorhead,,STARTUP,,,UNRESOLVED
o11,,STARTUP,,,UNRESOLVED
Doomersion,,STARTUP,,,UNRESOLVED
Sequence Markets,,STARTUP,,,UNRESOLVED
Libra Robotics,,STARTUP,,,UNRESOLVED
Ditto Biosciences,,STARTUP,,,UNRESOLVED
Servo7,,STARTUP,,,UNRESOLVED
Datoric,,STARTUP,,,UNRESOLVED
Superset,,STARTUP,,,UNRESOLVED
Netter,,STARTUP,,,UNRESOLVED
Voxel Energy,,STARTUP,,,UNRESOLVED
Polymath,,STARTUP,,,UNRESOLVED
Archal,,STARTUP,,,UNRESOLVED
Bubble Lab,,STARTUP,,,UNRESOLVED
Pocket,,STARTUP,,,UNRESOLVED
Byteport,,STARTUP,,,UNRESOLVED
Constellation Space,,STARTUP,,,UNRESOLVED
Sazabi,,STARTUP,,,UNRESOLVED
Mendral,,STARTUP,,,UNRESOLVED
AxionOrbital Space,,STARTUP,,,UNRESOLVED
Oximy,,STARTUP,,,UNRESOLVED
Caretta,,STARTUP,,,UNRESOLVED
Samora AI,,STARTUP,,,UNRESOLVED
Human Archive,,STARTUP,,,UNRESOLVED
Forum,,STARTUP,,,UNRESOLVED
Sitefire,,STARTUP,,,UNRESOLVED
Robby,,STARTUP,,,UNRESOLVED
Ressl AI,Stability AI,STARTUP,fuzzy,85.5,RESOLVED
Emdash,,STARTUP,,,UNRESOLVED
InventoryQuant,,STARTUP,,,UNRESOLVED
Congruent,,STARTUP,,,UNRESOLVED
Reframe,,STARTUP,,,UNRESOLVED
Valence,,STARTUP,,,UNRESOLVED
9 Mothers,,STARTUP,,,UNRESOLVED
Approxima,,STARTUP,,,UNRESOLVED
Traverse,,STARTUP,,,UNRESOLVED
Revion,,STARTUP,,,UNRESOLVED
Maywood,,STARTUP,,,UNRESOLVED
Fenrock AI,,STARTUP,,,UNRESOLVED
End Close,,STARTUP,,,UNRESOLVED
Chamber,,STARTUP,,,UNRESOLVED
Assemble,,STARTUP,,,UNRESOLVED
Patientdesk.ai,,STARTUP,,,UNRESOLVED
Visibl Semiconductors,,STARTUP,,,UNRESOLVED
Synthetic Sciences,,STARTUP,,,UNRESOLVED
Seeing Systems,,STARTUP,,,UNRESOLVED
Jinba,,STARTUP,,,UNRESOLVED
Cardboard,,STARTUP,,,UNRESOLVED
Prana,,STARTUP,,,UNRESOLVED
Rhizome AI,,STARTUP,,,UNRESOLVED
Pax Historia,,STARTUP,,,UNRESOLVED
Parameter (fka Hex Security),,STARTUP,,,UNRESOLVED
Laurence,,STARTUP,,,UNRESOLVED
Terminal Use,,STARTUP,,,UNRESOLVED
Overshoot,,STARTUP,,,UNRESOLVED
Cajal,,STARTUP,,,UNRESOLVED
Proximitty,,STARTUP,,,UNRESOLVED
Instinct,,STARTUP,,,UNRESOLVED
Stilta,,STARTUP,,,UNRESOLVED
Unisson,,STARTUP,,,UNRESOLVED
IncidentFox,,STARTUP,,,UNRESOLVED
Compresr,,STARTUP,,,UNRESOLVED
Opalite Health,,STARTUP,,,UNRESOLVED
Confluence Labs,AI21 Labs,STARTUP,fuzzy,85.5,RESOLVED
Rapidfolio,,STARTUP,,,UNRESOLVED
Mango Medical,,STARTUP,,,UNRESOLVED
Sponge,,STARTUP,,,UNRESOLVED
Terranox AI,Meta AI,STARTUP,fuzzy,85.5,RESOLVED
Drafted,,STARTUP,,,UNRESOLVED
Ventura,,STARTUP,,,UNRESOLVED
Q2Q,,STARTUP,,,UNRESOLVED
Orthogonal,,STARTUP,,,UNRESOLVED
Perfectly,,STARTUP,,,UNRESOLVED
Fern,,STARTUP,,,UNRESOLVED
Sparkles,,STARTUP,,,UNRESOLVED
EigenPal,,STARTUP,,,UNRESOLVED
Salus,,STARTUP,,,UNRESOLVED
Moritz,,STARTUP,,,UNRESOLVED
RamAIn,,STARTUP,,,UNRESOLVED
Milliray,,STARTUP,,,UNRESOLVED
Beyond Reach Labs,AI21 Labs,STARTUP,fuzzy,85.5,RESOLVED
OctaPulse,,STARTUP,,,UNRESOLVED
CodeWisp,,STARTUP,,,UNRESOLVED
Ashr,,STARTUP,,,UNRESOLVED
Aemon,,STARTUP,,,UNRESOLVED
Luel,,STARTUP,,,UNRESOLVED
Scheduling Wizard,,STARTUP,,,UNRESOLVED
RoboDock,,STARTUP,,,UNRESOLVED
Skillsync,,STARTUP,,,UNRESOLVED
MouseCat,,STARTUP,,,UNRESOLVED
Zatanna,,STARTUP,,,UNRESOLVED
AutoSitu,,STARTUP,,,UNRESOLVED
Verdex,,STARTUP,,,UNRESOLVED
Cumulus Labs,,STARTUP,,,UNRESOLVED
Tepali,,STARTUP,,,UNRESOLVED
Palus Finance,,STARTUP,,,UNRESOLVED
21st,,STARTUP,,,UNRESOLVED
Avoice,,STARTUP,,,UNRESOLVED
Kyten Technologies,,STARTUP,,,UNRESOLVED
ZeroSettle,,STARTUP,,,UNRESOLVED
/dev/fast,,STARTUP,,,UNRESOLVED
Cignara,,STARTUP,,,UNRESOLVED
OpenSpec,,STARTUP,,,UNRESOLVED
Piris Labs,,STARTUP,,,UNRESOLVED
CellType,,STARTUP,,,UNRESOLVED
Burt,,STARTUP,,,UNRESOLVED
Envariant,,STARTUP,,,UNRESOLVED
Cascade,,STARTUP,,,UNRESOLVED
Beacon Health,,STARTUP,,,UNRESOLVED
Strand AI,,STARTUP,,,UNRESOLVED
BaseFrame,,STARTUP,,,UNRESOLVED
Protent,,STARTUP,,,UNRESOLVED
Cofia,,STARTUP,,,UNRESOLVED
Fuchsia,,STARTUP,,,UNRESOLVED
LegalOS,,STARTUP,,,UNRESOLVED
Sentrial,,STARTUP,,,UNRESOLVED
10x Science,,STARTUP,,,UNRESOLVED
REV1,,STARTUP,,,UNRESOLVED
shortkit,,STARTUP,,,UNRESOLVED
Asimov,,STARTUP,,,UNRESOLVED
Lexius,,STARTUP,,,UNRESOLVED
Axis,,STARTUP,,,UNRESOLVED
Mirabelle,,STARTUP,,,UNRESOLVED
Docura Health,,STARTUP,,,UNRESOLVED
Lance,,STARTUP,,,UNRESOLVED
RunAnywhere,,STARTUP,,,UNRESOLVED
Lucent,,STARTUP,,,UNRESOLVED
"Prescience, Inc.",,STARTUP,,,UNRESOLVED
Ruma Care,,STARTUP,,,UNRESOLVED
Klaus AI,Stability AI,STARTUP,fuzzy,85.5,RESOLVED
Kita,,STARTUP,,,UNRESOLVED
Syntropy,,STARTUP,,,UNRESOLVED
One Robot,,STARTUP,,,UNRESOLVED
Didit,,STARTUP,,,UNRESOLVED
Panta,,STARTUP,,,UNRESOLVED
Imperfect,,STARTUP,,,UNRESOLVED
TrustAI,,STARTUP,,,UNRESOLVED
Payna,,STARTUP,,,UNRESOLVED
Origin,,STARTUP,,,UNRESOLVED
Clara,,STARTUP,,,UNRESOLVED
Hlabs,,STARTUP,,,UNRESOLVED
Eos AI,Mistral AI,STARTUP,fuzzy,85.5,RESOLVED
Valgo,,STARTUP,,,UNRESOLVED
ARC Prize Foundation,,STARTUP,,,UNRESOLVED
Corvera,,STARTUP,,,UNRESOLVED
FullSeam,,STARTUP,,,UNRESOLVED
Waddle Labs,,STARTUP,,,UNRESOLVED
Linzumi,,STARTUP,,,UNRESOLVED
Advanced Metal Research,,STARTUP,,,UNRESOLVED
Ploy,,STARTUP,,,UNRESOLVED
CatchBack Cards,,STARTUP,,,UNRESOLVED
Mantis,,STARTUP,,,UNRESOLVED
Haladir,,STARTUP,,,UNRESOLVED
ClaimGlide,,STARTUP,,,UNRESOLVED
Inviscid AI,Meta AI,STARTUP,fuzzy,85.5,RESOLVED
Coasts,,STARTUP,,,UNRESOLVED
Zephyr Fusion,,STARTUP,,,UNRESOLVED
Mayflower,,STARTUP,,,UNRESOLVED
Ndea,,STARTUP,,,UNRESOLVED
item,,STARTUP,,,UNRESOLVED
Crosslayer Labs,AI21 Labs,STARTUP,fuzzy,85.5,RESOLVED
Rivet,,STARTUP,,,UNRESOLVED
Openroll,,STARTUP,,,UNRESOLVED
Amika,,STARTUP,,,UNRESOLVED
Specific Labs,,STARTUP,,,UNRESOLVED
Moss,,STARTUP,,,UNRESOLVED
Zarna,,STARTUP,,,UNRESOLVED
MarkIt,,STARTUP,,,UNRESOLVED
Dome,,STARTUP,,,UNRESOLVED
Voltair,,STARTUP,,,UNRESOLVED
Clicks Health,,STARTUP,,,UNRESOLVED
Fastshot,,STARTUP,,,UNRESOLVED
Vector Legal,,STARTUP,,,UNRESOLVED
Antigen,,STARTUP,,,UNRESOLVED
LunaBill,,STARTUP,,,UNRESOLVED
Axial,,STARTUP,,,UNRESOLVED
Velvet,,STARTUP,,,UNRESOLVED
DiligenceSquared,,STARTUP,,,UNRESOLVED
Amera,,STARTUP,,,UNRESOLVED
Forge Robotics,,STARTUP,,,UNRESOLVED
Bluma,,STARTUP,,,UNRESOLVED
Lightberry,,STARTUP,,,UNRESOLVED
The Hog,,STARTUP,,,UNRESOLVED
Layers,,STARTUP,,,UNRESOLVED
Boom AI,Stability AI,STARTUP,fuzzy,85.5,RESOLVED
Freeport Markets,,STARTUP,,,UNRESOLVED
Miniswap,,STARTUP,,,UNRESOLVED
Rovi Health,,STARTUP,,,UNRESOLVED
MadeThis,,STARTUP,,,UNRESOLVED
General Astronautics,,STARTUP,,,UNRESOLVED
Jarmin,,STARTUP,,,UNRESOLVED
Exonic,,STARTUP,,,UNRESOLVED
Lemma,,STARTUP,,,UNRESOLVED
Perseus,,STARTUP,,,UNRESOLVED
Karumi,,STARTUP,,,UNRESOLVED
Icarus,,STARTUP,,,UNRESOLVED
Sava,,STARTUP,,,UNRESOLVED
TakeCareOS,,STARTUP,,,UNRESOLVED
Denki,,STARTUP,,,UNRESOLVED
Metorial,,STARTUP,,,UNRESOLVED
Kalpa Labs,,STARTUP,,,UNRESOLVED
Absurd,,STARTUP,,,UNRESOLVED
Clad Labs,,STARTUP,,,UNRESOLVED
Automax.ai,xAI,STARTUP,fuzzy,90.0,RESOLVED
Specific,,STARTUP,,,UNRESOLVED
Primer,,STARTUP,,,UNRESOLVED
Narrative,,STARTUP,,,UNRESOLVED
Crunched,,STARTUP,,,UNRESOLVED
Lua Global Inc,,STARTUP,,,UNRESOLVED
Philon,,STARTUP,,,UNRESOLVED
Sourcebot,,STARTUP,,,UNRESOLVED
Zalos,,STARTUP,,,UNRESOLVED
Prism,,STARTUP,,,UNRESOLVED
Aside,,STARTUP,,,UNRESOLVED
Scott AI,Stability AI,STARTUP,fuzzy,85.5,RESOLVED
Everest,,STARTUP,,,UNRESOLVED
Expected Parrot,,STARTUP,,,UNRESOLVED
Imagine AI,,STARTUP,,,UNRESOLVED
Anto Biosciences,,STARTUP,,,UNRESOLVED
Patent Watch,,STARTUP,,,UNRESOLVED
s2.dev,,STARTUP,,,UNRESOLVED
Tornyol,,STARTUP,,,UNRESOLVED
Nucleo,,STARTUP,,,UNRESOLVED
Leadbay,,STARTUP,,,UNRESOLVED
Pixley AI,,STARTUP,,,UNRESOLVED
Cortex AI,,STARTUP,,,UNRESOLVED
Sol,,STARTUP,,,UNRESOLVED
Thesis,,STARTUP,,,UNRESOLVED
Oxus,,STARTUP,,,UNRESOLVED
Play Health,,STARTUP,,,UNRESOLVED
Casey,,STARTUP,,,UNRESOLVED
Selfin,,STARTUP,,,UNRESOLVED
Compyle,,STARTUP,,,UNRESOLVED
Lexi,Perplexity AI,STARTUP,fuzzy,90.0,RESOLVED
Codyco,,STARTUP,,,UNRESOLVED
ComplyDo,,STARTUP,,,UNRESOLVED
Bravi,,STARTUP,,,UNRESOLVED
Rovr,,STARTUP,,,UNRESOLVED
FinalDose,,STARTUP,,,UNRESOLVED
Sunflower,,STARTUP,,,UNRESOLVED
Captain,,STARTUP,,,UNRESOLVED
Redapto,,STARTUP,,,UNRESOLVED
Helonic,,STARTUP,,,UNRESOLVED
Aleph Lab,,STARTUP,,,UNRESOLVED
Logical,,STARTUP,,,UNRESOLVED
Agentic Fabriq,,STARTUP,,,UNRESOLVED
Travo,,STARTUP,,,UNRESOLVED
Tensr,,STARTUP,,,UNRESOLVED
Kestrel AI,,STARTUP,,,UNRESOLVED
LogosGuard,,STARTUP,,,UNRESOLVED
Sciloop,,STARTUP,,,UNRESOLVED
Multifactor,,STARTUP,,,UNRESOLVED
Allus AI,Stability AI,STARTUP,fuzzy,85.5,RESOLVED
Unsiloed AI,Meta AI,STARTUP,fuzzy,85.5,RESOLVED
SF Tensor,,STARTUP,,,UNRESOLVED
AnswerThis,,STARTUP,,,UNRESOLVED
Terrain,,STARTUP,,,UNRESOLVED
Lakonia,,STARTUP,,,UNRESOLVED
SellRaze,,STARTUP,,,UNRESOLVED
Clerked,,STARTUP,,,UNRESOLVED
Semble AI,,STARTUP,,,UNRESOLVED
Flick,,STARTUP,,,UNRESOLVED
hillclimb,,STARTUP,,,UNRESOLVED
AtlasGrid,,STARTUP,,,UNRESOLVED
Wardstone,,STARTUP,,,UNRESOLVED
Nessie,,STARTUP,,,UNRESOLVED
Hypercubic,,STARTUP,,,UNRESOLVED
Cranston AI,Meta AI,STARTUP,fuzzy,85.5,RESOLVED
Trelium,,STARTUP,,,UNRESOLVED
Velum Labs,,STARTUP,,,UNRESOLVED
Veria Labs,,STARTUP,,,UNRESOLVED
Minro,,STARTUP,,,UNRESOLVED
Tell if AI,,STARTUP,,,UNRESOLVED
Bron,,STARTUP,,,UNRESOLVED
Koyal,,STARTUP,,,UNRESOLVED
Kaigo Health,,STARTUP,,,UNRESOLVED
Norra,,STARTUP,,,UNRESOLVED
Soren,,STARTUP,,,UNRESOLVED
Lunavo,,STARTUP,,,UNRESOLVED
dari.dev,,STARTUP,,,UNRESOLVED
The Context Company,,STARTUP,,,UNRESOLVED
Sorce,,STARTUP,,,UNRESOLVED
Caddy,,STARTUP,,,UNRESOLVED
Alt-X,,STARTUP,,,UNRESOLVED
Locus,,STARTUP,,,UNRESOLVED
Deeptrace,,STARTUP,,,UNRESOLVED
Aspect,,STARTUP,,,UNRESOLVED
Scoop,,STARTUP,,,UNRESOLVED
Hyperspell,,STARTUP,,,UNRESOLVED
Bolna AI,Stability AI,STARTUP,fuzzy,85.5,RESOLVED
Nexus,,STARTUP,,,UNRESOLVED
Sylvian,,STARTUP,,,UNRESOLVED
Zavo,,STARTUP,,,UNRESOLVED
MOVEdot,,STARTUP,,,UNRESOLVED
Parrot,,STARTUP,,,UNRESOLVED
Brickwise,,STARTUP,,,UNRESOLVED
Parse,,STARTUP,,,UNRESOLVED
Structured AI,Meta AI,STARTUP,fuzzy,85.5,RESOLVED
Uplane,,STARTUP,,,UNRESOLVED
AirCaps,,STARTUP,,,UNRESOLVED
Brickanta,,STARTUP,,,UNRESOLVED
F2,,STARTUP,,,UNRESOLVED
Remedy,,STARTUP,,,UNRESOLVED
Semiotic,,STARTUP,,,UNRESOLVED
Lapis,,STARTUP,,,UNRESOLVED
Efference,,STARTUP,,,UNRESOLVED
Nox Metals,,STARTUP,,,UNRESOLVED
Digipals,,STARTUP,,,UNRESOLVED
Blue,,STARTUP,,,UNRESOLVED
Mixy,,STARTUP,,,UNRESOLVED
Paloma,,STARTUP,,,UNRESOLVED
Uplift AI,,STARTUP,,,UNRESOLVED
RealRoots,,STARTUP,,,UNRESOLVED
Luminal,,STARTUP,,,UNRESOLVED
Freya,,STARTUP,,,UNRESOLVED
burnt,,STARTUP,,,UNRESOLVED
Avent,,STARTUP,,,UNRESOLVED
Ruvo,,STARTUP,,,UNRESOLVED
Veritus,,STARTUP,,,UNRESOLVED
Sapien,,STARTUP,,,UNRESOLVED
NOSO LABS,,STARTUP,,,UNRESOLVED
Vulcan Technologies,,STARTUP,,,UNRESOLVED
Bizzy AI,Stability AI,STARTUP,fuzzy,85.5,RESOLVED
Spotlight Realty,,STARTUP,,,UNRESOLVED
Interfere,,STARTUP,,,UNRESOLVED
Munify,,STARTUP,,,UNRESOLVED
RowFlow,,STARTUP,,,UNRESOLVED
TectoAI,,STARTUP,,,UNRESOLVED
Duranium,,STARTUP,,,UNRESOLVED
Smartbase,,STARTUP,,,UNRESOLVED
Perspectives Health,,STARTUP,,,UNRESOLVED
Modelence,,STARTUP,,,UNRESOLVED
Magnetic,,STARTUP,,,UNRESOLVED
Fleetline,,STARTUP,,,UNRESOLVED
CLODO,,STARTUP,,,UNRESOLVED
stagewise,,STARTUP,,,UNRESOLVED
Flywheel AI,Meta AI,STARTUP,fuzzy,85.5,RESOLVED
Button Computer,,STARTUP,,,UNRESOLVED
Juxta,,STARTUP,,,UNRESOLVED
Okibi,,STARTUP,,,UNRESOLVED
Forward,,STARTUP,,,UNRESOLVED
Qokedas,,STARTUP,,,UNRESOLVED
herdr,,STARTUP,,,UNRESOLVED
Lambda Robotics,,STARTUP,,,UNRESOLVED
Conifer,,STARTUP,,,UNRESOLVED
Simantic,,STARTUP,,,UNRESOLVED
Experiential Labs,AI21 Labs,STARTUP,fuzzy,85.5,RESOLVED
Edviro,,STARTUP,,,UNRESOLVED
Coasty,,STARTUP,,,UNRESOLVED
Caution,,STARTUP,,,UNRESOLVED
Atomarine,,STARTUP,,,UNRESOLVED
Billow AI Labs,Meta AI,STARTUP,fuzzy,85.5,RESOLVED
hardware intelligence,,STARTUP,,,UNRESOLVED
Osseus,,STARTUP,,,UNRESOLVED
Salem Robotics Inc,,STARTUP,,,UNRESOLVED
Robocurve,,STARTUP,,,UNRESOLVED
hiloop,,STARTUP,,,UNRESOLVED
Dawn Industries,,STARTUP,,,UNRESOLVED
Nex,,STARTUP,,,UNRESOLVED
OneCLI,,STARTUP,,,UNRESOLVED
Wondering,,STARTUP,,,UNRESOLVED
Tracer,,STARTUP,,,UNRESOLVED
Amulet,,STARTUP,,,UNRESOLVED
Avoca Systems,,STARTUP,,,UNRESOLVED
SubVysion,,STARTUP,,,UNRESOLVED
"SpaceFlow Technologies, Inc.",,STARTUP,,,UNRESOLVED
Petrarch,,STARTUP,,,UNRESOLVED
Locke,,STARTUP,,,UNRESOLVED
Florin,,STARTUP,,,UNRESOLVED
Earendil Robotics,,STARTUP,,,UNRESOLVED
Hebbian Robotics,,STARTUP,,,UNRESOLVED
Hop Aero,,STARTUP,,,UNRESOLVED
Agent FM,,STARTUP,,,UNRESOLVED
OpenRelay,,STARTUP,,,UNRESOLVED
Dock,,STARTUP,,,UNRESOLVED
HyperProbe,,STARTUP,,,UNRESOLVED
Grip,,STARTUP,,,UNRESOLVED
Skymerse,,STARTUP,,,UNRESOLVED
Hubble,,STARTUP,,,UNRESOLVED
Palisade,,STARTUP,,,UNRESOLVED
83 Sciences,,STARTUP,,,UNRESOLVED
Chromie,,STARTUP,,,UNRESOLVED
Lamb Labs,,STARTUP,,,UNRESOLVED
Mireye,,STARTUP,,,UNRESOLVED
Derya,,STARTUP,,,UNRESOLVED
Decawork,,STARTUP,,,UNRESOLVED
CarSignal,,STARTUP,,,UNRESOLVED
Axelrod,,STARTUP,,,UNRESOLVED
Levocred AI,Meta AI,STARTUP,fuzzy,85.5,RESOLVED
Praxis AI,,STARTUP,,,UNRESOLVED
Care GP,,STARTUP,,,UNRESOLVED
Radley,,STARTUP,,,UNRESOLVED
Agnost AI,,STARTUP,,,UNRESOLVED
Agentcard,,STARTUP,,,UNRESOLVED
ProvenMetal,,STARTUP,,,UNRESOLVED
Gamgee,,STARTUP,,,UNRESOLVED
Inkbox,,STARTUP,,,UNRESOLVED
Operon,,STARTUP,,,UNRESOLVED
Cosmic Robotics,,STARTUP,,,UNRESOLVED
Markov,,STARTUP,,,UNRESOLVED
Lumeria,,STARTUP,,,UNRESOLVED
Marengo,,STARTUP,,,UNRESOLVED
RonanRx Inc.,,STARTUP,,,UNRESOLVED
Executor,,STARTUP,,,UNRESOLVED
Last Accounting Company,,STARTUP,,,UNRESOLVED
Pacific,,STARTUP,,,UNRESOLVED
Luca IQ,,STARTUP,,,UNRESOLVED
Computable,,STARTUP,,,UNRESOLVED
Denta,,STARTUP,,,UNRESOLVED
Isengard Industries Inc,,STARTUP,,,UNRESOLVED
Ekho Labs,,STARTUP,,,UNRESOLVED
Vestris,,STARTUP,,,UNRESOLVED
Ultrasonium,,STARTUP,,,UNRESOLVED
Arbital,,STARTUP,,,UNRESOLVED
PokerClubHub,,STARTUP,,,UNRESOLVED
Neuron Industries,,STARTUP,,,UNRESOLVED
Neuromorphic,,STARTUP,,,UNRESOLVED
LATO,,STARTUP,,,UNRESOLVED
Risklytics,,STARTUP,,,UNRESOLVED
Daqstra,,STARTUP,,,UNRESOLVED
Qlo,,STARTUP,,,UNRESOLVED
Fabraix,,STARTUP,,,UNRESOLVED
Omanta,,STARTUP,,,UNRESOLVED
Rational,,STARTUP,,,UNRESOLVED
Aktoria Robotics,,STARTUP,,,UNRESOLVED
Vendo,,STARTUP,,,UNRESOLVED
Click,,STARTUP,,,UNRESOLVED
Whitespace,,STARTUP,,,UNRESOLVED
Orvixo,,STARTUP,,,UNRESOLVED
Almanac,,STARTUP,,,UNRESOLVED
TareBio,,STARTUP,,,UNRESOLVED
Greypoint Industries,,STARTUP,,,UNRESOLVED
Graphify Labs,,STARTUP,,,UNRESOLVED
Ooak Data,,STARTUP,,,UNRESOLVED
Nori,,STARTUP,,,UNRESOLVED
6thSense,,STARTUP,,,UNRESOLVED
Bloomy,,STARTUP,,,UNRESOLVED
machine0,,STARTUP,,,UNRESOLVED
Pluto,,STARTUP,,,UNRESOLVED
FlowManual,,STARTUP,,,UNRESOLVED
Stratum Industries,,STARTUP,,,UNRESOLVED
Peer,,STARTUP,,,UNRESOLVED
Molagri,,STARTUP,,,UNRESOLVED
Cerenovus,,STARTUP,,,UNRESOLVED
Agency Tool Company,,STARTUP,,,UNRESOLVED
Standard Machines,,STARTUP,,,UNRESOLVED
Traceforce,,STARTUP,,,UNRESOLVED
Definite,,STARTUP,,,UNRESOLVED
Alkera AI,,STARTUP,,,UNRESOLVED
Rasyn,,STARTUP,,,UNRESOLVED
Manifold,,STARTUP,,,UNRESOLVED
screenpipe,,STARTUP,,,UNRESOLVED
Zaplar,,STARTUP,,,UNRESOLVED
Prodigy Research,,STARTUP,,,UNRESOLVED
Touchmark,,STARTUP,,,UNRESOLVED
Exosat,,STARTUP,,,UNRESOLVED
Codag,,STARTUP,,,UNRESOLVED
Context.dev,,STARTUP,,,UNRESOLVED
Glen,Glean,STARTUP,fuzzy,88.88888888888889,RESOLVED
Stoa,,STARTUP,,,UNRESOLVED
Marble,,STARTUP,,,UNRESOLVED
Audun,,STARTUP,,,UNRESOLVED
COACH,,STARTUP,,,UNRESOLVED
Alloovium,,STARTUP,,,UNRESOLVED
Dialogus,,STARTUP,,,UNRESOLVED
Mosaic,,STARTUP,,,UNRESOLVED
Bizmark,,STARTUP,,,UNRESOLVED
Riften,,STARTUP,,,UNRESOLVED
Buildbox,,STARTUP,,,UNRESOLVED
RealPact,,STARTUP,,,UNRESOLVED
GUILD,,STARTUP,,,UNRESOLVED
Floracene,,STARTUP,,,UNRESOLVED
Rise Reforming,,STARTUP,,,UNRESOLVED
Instaplay,,STARTUP,,,UNRESOLVED
Verdant,,STARTUP,,,UNRESOLVED
IMPACT Drones,,STARTUP,,,UNRESOLVED
Insurf,,STARTUP,,,UNRESOLVED
Jcode,,STARTUP,,,UNRESOLVED
LemonLime,,STARTUP,,,UNRESOLVED
Gutgutgoose,,STARTUP,,,UNRESOLVED
Speko,,STARTUP,,,UNRESOLVED
Synapse Semiconductor,,STARTUP,,,UNRESOLVED
Understudy Labs,AI21 Labs,STARTUP,fuzzy,85.5,RESOLVED
Rote,,STARTUP,,,UNRESOLVED
Prized,,STARTUP,,,UNRESOLVED
Maingen,,STARTUP,,,UNRESOLVED
Enact,,STARTUP,,,UNRESOLVED
Rex,,STARTUP,,,UNRESOLVED
Zomma,,STARTUP,,,UNRESOLVED
Nebula Security,,STARTUP,,,UNRESOLVED
Kara,,STARTUP,,,UNRESOLVED
Trope,,STARTUP,,,UNRESOLVED
Parasma,,STARTUP,,,UNRESOLVED
Belvedir,,STARTUP,,,UNRESOLVED
Shielded,,STARTUP,,,UNRESOLVED
Olam Labs,,STARTUP,,,UNRESOLVED
Egoist Machines,,STARTUP,,,UNRESOLVED
Perceptron ML,,STARTUP,,,UNRESOLVED
Erinys,,STARTUP,,,UNRESOLVED
HERA,,STARTUP,,,UNRESOLVED
Donkey,,STARTUP,,,UNRESOLVED
OpenTrade,,STARTUP,,,UNRESOLVED
Hoplite,,STARTUP,,,UNRESOLVED
Pango,,STARTUP,,,UNRESOLVED
tash,,STARTUP,,,UNRESOLVED
Torus,,STARTUP,,,UNRESOLVED
Kebra,,STARTUP,,,UNRESOLVED
GitCafe,,STARTUP,,,UNRESOLVED
RightNow,,STARTUP,,,UNRESOLVED
Akkari,,STARTUP,,,UNRESOLVED
HeyClicky,,STARTUP,,,UNRESOLVED
Rindler,,STARTUP,,,UNRESOLVED
Proprio Robotics,,STARTUP,,,UNRESOLVED
Huscarl,,STARTUP,,,UNRESOLVED
Thomas,,STARTUP,,,UNRESOLVED
Cohesion,,STARTUP,,,UNRESOLVED
Maquoketa Research,,STARTUP,,,UNRESOLVED
Intelligence Factory,,STARTUP,,,UNRESOLVED
Amorphic Labs,,STARTUP,,,UNRESOLVED
rekursiv.ai,,STARTUP,,,UNRESOLVED
Clawvisor,,STARTUP,,,UNRESOLVED
Framewise Health,,STARTUP,,,UNRESOLVED
Arctic Health,,STARTUP,,,UNRESOLVED
Playabl.ai,,STARTUP,,,UNRESOLVED
Enjamb Labs,,STARTUP,,,UNRESOLVED
Hyper,,STARTUP,,,UNRESOLVED
InsForge,,STARTUP,,,UNRESOLVED
ReasonBlocks,,STARTUP,,,UNRESOLVED
Modern,,STARTUP,,,UNRESOLVED
Panacea,,STARTUP,,,UNRESOLVED
CentralComs,,STARTUP,,,UNRESOLVED
KugelAudio,Udio,STARTUP,fuzzy,90.0,RESOLVED
Klaimee,,STARTUP,,,UNRESOLVED
flowscope,,STARTUP,,,UNRESOLVED
Trident,,STARTUP,,,UNRESOLVED
Gigacatalyst,,STARTUP,,,UNRESOLVED
Arlo Industries,,STARTUP,,,UNRESOLVED
Astraea,,STARTUP,,,UNRESOLVED
Lattice Health,,STARTUP,,,UNRESOLVED
Atlas Discovery,,STARTUP,,,UNRESOLVED
Manicule,,STARTUP,,,UNRESOLVED
Avea Robotics,,STARTUP,,,UNRESOLVED
Mochatrade,,STARTUP,,,UNRESOLVED
Asendia AI,,STARTUP,,,UNRESOLVED
Revnu,,STARTUP,,,UNRESOLVED
Uno Wallet,,STARTUP,,,UNRESOLVED
Arden,,STARTUP,,,UNRESOLVED
AgentPhone,,STARTUP,,,UNRESOLVED
Gravy,,STARTUP,,,UNRESOLVED
Kinect,,STARTUP,,,UNRESOLVED
Runtime,,STARTUP,,,UNRESOLVED
YouArt,,STARTUP,,,UNRESOLVED
Expanse,,STARTUP,,,UNRESOLVED
CharacterQuilt,,STARTUP,,,UNRESOLVED
Pentagon,,STARTUP,,,UNRESOLVED
Arzana,,STARTUP,,,UNRESOLVED
Auxos,,STARTUP,,,UNRESOLVED
ProjectX,,STARTUP,,,UNRESOLVED
Tolmo,,STARTUP,,,UNRESOLVED
OpenWork,,STARTUP,,,UNRESOLVED
"Apollo Atomics, Inc.",,STARTUP,,,UNRESOLVED
General Aviation,,STARTUP,,,UNRESOLVED
OpenProse,,STARTUP,,,UNRESOLVED
Aster,,STARTUP,,,UNRESOLVED
Amboras,,STARTUP,,,UNRESOLVED
Hessian,,STARTUP,,,UNRESOLVED
RASPIRE,,STARTUP,,,UNRESOLVED
Plena Health,,STARTUP,,,UNRESOLVED
TesterArmy,,STARTUP,,,UNRESOLVED
Eden Robotics,,STARTUP,,,UNRESOLVED
Foaster,,STARTUP,,,UNRESOLVED
AquaShield,,STARTUP,,,UNRESOLVED
Ornadyne,,STARTUP,,,UNRESOLVED
ANORIA,,STARTUP,,,UNRESOLVED
AbInitio Bio,,STARTUP,,,UNRESOLVED
Memory Store,,STARTUP,,,UNRESOLVED
Saudara AI,,STARTUP,,,UNRESOLVED
Pops,,STARTUP,,,UNRESOLVED
Silmaril,,STARTUP,,,UNRESOLVED
BioStack Platforms,,STARTUP,,,UNRESOLVED
Ardent,,STARTUP,,,UNRESOLVED
Kuli,,STARTUP,,,UNRESOLVED
Wato,,STARTUP,,,UNRESOLVED
Tasklet,,STARTUP,,,UNRESOLVED
Chronicle Labs,AI21 Labs,STARTUP,fuzzy,85.5,RESOLVED
Walter,,STARTUP,,,UNRESOLVED
Aseon Labs,,STARTUP,,,UNRESOLVED
Soria,,STARTUP,,,UNRESOLVED
Armature,,STARTUP,,,UNRESOLVED
Collar,,STARTUP,,,UNRESOLVED
PLAN0 AI,Stability AI,STARTUP,fuzzy,85.5,RESOLVED
Zibra Labs,,STARTUP,,,UNRESOLVED
Ara,Character.ai,STARTUP,fuzzy,90.0,RESOLVED
ValCtrl,,STARTUP,,,UNRESOLVED
General Instinct,,STARTUP,,,UNRESOLVED
tday.com,,STARTUP,,,UNRESOLVED
ED1TH,,STARTUP,,,UNRESOLVED
Minicor,,STARTUP,,,UNRESOLVED
Degla Inc,,STARTUP,,,UNRESOLVED
Archer,,STARTUP,,,UNRESOLVED
River Markets,,STARTUP,,,UNRESOLVED
smol machines,,STARTUP,,,UNRESOLVED
Allowance,,STARTUP,,,UNRESOLVED
Harbor,,STARTUP,,,UNRESOLVED
Complir,,STARTUP,,,UNRESOLVED
AICE,,STARTUP,,,UNRESOLVED
Infera,,STARTUP,,,UNRESOLVED
Mount,,STARTUP,,,UNRESOLVED
Parrot,,STARTUP,,,UNRESOLVED
Result,,STARTUP,,,UNRESOLVED
Sidekick,,STARTUP,,,UNRESOLVED
Prototyping.io,,STARTUP,,,UNRESOLVED
Lumius,,STARTUP,,,UNRESOLVED
Adialante,,STARTUP,,,UNRESOLVED
Savant,,STARTUP,,,UNRESOLVED
Keyframe Labs,,STARTUP,,,UNRESOLVED
Voquill,,STARTUP,,,UNRESOLVED
Oddpool,,STARTUP,,,UNRESOLVED
Ontora,,STARTUP,,,UNRESOLVED
Napkin Math,,STARTUP,,,UNRESOLVED
Gojiberry AI,Meta AI,STARTUP,fuzzy,85.5,RESOLVED
Lab0,,STARTUP,,,UNRESOLVED
BentoLabs AI,Meta AI,STARTUP,fuzzy,85.5,RESOLVED
Lamina Labs,,STARTUP,,,UNRESOLVED
Kimpton AI,,STARTUP,,,UNRESOLVED
StableBrowse,,STARTUP,,,UNRESOLVED
Taiga,,STARTUP,,,UNRESOLVED
Pairio,,STARTUP,,,UNRESOLVED
Callab AI,,STARTUP,,,UNRESOLVED
Synphony,,STARTUP,,,UNRESOLVED
Dreach,,STARTUP,,,UNRESOLVED
Arga Labs,,STARTUP,,,UNRESOLVED
Andco,,STARTUP,,,UNRESOLVED
RentAHuman,,STARTUP,,,UNRESOLVED
InstaAgent,,STARTUP,,,UNRESOLVED
Salesgraph,,STARTUP,,,UNRESOLVED
Sherpa,,STARTUP,,,UNRESOLVED
Userlens,,STARTUP,,,UNRESOLVED
transload,,STARTUP,,,UNRESOLVED
Standout,,STARTUP,,,UNRESOLVED
shotwell.ai,,STARTUP,,,UNRESOLVED
Madrone,,STARTUP,,,UNRESOLVED
Pavoot,,STARTUP,,,UNRESOLVED
qomplement,,STARTUP,,,UNRESOLVED
Deep Interactions,,STARTUP,,,UNRESOLVED
KelAI,,STARTUP,,,UNRESOLVED
"HEVN, inc",,STARTUP,,,UNRESOLVED
Wealor,,STARTUP,,,UNRESOLVED
Elyra,,STARTUP,,,UNRESOLVED
Interfaze,,STARTUP,,,UNRESOLVED
Zolvo,,STARTUP,,,UNRESOLVED
Juno,,STARTUP,,,UNRESOLVED
Kinro,,STARTUP,,,UNRESOLVED
GovGuard,,STARTUP,,,UNRESOLVED
Superlog,,STARTUP,,,UNRESOLVED
GodHands,,STARTUP,,,UNRESOLVED
Limrun,,STARTUP,,,UNRESOLVED
Light Anchor,,STARTUP,,,UNRESOLVED
Hub,,STARTUP,,,UNRESOLVED
Tenet Industries,,STARTUP,,,UNRESOLVED
Atrisa,,STARTUP,,,UNRESOLVED
Trellis,,STARTUP,,,UNRESOLVED
The Company Company,Together AI,STARTUP,fuzzy,90.0,RESOLVED
Dayjob,,STARTUP,,,UNRESOLVED
InLoop Robotics,,STARTUP,,,UNRESOLVED
Zenbu,,STARTUP,,,UNRESOLVED
Andustry,,STARTUP,,,UNRESOLVED
Nine Fives,,STARTUP,,,UNRESOLVED
Incandor,,STARTUP,,,UNRESOLVED
Chert,,STARTUP,,,UNRESOLVED
Saffron,,STARTUP,,,UNRESOLVED
Discovered Materials,,STARTUP,,,UNRESOLVED
Lightsprint,,STARTUP,,,UNRESOLVED
Twolabs,,STARTUP,,,UNRESOLVED
Scope,,STARTUP,,,UNRESOLVED
Hexa,,STARTUP,,,UNRESOLVED
Palette,,STARTUP,,,UNRESOLVED
Rudus,,STARTUP,,,UNRESOLVED
Replicas,,STARTUP,,,UNRESOLVED
Totalis,,STARTUP,,,UNRESOLVED
WithAI,,STARTUP,,,UNRESOLVED
Osmaura,,STARTUP,,,UNRESOLVED
Instance,,STARTUP,,,UNRESOLVED
Illume Labs,,STARTUP,,,UNRESOLVED
Memoir,,STARTUP,,,UNRESOLVED
"PerfectBit, Inc.",,STARTUP,,,UNRESOLVED
Stage,,STARTUP,,,UNRESOLVED
Standard Signal,,STARTUP,,,UNRESOLVED
primitive,,STARTUP,,,UNRESOLVED
afterfive,,STARTUP,,,UNRESOLVED
Klarify,,STARTUP,,,UNRESOLVED
Surtr Defense Systems,,STARTUP,,,UNRESOLVED
Hedge,,STARTUP,,,UNRESOLVED
Cardinal,,STARTUP,,,UNRESOLVED
Wideframe,,STARTUP,,,UNRESOLVED
Martini,,STARTUP,,,UNRESOLVED
Litmus,,STARTUP,,,UNRESOLVED
Condor Energy,,STARTUP,,,UNRESOLVED
Remix,,STARTUP,,,UNRESOLVED
OpenVector,,STARTUP,,,UNRESOLVED
Shofo,,STARTUP,,,UNRESOLVED
Wayco,,STARTUP,,,UNRESOLVED
"Applied Electrodynamics, Inc.",,STARTUP,,,UNRESOLVED
Unifold,,STARTUP,,,UNRESOLVED
Carrot Labs,,STARTUP,,,UNRESOLVED
Dispatch,,STARTUP,,,UNRESOLVED
Bloom,,STARTUP,,,UNRESOLVED
Aurorin CAD,,STARTUP,,,UNRESOLVED
Fixture,,STARTUP,,,UNRESOLVED
DAIVIN!,,STARTUP,,,UNRESOLVED
Brumby (Formerly GrazeMate),,STARTUP,,,UNRESOLVED
Origami Robotics,,STARTUP,,,UNRESOLVED
Ossus,,STARTUP,,,UNRESOLVED
Rubric AI,,STARTUP,,,UNRESOLVED
Regbase,,STARTUP,,,UNRESOLVED
Zymbly,,STARTUP,,,UNRESOLVED
Ritivel,,STARTUP,,,UNRESOLVED
Polymorph,,STARTUP,,,UNRESOLVED
Khotan (formerly Pollinate),,STARTUP,,,UNRESOLVED
SpotPay,,STARTUP,,,UNRESOLVED
Poth Labs,,STARTUP,,,UNRESOLVED
VOYGR,,STARTUP,,,UNRESOLVED
MochaCare,,STARTUP,,,UNRESOLVED
Cova,,STARTUP,,,UNRESOLVED
Vela,,STARTUP,,,UNRESOLVED
Supafax,,STARTUP,,,UNRESOLVED
Talking Computers,,STARTUP,,,UNRESOLVED
Control Seat,,STARTUP,,,UNRESOLVED
Copperlane,,STARTUP,,,UNRESOLVED
Tsenta,,STARTUP,,,UNRESOLVED
Atlia,,STARTUP,,,UNRESOLVED
Canary,,STARTUP,,,UNRESOLVED
Grade,,STARTUP,,,UNRESOLVED
Sila,,STARTUP,,,UNRESOLVED
Maven,,STARTUP,,,UNRESOLVED
Moda,,STARTUP,,,UNRESOLVED
The Token Company,,STARTUP,,,UNRESOLVED
BeeSafe AI,,STARTUP,,,UNRESOLVED
Fed10,,STARTUP,,,UNRESOLVED
Inth,,STARTUP,,,UNRESOLVED
Squid,,STARTUP,,,UNRESOLVED
Crow,,STARTUP,,,UNRESOLVED
Foreman,,STARTUP,,,UNRESOLVED
Booko,,STARTUP,,,UNRESOLVED
Corelayer,,STARTUP,,,UNRESOLVED
General Legal,,STARTUP,,,UNRESOLVED
Fort,,STARTUP,,,UNRESOLVED
Balance,,STARTUP,,,UNRESOLVED
Ekpa,,STARTUP,,,UNRESOLVED
Chasi,,STARTUP,,,UNRESOLVED
Anchorhead,,STARTUP,,,UNRESOLVED
o11,,STARTUP,,,UNRESOLVED
Doomersion,,STARTUP,,,UNRESOLVED
Sequence Markets,,STARTUP,,,UNRESOLVED
Libra Robotics,,STARTUP,,,UNRESOLVED
Ditto Biosciences,,STARTUP,,,UNRESOLVED
Servo7,,STARTUP,,,UNRESOLVED
Datoric,,STARTUP,,,UNRESOLVED
Superset,,STARTUP,,,UNRESOLVED
Netter,,STARTUP,,,UNRESOLVED
Voxel Energy,,STARTUP,,,UNRESOLVED
Polymath,,STARTUP,,,UNRESOLVED
Archal,,STARTUP,,,UNRESOLVED
Bubble Lab,,STARTUP,,,UNRESOLVED
Pocket,,STARTUP,,,UNRESOLVED
Byteport,,STARTUP,,,UNRESOLVED
Constellation Space,,STARTUP,,,UNRESOLVED
Sazabi,,STARTUP,,,UNRESOLVED
Mendral,,STARTUP,,,UNRESOLVED
AxionOrbital Space,,STARTUP,,,UNRESOLVED
Oximy,,STARTUP,,,UNRESOLVED
Caretta,,STARTUP,,,UNRESOLVED
Samora AI,,STARTUP,,,UNRESOLVED
Human Archive,,STARTUP,,,UNRESOLVED
Forum,,STARTUP,,,UNRESOLVED
Sitefire,,STARTUP,,,UNRESOLVED
Robby,,STARTUP,,,UNRESOLVED
Ressl AI,Stability AI,STARTUP,fuzzy,85.5,RESOLVED
Emdash,,STARTUP,,,UNRESOLVED
InventoryQuant,,STARTUP,,,UNRESOLVED
Congruent,,STARTUP,,,UNRESOLVED
Reframe,,STARTUP,,,UNRESOLVED
Valence,,STARTUP,,,UNRESOLVED
9 Mothers,,STARTUP,,,UNRESOLVED
Approxima,,STARTUP,,,UNRESOLVED
Traverse,,STARTUP,,,UNRESOLVED
Revion,,STARTUP,,,UNRESOLVED
Maywood,,STARTUP,,,UNRESOLVED
Fenrock AI,,STARTUP,,,UNRESOLVED
End Close,,STARTUP,,,UNRESOLVED
Chamber,,STARTUP,,,UNRESOLVED
Assemble,,STARTUP,,,UNRESOLVED
Patientdesk.ai,,STARTUP,,,UNRESOLVED
Visibl Semiconductors,,STARTUP,,,UNRESOLVED
Synthetic Sciences,,STARTUP,,,UNRESOLVED
Seeing Systems,,STARTUP,,,UNRESOLVED
Jinba,,STARTUP,,,UNRESOLVED
Cardboard,,STARTUP,,,UNRESOLVED
Prana,,STARTUP,,,UNRESOLVED
Rhizome AI,,STARTUP,,,UNRESOLVED
Pax Historia,,STARTUP,,,UNRESOLVED
Parameter (fka Hex Security),,STARTUP,,,UNRESOLVED
Laurence,,STARTUP,,,UNRESOLVED
Terminal Use,,STARTUP,,,UNRESOLVED
Overshoot,,STARTUP,,,UNRESOLVED
Cajal,,STARTUP,,,UNRESOLVED
Proximitty,,STARTUP,,,UNRESOLVED
Instinct,,STARTUP,,,UNRESOLVED
Stilta,,STARTUP,,,UNRESOLVED
Unisson,,STARTUP,,,UNRESOLVED
IncidentFox,,STARTUP,,,UNRESOLVED
Compresr,,STARTUP,,,UNRESOLVED
Opalite Health,,STARTUP,,,UNRESOLVED
Confluence Labs,AI21 Labs,STARTUP,fuzzy,85.5,RESOLVED
Rapidfolio,,STARTUP,,,UNRESOLVED
Mango Medical,,STARTUP,,,UNRESOLVED
Sponge,,STARTUP,,,UNRESOLVED
Terranox AI,Meta AI,STARTUP,fuzzy,85.5,RESOLVED
Drafted,,STARTUP,,,UNRESOLVED
Ventura,,STARTUP,,,UNRESOLVED
Q2Q,,STARTUP,,,UNRESOLVED
Orthogonal,,STARTUP,,,UNRESOLVED
Perfectly,,STARTUP,,,UNRESOLVED
Fern,,STARTUP,,,UNRESOLVED
Sparkles,,STARTUP,,,UNRESOLVED
EigenPal,,STARTUP,,,UNRESOLVED
Salus,,STARTUP,,,UNRESOLVED
Moritz,,STARTUP,,,UNRESOLVED
RamAIn,,STARTUP,,,UNRESOLVED
Milliray,,STARTUP,,,UNRESOLVED
Beyond Reach Labs,AI21 Labs,STARTUP,fuzzy,85.5,RESOLVED
OctaPulse,,STARTUP,,,UNRESOLVED
CodeWisp,,STARTUP,,,UNRESOLVED
Ashr,,STARTUP,,,UNRESOLVED
Aemon,,STARTUP,,,UNRESOLVED
Luel,,STARTUP,,,UNRESOLVED
Scheduling Wizard,,STARTUP,,,UNRESOLVED
RoboDock,,STARTUP,,,UNRESOLVED
Skillsync,,STARTUP,,,UNRESOLVED
MouseCat,,STARTUP,,,UNRESOLVED
Zatanna,,STARTUP,,,UNRESOLVED
AutoSitu,,STARTUP,,,UNRESOLVED
Verdex,,STARTUP,,,UNRESOLVED
Cumulus Labs,,STARTUP,,,UNRESOLVED
Tepali,,STARTUP,,,UNRESOLVED
Palus Finance,,STARTUP,,,UNRESOLVED
21st,,STARTUP,,,UNRESOLVED
Avoice,,STARTUP,,,UNRESOLVED
Kyten Technologies,,STARTUP,,,UNRESOLVED
ZeroSettle,,STARTUP,,,UNRESOLVED
/dev/fast,,STARTUP,,,UNRESOLVED
Cignara,,STARTUP,,,UNRESOLVED
OpenSpec,,STARTUP,,,UNRESOLVED
Piris Labs,,STARTUP,,,UNRESOLVED
CellType,,STARTUP,,,UNRESOLVED
Burt,,STARTUP,,,UNRESOLVED
Envariant,,STARTUP,,,UNRESOLVED
Cascade,,STARTUP,,,UNRESOLVED
Beacon Health,,STARTUP,,,UNRESOLVED
Strand AI,,STARTUP,,,UNRESOLVED
BaseFrame,,STARTUP,,,UNRESOLVED
Protent,,STARTUP,,,UNRESOLVED
Cofia,,STARTUP,,,UNRESOLVED
Fuchsia,,STARTUP,,,UNRESOLVED
LegalOS,,STARTUP,,,UNRESOLVED
Sentrial,,STARTUP,,,UNRESOLVED
10x Science,,STARTUP,,,UNRESOLVED
REV1,,STARTUP,,,UNRESOLVED
shortkit,,STARTUP,,,UNRESOLVED
Asimov,,STARTUP,,,UNRESOLVED
Lexius,,STARTUP,,,UNRESOLVED
Axis,,STARTUP,,,UNRESOLVED
Mirabelle,,STARTUP,,,UNRESOLVED
Docura Health,,STARTUP,,,UNRESOLVED
Lance,,STARTUP,,,UNRESOLVED
RunAnywhere,,STARTUP,,,UNRESOLVED
Lucent,,STARTUP,,,UNRESOLVED
"Prescience, Inc.",,STARTUP,,,UNRESOLVED
Ruma Care,,STARTUP,,,UNRESOLVED
Klaus AI,Stability AI,STARTUP,fuzzy,85.5,RESOLVED
Kita,,STARTUP,,,UNRESOLVED
Syntropy,,STARTUP,,,UNRESOLVED
One Robot,,STARTUP,,,UNRESOLVED
Didit,,STARTUP,,,UNRESOLVED
Panta,,STARTUP,,,UNRESOLVED
Imperfect,,STARTUP,,,UNRESOLVED
TrustAI,,STARTUP,,,UNRESOLVED
Payna,,STARTUP,,,UNRESOLVED
Origin,,STARTUP,,,UNRESOLVED
Clara,,STARTUP,,,UNRESOLVED
Hlabs,,STARTUP,,,UNRESOLVED
Eos AI,Mistral AI,STARTUP,fuzzy,85.5,RESOLVED
Valgo,,STARTUP,,,UNRESOLVED
ARC Prize Foundation,,STARTUP,,,UNRESOLVED
Corvera,,STARTUP,,,UNRESOLVED
FullSeam,,STARTUP,,,UNRESOLVED
Waddle Labs,,STARTUP,,,UNRESOLVED
Linzumi,,STARTUP,,,UNRESOLVED
Advanced Metal Research,,STARTUP,,,UNRESOLVED
Ploy,,STARTUP,,,UNRESOLVED
CatchBack Cards,,STARTUP,,,UNRESOLVED
Mantis,,STARTUP,,,UNRESOLVED
Haladir,,STARTUP,,,UNRESOLVED
ClaimGlide,,STARTUP,,,UNRESOLVED
Inviscid AI,Meta AI,STARTUP,fuzzy,85.5,RESOLVED
Coasts,,STARTUP,,,UNRESOLVED
Zephyr Fusion,,STARTUP,,,UNRESOLVED
Mayflower,,STARTUP,,,UNRESOLVED
Ndea,,STARTUP,,,UNRESOLVED
item,,STARTUP,,,UNRESOLVED
Crosslayer Labs,AI21 Labs,STARTUP,fuzzy,85.5,RESOLVED
Rivet,,STARTUP,,,UNRESOLVED
Openroll,,STARTUP,,,UNRESOLVED
Amika,,STARTUP,,,UNRESOLVED
Specific Labs,,STARTUP,,,UNRESOLVED
Moss,,STARTUP,,,UNRESOLVED
Zarna,,STARTUP,,,UNRESOLVED
MarkIt,,STARTUP,,,UNRESOLVED
Dome,,STARTUP,,,UNRESOLVED
Voltair,,STARTUP,,,UNRESOLVED
Clicks Health,,STARTUP,,,UNRESOLVED
Fastshot,,STARTUP,,,UNRESOLVED
Vector Legal,,STARTUP,,,UNRESOLVED
Antigen,,STARTUP,,,UNRESOLVED
LunaBill,,STARTUP,,,UNRESOLVED
Axial,,STARTUP,,,UNRESOLVED
Velvet,,STARTUP,,,UNRESOLVED
DiligenceSquared,,STARTUP,,,UNRESOLVED
Amera,,STARTUP,,,UNRESOLVED
Forge Robotics,,STARTUP,,,UNRESOLVED
Bluma,,STARTUP,,,UNRESOLVED
Lightberry,,STARTUP,,,UNRESOLVED
The Hog,,STARTUP,,,UNRESOLVED
Layers,,STARTUP,,,UNRESOLVED
Boom AI,Stability AI,STARTUP,fuzzy,85.5,RESOLVED
Freeport Markets,,STARTUP,,,UNRESOLVED
Miniswap,,STARTUP,,,UNRESOLVED
Rovi Health,,STARTUP,,,UNRESOLVED
MadeThis,,STARTUP,,,UNRESOLVED
General Astronautics,,STARTUP,,,UNRESOLVED
Jarmin,,STARTUP,,,UNRESOLVED
Exonic,,STARTUP,,,UNRESOLVED
Lemma,,STARTUP,,,UNRESOLVED
Perseus,,STARTUP,,,UNRESOLVED
Karumi,,STARTUP,,,UNRESOLVED
Icarus,,STARTUP,,,UNRESOLVED
Sava,,STARTUP,,,UNRESOLVED
TakeCareOS,,STARTUP,,,UNRESOLVED
Denki,,STARTUP,,,UNRESOLVED
Metorial,,STARTUP,,,UNRESOLVED
Kalpa Labs,,STARTUP,,,UNRESOLVED
Absurd,,STARTUP,,,UNRESOLVED
Clad Labs,,STARTUP,,,UNRESOLVED
Automax.ai,xAI,STARTUP,fuzzy,90.0,RESOLVED
Specific,,STARTUP,,,UNRESOLVED
Primer,,STARTUP,,,UNRESOLVED
Narrative,,STARTUP,,,UNRESOLVED
Crunched,,STARTUP,,,UNRESOLVED
Lua Global Inc,,STARTUP,,,UNRESOLVED
Philon,,STARTUP,,,UNRESOLVED
Sourcebot,,STARTUP,,,UNRESOLVED
Zalos,,STARTUP,,,UNRESOLVED
Prism,,STARTUP,,,UNRESOLVED
Aside,,STARTUP,,,UNRESOLVED
Scott AI,Stability AI,STARTUP,fuzzy,85.5,RESOLVED
Everest,,STARTUP,,,UNRESOLVED
Expected Parrot,,STARTUP,,,UNRESOLVED
Imagine AI,,STARTUP,,,UNRESOLVED
Anto Biosciences,,STARTUP,,,UNRESOLVED
Patent Watch,,STARTUP,,,UNRESOLVED
s2.dev,,STARTUP,,,UNRESOLVED
Tornyol,,STARTUP,,,UNRESOLVED
Nucleo,,STARTUP,,,UNRESOLVED
Leadbay,,STARTUP,,,UNRESOLVED
Pixley AI,,STARTUP,,,UNRESOLVED
Cortex AI,,STARTUP,,,UNRESOLVED
Sol,,STARTUP,,,UNRESOLVED
Thesis,,STARTUP,,,UNRESOLVED
Oxus,,STARTUP,,,UNRESOLVED
Play Health,,STARTUP,,,UNRESOLVED
Casey,,STARTUP,,,UNRESOLVED
Selfin,,STARTUP,,,UNRESOLVED
Compyle,,STARTUP,,,UNRESOLVED
Lexi,Perplexity AI,STARTUP,fuzzy,90.0,RESOLVED
Codyco,,STARTUP,,,UNRESOLVED
ComplyDo,,STARTUP,,,UNRESOLVED
Bravi,,STARTUP,,,UNRESOLVED
Rovr,,STARTUP,,,UNRESOLVED
FinalDose,,STARTUP,,,UNRESOLVED
Sunflower,,STARTUP,,,UNRESOLVED
Captain,,STARTUP,,,UNRESOLVED
Redapto,,STARTUP,,,UNRESOLVED
Helonic,,STARTUP,,,UNRESOLVED
Aleph Lab,,STARTUP,,,UNRESOLVED
Logical,,STARTUP,,,UNRESOLVED
Agentic Fabriq,,STARTUP,,,UNRESOLVED
Travo,,STARTUP,,,UNRESOLVED
Tensr,,STARTUP,,,UNRESOLVED
Kestrel AI,,STARTUP,,,UNRESOLVED
LogosGuard,,STARTUP,,,UNRESOLVED
Sciloop,,STARTUP,,,UNRESOLVED
Multifactor,,STARTUP,,,UNRESOLVED
Allus AI,Stability AI,STARTUP,fuzzy,85.5,RESOLVED
Unsiloed AI,Meta AI,STARTUP,fuzzy,85.5,RESOLVED
SF Tensor,,STARTUP,,,UNRESOLVED
AnswerThis,,STARTUP,,,UNRESOLVED
Terrain,,STARTUP,,,UNRESOLVED
Lakonia,,STARTUP,,,UNRESOLVED
SellRaze,,STARTUP,,,UNRESOLVED
Clerked,,STARTUP,,,UNRESOLVED
Semble AI,,STARTUP,,,UNRESOLVED
Flick,,STARTUP,,,UNRESOLVED
hillclimb,,STARTUP,,,UNRESOLVED
AtlasGrid,,STARTUP,,,UNRESOLVED
Wardstone,,STARTUP,,,UNRESOLVED
Nessie,,STARTUP,,,UNRESOLVED
Hypercubic,,STARTUP,,,UNRESOLVED
Cranston AI,Meta AI,STARTUP,fuzzy,85.5,RESOLVED
Trelium,,STARTUP,,,UNRESOLVED
Velum Labs,,STARTUP,,,UNRESOLVED
Veria Labs,,STARTUP,,,UNRESOLVED
Minro,,STARTUP,,,UNRESOLVED
Tell if AI,,STARTUP,,,UNRESOLVED
Bron,,STARTUP,,,UNRESOLVED
Koyal,,STARTUP,,,UNRESOLVED
Kaigo Health,,STARTUP,,,UNRESOLVED
Norra,,STARTUP,,,UNRESOLVED
Soren,,STARTUP,,,UNRESOLVED
Lunavo,,STARTUP,,,UNRESOLVED
dari.dev,,STARTUP,,,UNRESOLVED
The Context Company,,STARTUP,,,UNRESOLVED
Sorce,,STARTUP,,,UNRESOLVED
Caddy,,STARTUP,,,UNRESOLVED
Alt-X,,STARTUP,,,UNRESOLVED
Locus,,STARTUP,,,UNRESOLVED
Deeptrace,,STARTUP,,,UNRESOLVED
Aspect,,STARTUP,,,UNRESOLVED
Scoop,,STARTUP,,,UNRESOLVED
Hyperspell,,STARTUP,,,UNRESOLVED
Bolna AI,Stability AI,STARTUP,fuzzy,85.5,RESOLVED
Nexus,,STARTUP,,,UNRESOLVED
Sylvian,,STARTUP,,,UNRESOLVED
Zavo,,STARTUP,,,UNRESOLVED
MOVEdot,,STARTUP,,,UNRESOLVED
Parrot,,STARTUP,,,UNRESOLVED
Brickwise,,STARTUP,,,UNRESOLVED
Parse,,STARTUP,,,UNRESOLVED
Structured AI,Meta AI,STARTUP,fuzzy,85.5,RESOLVED
Uplane,,STARTUP,,,UNRESOLVED
AirCaps,,STARTUP,,,UNRESOLVED
Brickanta,,STARTUP,,,UNRESOLVED
F2,,STARTUP,,,UNRESOLVED
Remedy,,STARTUP,,,UNRESOLVED
Semiotic,,STARTUP,,,UNRESOLVED
Lapis,,STARTUP,,,UNRESOLVED
Efference,,STARTUP,,,UNRESOLVED
Nox Metals,,STARTUP,,,UNRESOLVED
Digipals,,STARTUP,,,UNRESOLVED
Blue,,STARTUP,,,UNRESOLVED
Mixy,,STARTUP,,,UNRESOLVED
Paloma,,STARTUP,,,UNRESOLVED
Uplift AI,,STARTUP,,,UNRESOLVED
RealRoots,,STARTUP,,,UNRESOLVED
Luminal,,STARTUP,,,UNRESOLVED
Freya,,STARTUP,,,UNRESOLVED
burnt,,STARTUP,,,UNRESOLVED
Avent,,STARTUP,,,UNRESOLVED
Ruvo,,STARTUP,,,UNRESOLVED
Veritus,,STARTUP,,,UNRESOLVED
Sapien,,STARTUP,,,UNRESOLVED
NOSO LABS,,STARTUP,,,UNRESOLVED
Vulcan Technologies,,STARTUP,,,UNRESOLVED
Bizzy AI,Stability AI,STARTUP,fuzzy,85.5,RESOLVED
Spotlight Realty,,STARTUP,,,UNRESOLVED
Interfere,,STARTUP,,,UNRESOLVED
Munify,,STARTUP,,,UNRESOLVED
RowFlow,,STARTUP,,,UNRESOLVED
TectoAI,,STARTUP,,,UNRESOLVED
Duranium,,STARTUP,,,UNRESOLVED
Smartbase,,STARTUP,,,UNRESOLVED
Perspectives Health,,STARTUP,,,UNRESOLVED
Modelence,,STARTUP,,,UNRESOLVED
Magnetic,,STARTUP,,,UNRESOLVED
Fleetline,,STARTUP,,,UNRESOLVED
CLODO,,STARTUP,,,UNRESOLVED
stagewise,,STARTUP,,,UNRESOLVED
Flywheel AI,Meta AI,STARTUP,fuzzy,85.5,RESOLVED
Button Computer,,STARTUP,,,UNRESOLVED
Juxta,,STARTUP,,,UNRESOLVED
Okibi,,STARTUP,,,UNRESOLVED
Vorelios,,STARTUP,,,UNRESOLVED
twentyfour26,,STARTUP,,,UNRESOLVED
Forward,,STARTUP,,,UNRESOLVED
Qokedas,,STARTUP,,,UNRESOLVED
Simulithic,,STARTUP,,,UNRESOLVED
herdr,,STARTUP,,,UNRESOLVED
Lambda Robotics,,STARTUP,,,UNRESOLVED
Conifer,,STARTUP,,,UNRESOLVED
Simantic,,STARTUP,,,UNRESOLVED
Experiential Labs,AI21 Labs,STARTUP,fuzzy,85.5,RESOLVED
Edviro,,STARTUP,,,UNRESOLVED
Coasty,,STARTUP,,,UNRESOLVED
Caution,,STARTUP,,,UNRESOLVED
Atomarine,,STARTUP,,,UNRESOLVED
Billow AI Labs,Meta AI,STARTUP,fuzzy,85.5,RESOLVED
hardware intelligence,,STARTUP,,,UNRESOLVED
Osseus,,STARTUP,,,UNRESOLVED
Salem Robotics Inc,,STARTUP,,,UNRESOLVED
Robocurve,,STARTUP,,,UNRESOLVED
hiloop,,STARTUP,,,UNRESOLVED
Dawn Industries,,STARTUP,,,UNRESOLVED
Nex,,STARTUP,,,UNRESOLVED
OneCLI,,STARTUP,,,UNRESOLVED
Wondering,,STARTUP,,,UNRESOLVED
Tracer,,STARTUP,,,UNRESOLVED
Amulet,,STARTUP,,,UNRESOLVED
Avoca Systems,,STARTUP,,,UNRESOLVED
SubVysion,,STARTUP,,,UNRESOLVED
"SpaceFlow Technologies, Inc.",,STARTUP,,,UNRESOLVED
Petrarch,,STARTUP,,,UNRESOLVED
Locke,,STARTUP,,,UNRESOLVED
Florin,,STARTUP,,,UNRESOLVED
Earendil Robotics,,STARTUP,,,UNRESOLVED
Hebbian Robotics,,STARTUP,,,UNRESOLVED
Hop Aero,,STARTUP,,,UNRESOLVED
Agent FM,,STARTUP,,,UNRESOLVED
OpenRelay,,STARTUP,,,UNRESOLVED
Dock,,STARTUP,,,UNRESOLVED
Verdict Machine,,STARTUP,,,UNRESOLVED
HyperProbe,,STARTUP,,,UNRESOLVED
Grip,,STARTUP,,,UNRESOLVED
Skymerse,,STARTUP,,,UNRESOLVED
Hubble,,STARTUP,,,UNRESOLVED
Palisade,,STARTUP,,,UNRESOLVED
83 Sciences,,STARTUP,,,UNRESOLVED
Chromie,,STARTUP,,,UNRESOLVED
Lamb Labs,,STARTUP,,,UNRESOLVED
Mireye,,STARTUP,,,UNRESOLVED
Derya,,STARTUP,,,UNRESOLVED
Decawork,,STARTUP,,,UNRESOLVED
CarSignal,,STARTUP,,,UNRESOLVED
Axelrod,,STARTUP,,,UNRESOLVED
Levocred AI,Meta AI,STARTUP,fuzzy,85.5,RESOLVED
Praxis AI,,STARTUP,,,UNRESOLVED
Care GP,,STARTUP,,,UNRESOLVED
Radley,,STARTUP,,,UNRESOLVED
Agnost AI,,STARTUP,,,UNRESOLVED
Agentcard,,STARTUP,,,UNRESOLVED
ProvenMetal,,STARTUP,,,UNRESOLVED
Gamgee,,STARTUP,,,UNRESOLVED
Inkbox,,STARTUP,,,UNRESOLVED
Operon,,STARTUP,,,UNRESOLVED
Cosmic Robotics,,STARTUP,,,UNRESOLVED
Markov,,STARTUP,,,UNRESOLVED
Lumeria,,STARTUP,,,UNRESOLVED
Marengo,,STARTUP,,,UNRESOLVED
RonanRx Inc.,,STARTUP,,,UNRESOLVED
Executor,,STARTUP,,,UNRESOLVED
Last Accounting Company,,STARTUP,,,UNRESOLVED
Pacific,,STARTUP,,,UNRESOLVED
Luca IQ,,STARTUP,,,UNRESOLVED
Financial Datasets,,STARTUP,,,UNRESOLVED
Computable,,STARTUP,,,UNRESOLVED
Denta,,STARTUP,,,UNRESOLVED
Isengard Industries Inc,,STARTUP,,,UNRESOLVED
Ekho Labs,,STARTUP,,,UNRESOLVED
Vestris,,STARTUP,,,UNRESOLVED
Ultrasonium,,STARTUP,,,UNRESOLVED
Arbital,,STARTUP,,,UNRESOLVED
PokerClubHub,,STARTUP,,,UNRESOLVED
Neuron Industries,,STARTUP,,,UNRESOLVED
Neuromorphic,,STARTUP,,,UNRESOLVED
LATO,,STARTUP,,,UNRESOLVED
Risklytics,,STARTUP,,,UNRESOLVED
Daqstra,,STARTUP,,,UNRESOLVED
Qlo,,STARTUP,,,UNRESOLVED
Fabraix,,STARTUP,,,UNRESOLVED
Omanta,,STARTUP,,,UNRESOLVED
Rational,,STARTUP,,,UNRESOLVED
Aktoria Robotics,,STARTUP,,,UNRESOLVED
Vendo,,STARTUP,,,UNRESOLVED
Click,,STARTUP,,,UNRESOLVED
Whitespace,,STARTUP,,,UNRESOLVED
Orvixo,,STARTUP,,,UNRESOLVED
Almanac,,STARTUP,,,UNRESOLVED
TareBio,,STARTUP,,,UNRESOLVED
Greypoint Industries,,STARTUP,,,UNRESOLVED
Graphify Labs,,STARTUP,,,UNRESOLVED
Ooak Data,,STARTUP,,,UNRESOLVED
Nori,,STARTUP,,,UNRESOLVED
6thSense,,STARTUP,,,UNRESOLVED
Bloomy,,STARTUP,,,UNRESOLVED
machine0,,STARTUP,,,UNRESOLVED
Pluto,,STARTUP,,,UNRESOLVED
FlowManual,,STARTUP,,,UNRESOLVED
Stratum Industries,,STARTUP,,,UNRESOLVED
Peer,,STARTUP,,,UNRESOLVED
Molagri,,STARTUP,,,UNRESOLVED
Cerenovus,,STARTUP,,,UNRESOLVED
Agency Tool Company,,STARTUP,,,UNRESOLVED
Standard Machines,,STARTUP,,,UNRESOLVED
Traceforce,,STARTUP,,,UNRESOLVED
Definite,,STARTUP,,,UNRESOLVED
Alkera AI,,STARTUP,,,UNRESOLVED
Rasyn,,STARTUP,,,UNRESOLVED
Manifold,,STARTUP,,,UNRESOLVED
screenpipe,,STARTUP,,,UNRESOLVED
Zaplar,,STARTUP,,,UNRESOLVED
Prodigy Research,,STARTUP,,,UNRESOLVED
Touchmark,,STARTUP,,,UNRESOLVED
Exosat,,STARTUP,,,UNRESOLVED
Codag,,STARTUP,,,UNRESOLVED
Context.dev,,STARTUP,,,UNRESOLVED
Glen,Glean,STARTUP,fuzzy,88.88888888888889,RESOLVED
Stoa,,STARTUP,,,UNRESOLVED
Marble,,STARTUP,,,UNRESOLVED
Audun,,STARTUP,,,UNRESOLVED
COACH,,STARTUP,,,UNRESOLVED
Alloovium,,STARTUP,,,UNRESOLVED
Dialogus,,STARTUP,,,UNRESOLVED
Mosaic,,STARTUP,,,UNRESOLVED
Bizmark,,STARTUP,,,UNRESOLVED
Riften,,STARTUP,,,UNRESOLVED
Buildbox,,STARTUP,,,UNRESOLVED
RealPact,,STARTUP,,,UNRESOLVED
GUILD,,STARTUP,,,UNRESOLVED
Floracene,,STARTUP,,,UNRESOLVED
Rise Reforming,,STARTUP,,,UNRESOLVED
Instaplay,,STARTUP,,,UNRESOLVED
Verdant,,STARTUP,,,UNRESOLVED
IMPACT Drones,,STARTUP,,,UNRESOLVED
Insurf,,STARTUP,,,UNRESOLVED
Jcode,,STARTUP,,,UNRESOLVED
LemonLime,,STARTUP,,,UNRESOLVED
Gutgutgoose,,STARTUP,,,UNRESOLVED
Speko,,STARTUP,,,UNRESOLVED
Synapse Semiconductor,,STARTUP,,,UNRESOLVED
Understudy Labs,AI21 Labs,STARTUP,fuzzy,85.5,RESOLVED
Rote,,STARTUP,,,UNRESOLVED
Prized,,STARTUP,,,UNRESOLVED
Maingen,,STARTUP,,,UNRESOLVED
Enact,,STARTUP,,,UNRESOLVED
Rex,,STARTUP,,,UNRESOLVED
Zomma,,STARTUP,,,UNRESOLVED
Nebula Security,,STARTUP,,,UNRESOLVED
Kara,,STARTUP,,,UNRESOLVED
Trope,,STARTUP,,,UNRESOLVED
Parasma,,STARTUP,,,UNRESOLVED
Belvedir,,STARTUP,,,UNRESOLVED
Shielded,,STARTUP,,,UNRESOLVED
Olam Labs,,STARTUP,,,UNRESOLVED
Egoist Machines,,STARTUP,,,UNRESOLVED
Perceptron ML,,STARTUP,,,UNRESOLVED
Erinys,,STARTUP,,,UNRESOLVED
HERA,,STARTUP,,,UNRESOLVED
Donkey,,STARTUP,,,UNRESOLVED
OpenTrade,,STARTUP,,,UNRESOLVED
Hoplite,,STARTUP,,,UNRESOLVED
Pango,,STARTUP,,,UNRESOLVED
tash,,STARTUP,,,UNRESOLVED
Torus,,STARTUP,,,UNRESOLVED
Kebra,,STARTUP,,,UNRESOLVED
GitCafe,,STARTUP,,,UNRESOLVED
RightNow,,STARTUP,,,UNRESOLVED
Akkari,,STARTUP,,,UNRESOLVED
HeyClicky,,STARTUP,,,UNRESOLVED
Rindler,,STARTUP,,,UNRESOLVED
Proprio Robotics,,STARTUP,,,UNRESOLVED
Huscarl,,STARTUP,,,UNRESOLVED
Thomas,,STARTUP,,,UNRESOLVED
Cohesion,,STARTUP,,,UNRESOLVED
Maquoketa Research,,STARTUP,,,UNRESOLVED
Intelligence Factory,,STARTUP,,,UNRESOLVED
Amorphic Labs,,STARTUP,,,UNRESOLVED
rekursiv.ai,,STARTUP,,,UNRESOLVED
Clawvisor,,STARTUP,,,UNRESOLVED
Framewise Health,,STARTUP,,,UNRESOLVED
Arctic Health,,STARTUP,,,UNRESOLVED
Playabl.ai,,STARTUP,,,UNRESOLVED
Enjamb Labs,,STARTUP,,,UNRESOLVED
Hyper,,STARTUP,,,UNRESOLVED
InsForge,,STARTUP,,,UNRESOLVED
ReasonBlocks,,STARTUP,,,UNRESOLVED
Modern,,STARTUP,,,UNRESOLVED
Panacea,,STARTUP,,,UNRESOLVED
CentralComs,,STARTUP,,,UNRESOLVED
KugelAudio,Udio,STARTUP,fuzzy,90.0,RESOLVED
Klaimee,,STARTUP,,,UNRESOLVED
flowscope,,STARTUP,,,UNRESOLVED
Trident,,STARTUP,,,UNRESOLVED
Gigacatalyst,,STARTUP,,,UNRESOLVED
Arlo Industries,,STARTUP,,,UNRESOLVED
Astraea,,STARTUP,,,UNRESOLVED
Lattice Health,,STARTUP,,,UNRESOLVED
Atlas Discovery,,STARTUP,,,UNRESOLVED
Manicule,,STARTUP,,,UNRESOLVED
Avea Robotics,,STARTUP,,,UNRESOLVED
Mochatrade,,STARTUP,,,UNRESOLVED
Asendia AI,,STARTUP,,,UNRESOLVED
Revnu,,STARTUP,,,UNRESOLVED
Uno Wallet,,STARTUP,,,UNRESOLVED
Arden,,STARTUP,,,UNRESOLVED
AgentPhone,,STARTUP,,,UNRESOLVED
Gravy,,STARTUP,,,UNRESOLVED
Kinect,,STARTUP,,,UNRESOLVED
Runtime,,STARTUP,,,UNRESOLVED
YouArt,,STARTUP,,,UNRESOLVED
Expanse,,STARTUP,,,UNRESOLVED
CharacterQuilt,,STARTUP,,,UNRESOLVED
Pentagon,,STARTUP,,,UNRESOLVED
Arzana,,STARTUP,,,UNRESOLVED
Auxos,,STARTUP,,,UNRESOLVED
ProjectX,,STARTUP,,,UNRESOLVED
Tolmo,,STARTUP,,,UNRESOLVED
OpenWork,,STARTUP,,,UNRESOLVED
"Apollo Atomics, Inc.",,STARTUP,,,UNRESOLVED
General Aviation,,STARTUP,,,UNRESOLVED
OpenProse,,STARTUP,,,UNRESOLVED
Aster,,STARTUP,,,UNRESOLVED
Amboras,,STARTUP,,,UNRESOLVED
Hessian,,STARTUP,,,UNRESOLVED
RASPIRE,,STARTUP,,,UNRESOLVED
Plena Health,,STARTUP,,,UNRESOLVED
TesterArmy,,STARTUP,,,UNRESOLVED
Eden Robotics,,STARTUP,,,UNRESOLVED
Foaster,,STARTUP,,,UNRESOLVED
AquaShield,,STARTUP,,,UNRESOLVED
Ornadyne,,STARTUP,,,UNRESOLVED
ANORIA,,STARTUP,,,UNRESOLVED
AbInitio Bio,,STARTUP,,,UNRESOLVED
Memory Store,,STARTUP,,,UNRESOLVED
Saudara AI,,STARTUP,,,UNRESOLVED
Pops,,STARTUP,,,UNRESOLVED
Silmaril,,STARTUP,,,UNRESOLVED
BioStack Platforms,,STARTUP,,,UNRESOLVED
Ardent,,STARTUP,,,UNRESOLVED
Kuli,,STARTUP,,,UNRESOLVED
Wato,,STARTUP,,,UNRESOLVED
Tasklet,,STARTUP,,,UNRESOLVED
Chronicle Labs,AI21 Labs,STARTUP,fuzzy,85.5,RESOLVED
Walter,,STARTUP,,,UNRESOLVED
Aseon Labs,,STARTUP,,,UNRESOLVED
Soria,,STARTUP,,,UNRESOLVED
Armature,,STARTUP,,,UNRESOLVED
Collar,,STARTUP,,,UNRESOLVED
PLAN0 AI,Stability AI,STARTUP,fuzzy,85.5,RESOLVED
Zibra Labs,,STARTUP,,,UNRESOLVED
Ara,Character.ai,STARTUP,fuzzy,90.0,RESOLVED
ValCtrl,,STARTUP,,,UNRESOLVED
General Instinct,,STARTUP,,,UNRESOLVED
tday.com,,STARTUP,,,UNRESOLVED
ED1TH,,STARTUP,,,UNRESOLVED
Minicor,,STARTUP,,,UNRESOLVED
Degla Inc,,STARTUP,,,UNRESOLVED
Archer,,STARTUP,,,UNRESOLVED
River Markets,,STARTUP,,,UNRESOLVED
smol machines,,STARTUP,,,UNRESOLVED
Allowance,,STARTUP,,,UNRESOLVED
Harbor,,STARTUP,,,UNRESOLVED
Alchemize,,STARTUP,,,UNRESOLVED
Complir,,STARTUP,,,UNRESOLVED
AICE,,STARTUP,,,UNRESOLVED
Infera,,STARTUP,,,UNRESOLVED
Mount,,STARTUP,,,UNRESOLVED
Parrot,,STARTUP,,,UNRESOLVED
Result,,STARTUP,,,UNRESOLVED
Sidekick,,STARTUP,,,UNRESOLVED
Prototyping.io,,STARTUP,,,UNRESOLVED
Lumius,,STARTUP,,,UNRESOLVED
Adialante,,STARTUP,,,UNRESOLVED
Savant,,STARTUP,,,UNRESOLVED
Keyframe Labs,,STARTUP,,,UNRESOLVED
Voquill,,STARTUP,,,UNRESOLVED
Oddpool,,STARTUP,,,UNRESOLVED
Ontora,,STARTUP,,,UNRESOLVED
Napkin Math,,STARTUP,,,UNRESOLVED
Gojiberry AI,Meta AI,STARTUP,fuzzy,85.5,RESOLVED
Lab0,,STARTUP,,,UNRESOLVED
BentoLabs AI,Meta AI,STARTUP,fuzzy,85.5,RESOLVED
Lamina Labs,,STARTUP,,,UNRESOLVED
Kimpton AI,,STARTUP,,,UNRESOLVED
StableBrowse,,STARTUP,,,UNRESOLVED
Taiga,,STARTUP,,,UNRESOLVED
Pairio,,STARTUP,,,UNRESOLVED
Callab AI,,STARTUP,,,UNRESOLVED
Synphony,,STARTUP,,,UNRESOLVED
Dreach,,STARTUP,,,UNRESOLVED
Arga Labs,,STARTUP,,,UNRESOLVED
Andco,,STARTUP,,,UNRESOLVED
RentAHuman,,STARTUP,,,UNRESOLVED
InstaAgent,,STARTUP,,,UNRESOLVED
Salesgraph,,STARTUP,,,UNRESOLVED
Sherpa,,STARTUP,,,UNRESOLVED
Userlens,,STARTUP,,,UNRESOLVED
transload,,STARTUP,,,UNRESOLVED
Standout,,STARTUP,,,UNRESOLVED
shotwell.ai,,STARTUP,,,UNRESOLVED
Madrone,,STARTUP,,,UNRESOLVED
Pavoot,,STARTUP,,,UNRESOLVED
qomplement,,STARTUP,,,UNRESOLVED
Deep Interactions,,STARTUP,,,UNRESOLVED
KelAI,,STARTUP,,,UNRESOLVED
"HEVN, inc",,STARTUP,,,UNRESOLVED
Wealor,,STARTUP,,,UNRESOLVED
Elyra,,STARTUP,,,UNRESOLVED
Interfaze,,STARTUP,,,UNRESOLVED
Zolvo,,STARTUP,,,UNRESOLVED
Juno,,STARTUP,,,UNRESOLVED
Kinro,,STARTUP,,,UNRESOLVED
GovGuard,,STARTUP,,,UNRESOLVED
Superlog,,STARTUP,,,UNRESOLVED
GodHands,,STARTUP,,,UNRESOLVED
Limrun,,STARTUP,,,UNRESOLVED
Light Anchor,,STARTUP,,,UNRESOLVED
Hub,,STARTUP,,,UNRESOLVED
Tenet Industries,,STARTUP,,,UNRESOLVED
Atrisa,,STARTUP,,,UNRESOLVED
Trellis,,STARTUP,,,UNRESOLVED
The Company Company,Together AI,STARTUP,fuzzy,90.0,RESOLVED
Dayjob,,STARTUP,,,UNRESOLVED
InLoop Robotics,,STARTUP,,,UNRESOLVED
Zenbu,,STARTUP,,,UNRESOLVED
Andustry,,STARTUP,,,UNRESOLVED
Nine Fives,,STARTUP,,,UNRESOLVED
Incandor,,STARTUP,,,UNRESOLVED
Chert,,STARTUP,,,UNRESOLVED
Saffron,,STARTUP,,,UNRESOLVED
Discovered Materials,,STARTUP,,,UNRESOLVED
Lightsprint,,STARTUP,,,UNRESOLVED
Twolabs,,STARTUP,,,UNRESOLVED
Scope,,STARTUP,,,UNRESOLVED
Hexa,,STARTUP,,,UNRESOLVED
Palette,,STARTUP,,,UNRESOLVED
Rudus,,STARTUP,,,UNRESOLVED
Replicas,,STARTUP,,,UNRESOLVED
Totalis,,STARTUP,,,UNRESOLVED
WithAI,,STARTUP,,,UNRESOLVED
Osmaura,,STARTUP,,,UNRESOLVED
Instance,,STARTUP,,,UNRESOLVED
Illume Labs,,STARTUP,,,UNRESOLVED
Memoir,,STARTUP,,,UNRESOLVED
"PerfectBit, Inc.",,STARTUP,,,UNRESOLVED
Stage,,STARTUP,,,UNRESOLVED
Standard Signal,,STARTUP,,,UNRESOLVED
primitive,,STARTUP,,,UNRESOLVED
afterfive,,STARTUP,,,UNRESOLVED
Klarify,,STARTUP,,,UNRESOLVED
Surtr Defense Systems,,STARTUP,,,UNRESOLVED
Hedge,,STARTUP,,,UNRESOLVED
Cardinal,,STARTUP,,,UNRESOLVED
Wideframe,,STARTUP,,,UNRESOLVED
Martini,,STARTUP,,,UNRESOLVED
Litmus,,STARTUP,,,UNRESOLVED
Condor Energy,,STARTUP,,,UNRESOLVED
Remix,,STARTUP,,,UNRESOLVED
OpenVector,,STARTUP,,,UNRESOLVED
Shofo,,STARTUP,,,UNRESOLVED
Wayco,,STARTUP,,,UNRESOLVED
"Applied Electrodynamics, Inc.",,STARTUP,,,UNRESOLVED
Unifold,,STARTUP,,,UNRESOLVED
Carrot Labs,,STARTUP,,,UNRESOLVED
Dispatch,,STARTUP,,,UNRESOLVED
Bloom,,STARTUP,,,UNRESOLVED
Aurorin CAD,,STARTUP,,,UNRESOLVED
Fixture,,STARTUP,,,UNRESOLVED
DAIVIN!,,STARTUP,,,UNRESOLVED
Brumby (Formerly GrazeMate),,STARTUP,,,UNRESOLVED
Origami Robotics,,STARTUP,,,UNRESOLVED
Ossus,,STARTUP,,,UNRESOLVED
Rubric AI,,STARTUP,,,UNRESOLVED
Regbase,,STARTUP,,,UNRESOLVED
Zymbly,,STARTUP,,,UNRESOLVED
Ritivel,,STARTUP,,,UNRESOLVED
Polymorph,,STARTUP,,,UNRESOLVED
Khotan (formerly Pollinate),,STARTUP,,,UNRESOLVED
SpotPay,,STARTUP,,,UNRESOLVED
Poth Labs,,STARTUP,,,UNRESOLVED
VOYGR,,STARTUP,,,UNRESOLVED
MochaCare,,STARTUP,,,UNRESOLVED
Cova,,STARTUP,,,UNRESOLVED
Vela,,STARTUP,,,UNRESOLVED
Supafax,,STARTUP,,,UNRESOLVED
Talking Computers,,STARTUP,,,UNRESOLVED
Control Seat,,STARTUP,,,UNRESOLVED
Copperlane,,STARTUP,,,UNRESOLVED
Tsenta,,STARTUP,,,UNRESOLVED
Atlia,,STARTUP,,,UNRESOLVED
Canary,,STARTUP,,,UNRESOLVED
Grade,,STARTUP,,,UNRESOLVED
Sila,,STARTUP,,,UNRESOLVED
Maven,,STARTUP,,,UNRESOLVED
Moda,,STARTUP,,,UNRESOLVED
The Token Company,,STARTUP,,,UNRESOLVED
BeeSafe AI,,STARTUP,,,UNRESOLVED
Fed10,,STARTUP,,,UNRESOLVED
Inth,,STARTUP,,,UNRESOLVED
Squid,,STARTUP,,,UNRESOLVED
Crow,,STARTUP,,,UNRESOLVED
Foreman,,STARTUP,,,UNRESOLVED
Booko,,STARTUP,,,UNRESOLVED
Corelayer,,STARTUP,,,UNRESOLVED
General Legal,,STARTUP,,,UNRESOLVED
Fort,,STARTUP,,,UNRESOLVED
Balance,,STARTUP,,,UNRESOLVED
Ekpa,,STARTUP,,,UNRESOLVED
Chasi,,STARTUP,,,UNRESOLVED
Anchorhead,,STARTUP,,,UNRESOLVED
o11,,STARTUP,,,UNRESOLVED
Doomersion,,STARTUP,,,UNRESOLVED
Sequence Markets,,STARTUP,,,UNRESOLVED
Libra Robotics,,STARTUP,,,UNRESOLVED
Ditto Biosciences,,STARTUP,,,UNRESOLVED
Servo7,,STARTUP,,,UNRESOLVED
Datoric,,STARTUP,,,UNRESOLVED
Superset,,STARTUP,,,UNRESOLVED
Netter,,STARTUP,,,UNRESOLVED
Voxel Energy,,STARTUP,,,UNRESOLVED
Polymath,,STARTUP,,,UNRESOLVED
Archal,,STARTUP,,,UNRESOLVED
Bubble Lab,,STARTUP,,,UNRESOLVED
Pocket,,STARTUP,,,UNRESOLVED
Byteport,,STARTUP,,,UNRESOLVED
Constellation Space,,STARTUP,,,UNRESOLVED
Sazabi,,STARTUP,,,UNRESOLVED
Mendral,,STARTUP,,,UNRESOLVED
AxionOrbital Space,,STARTUP,,,UNRESOLVED
Oximy,,STARTUP,,,UNRESOLVED
Caretta,,STARTUP,,,UNRESOLVED
Samora AI,,STARTUP,,,UNRESOLVED
Human Archive,,STARTUP,,,UNRESOLVED
Forum,,STARTUP,,,UNRESOLVED
Sitefire,,STARTUP,,,UNRESOLVED
Robby,,STARTUP,,,UNRESOLVED
Ressl AI,Stability AI,STARTUP,fuzzy,85.5,RESOLVED
Emdash,,STARTUP,,,UNRESOLVED
InventoryQuant,,STARTUP,,,UNRESOLVED
Congruent,,STARTUP,,,UNRESOLVED
Reframe,,STARTUP,,,UNRESOLVED
Valence,,STARTUP,,,UNRESOLVED
9 Mothers,,STARTUP,,,UNRESOLVED
Approxima,,STARTUP,,,UNRESOLVED
Traverse,,STARTUP,,,UNRESOLVED
Revion,,STARTUP,,,UNRESOLVED
Maywood,,STARTUP,,,UNRESOLVED
Fenrock AI,,STARTUP,,,UNRESOLVED
End Close,,STARTUP,,,UNRESOLVED
Chamber,,STARTUP,,,UNRESOLVED
Assemble,,STARTUP,,,UNRESOLVED
Patientdesk.ai,,STARTUP,,,UNRESOLVED
Visibl Semiconductors,,STARTUP,,,UNRESOLVED
Synthetic Sciences,,STARTUP,,,UNRESOLVED
Seeing Systems,,STARTUP,,,UNRESOLVED
Jinba,,STARTUP,,,UNRESOLVED
Cardboard,,STARTUP,,,UNRESOLVED
Prana,,STARTUP,,,UNRESOLVED
Rhizome AI,,STARTUP,,,UNRESOLVED
Pax Historia,,STARTUP,,,UNRESOLVED
Parameter (fka Hex Security),,STARTUP,,,UNRESOLVED
Laurence,,STARTUP,,,UNRESOLVED
Terminal Use,,STARTUP,,,UNRESOLVED
Overshoot,,STARTUP,,,UNRESOLVED
Cajal,,STARTUP,,,UNRESOLVED
Proximitty,,STARTUP,,,UNRESOLVED
Instinct,,STARTUP,,,UNRESOLVED
Stilta,,STARTUP,,,UNRESOLVED
Unisson,,STARTUP,,,UNRESOLVED
IncidentFox,,STARTUP,,,UNRESOLVED
Compresr,,STARTUP,,,UNRESOLVED
Opalite Health,,STARTUP,,,UNRESOLVED
Confluence Labs,AI21 Labs,STARTUP,fuzzy,85.5,RESOLVED
Rapidfolio,,STARTUP,,,UNRESOLVED
Mango Medical,,STARTUP,,,UNRESOLVED
Sponge,,STARTUP,,,UNRESOLVED
Terranox AI,Meta AI,STARTUP,fuzzy,85.5,RESOLVED
Drafted,,STARTUP,,,UNRESOLVED
Ventura,,STARTUP,,,UNRESOLVED
Q2Q,,STARTUP,,,UNRESOLVED
Orthogonal,,STARTUP,,,UNRESOLVED
Perfectly,,STARTUP,,,UNRESOLVED
Fern,,STARTUP,,,UNRESOLVED
Sparkles,,STARTUP,,,UNRESOLVED
EigenPal,,STARTUP,,,UNRESOLVED
Salus,,STARTUP,,,UNRESOLVED
Moritz,,STARTUP,,,UNRESOLVED
RamAIn,,STARTUP,,,UNRESOLVED
Milliray,,STARTUP,,,UNRESOLVED
Beyond Reach Labs,AI21 Labs,STARTUP,fuzzy,85.5,RESOLVED
OctaPulse,,STARTUP,,,UNRESOLVED
CodeWisp,,STARTUP,,,UNRESOLVED
Ashr,,STARTUP,,,UNRESOLVED
Aemon,,STARTUP,,,UNRESOLVED
Luel,,STARTUP,,,UNRESOLVED
Scheduling Wizard,,STARTUP,,,UNRESOLVED
RoboDock,,STARTUP,,,UNRESOLVED
Skillsync,,STARTUP,,,UNRESOLVED
MouseCat,,STARTUP,,,UNRESOLVED
Zatanna,,STARTUP,,,UNRESOLVED
AutoSitu,,STARTUP,,,UNRESOLVED
Verdex,,STARTUP,,,UNRESOLVED
Cumulus Labs,,STARTUP,,,UNRESOLVED
Tepali,,STARTUP,,,UNRESOLVED
Palus Finance,,STARTUP,,,UNRESOLVED
21st,,STARTUP,,,UNRESOLVED
Avoice,,STARTUP,,,UNRESOLVED
Kyten Technologies,,STARTUP,,,UNRESOLVED
ZeroSettle,,STARTUP,,,UNRESOLVED
/dev/fast,,STARTUP,,,UNRESOLVED
Cignara,,STARTUP,,,UNRESOLVED
OpenSpec,,STARTUP,,,UNRESOLVED
Piris Labs,,STARTUP,,,UNRESOLVED
CellType,,STARTUP,,,UNRESOLVED
Burt,,STARTUP,,,UNRESOLVED
Envariant,,STARTUP,,,UNRESOLVED
Cascade,,STARTUP,,,UNRESOLVED
Beacon Health,,STARTUP,,,UNRESOLVED
Strand AI,,STARTUP,,,UNRESOLVED
BaseFrame,,STARTUP,,,UNRESOLVED
Protent,,STARTUP,,,UNRESOLVED
Cofia,,STARTUP,,,UNRESOLVED
Fuchsia,,STARTUP,,,UNRESOLVED
LegalOS,,STARTUP,,,UNRESOLVED
Sentrial,,STARTUP,,,UNRESOLVED
10x Science,,STARTUP,,,UNRESOLVED
REV1,,STARTUP,,,UNRESOLVED
shortkit,,STARTUP,,,UNRESOLVED
Asimov,,STARTUP,,,UNRESOLVED
Lexius,,STARTUP,,,UNRESOLVED
Axis,,STARTUP,,,UNRESOLVED
Mirabelle,,STARTUP,,,UNRESOLVED
Docura Health,,STARTUP,,,UNRESOLVED
Lance,,STARTUP,,,UNRESOLVED
RunAnywhere,,STARTUP,,,UNRESOLVED
Lucent,,STARTUP,,,UNRESOLVED
"Prescience, Inc.",,STARTUP,,,UNRESOLVED
Ruma Care,,STARTUP,,,UNRESOLVED
Klaus AI,Stability AI,STARTUP,fuzzy,85.5,RESOLVED
Kita,,STARTUP,,,UNRESOLVED
Syntropy,,STARTUP,,,UNRESOLVED
One Robot,,STARTUP,,,UNRESOLVED
Didit,,STARTUP,,,UNRESOLVED
Panta,,STARTUP,,,UNRESOLVED
Imperfect,,STARTUP,,,UNRESOLVED
TrustAI,,STARTUP,,,UNRESOLVED
Payna,,STARTUP,,,UNRESOLVED
Origin,,STARTUP,,,UNRESOLVED
Clara,,STARTUP,,,UNRESOLVED
Hlabs,,STARTUP,,,UNRESOLVED
Eos AI,Mistral AI,STARTUP,fuzzy,85.5,RESOLVED
Valgo,,STARTUP,,,UNRESOLVED
ARC Prize Foundation,,STARTUP,,,UNRESOLVED
Corvera,,STARTUP,,,UNRESOLVED
FullSeam,,STARTUP,,,UNRESOLVED
Waddle Labs,,STARTUP,,,UNRESOLVED
Linzumi,,STARTUP,,,UNRESOLVED
Advanced Metal Research,,STARTUP,,,UNRESOLVED
Ploy,,STARTUP,,,UNRESOLVED
CatchBack Cards,,STARTUP,,,UNRESOLVED
Mantis,,STARTUP,,,UNRESOLVED
Haladir,,STARTUP,,,UNRESOLVED
ClaimGlide,,STARTUP,,,UNRESOLVED
Inviscid AI,Meta AI,STARTUP,fuzzy,85.5,RESOLVED
Coasts,,STARTUP,,,UNRESOLVED
Zephyr Fusion,,STARTUP,,,UNRESOLVED
Mayflower,,STARTUP,,,UNRESOLVED
Ndea,,STARTUP,,,UNRESOLVED
item,,STARTUP,,,UNRESOLVED
Crosslayer Labs,AI21 Labs,STARTUP,fuzzy,85.5,RESOLVED
Rivet,,STARTUP,,,UNRESOLVED
Openroll,,STARTUP,,,UNRESOLVED
Amika,,STARTUP,,,UNRESOLVED
Specific Labs,,STARTUP,,,UNRESOLVED
Moss,,STARTUP,,,UNRESOLVED
Zarna,,STARTUP,,,UNRESOLVED
MarkIt,,STARTUP,,,UNRESOLVED
Dome,,STARTUP,,,UNRESOLVED
Voltair,,STARTUP,,,UNRESOLVED
Clicks Health,,STARTUP,,,UNRESOLVED
Fastshot,,STARTUP,,,UNRESOLVED
Vector Legal,,STARTUP,,,UNRESOLVED
Antigen,,STARTUP,,,UNRESOLVED
LunaBill,,STARTUP,,,UNRESOLVED
Axial,,STARTUP,,,UNRESOLVED
Velvet,,STARTUP,,,UNRESOLVED
DiligenceSquared,,STARTUP,,,UNRESOLVED
Amera,,STARTUP,,,UNRESOLVED
Forge Robotics,,STARTUP,,,UNRESOLVED
Bluma,,STARTUP,,,UNRESOLVED
Lightberry,,STARTUP,,,UNRESOLVED
The Hog,,STARTUP,,,UNRESOLVED
Layers,,STARTUP,,,UNRESOLVED
Boom AI,Stability AI,STARTUP,fuzzy,85.5,RESOLVED
Freeport Markets,,STARTUP,,,UNRESOLVED
Miniswap,,STARTUP,,,UNRESOLVED
Rovi Health,,STARTUP,,,UNRESOLVED
MadeThis,,STARTUP,,,UNRESOLVED
General Astronautics,,STARTUP,,,UNRESOLVED
Jarmin,,STARTUP,,,UNRESOLVED
Exonic,,STARTUP,,,UNRESOLVED
Lemma,,STARTUP,,,UNRESOLVED
Perseus,,STARTUP,,,UNRESOLVED
Karumi,,STARTUP,,,UNRESOLVED
Icarus,,STARTUP,,,UNRESOLVED
Sava,,STARTUP,,,UNRESOLVED
TakeCareOS,,STARTUP,,,UNRESOLVED
Denki,,STARTUP,,,UNRESOLVED
Metorial,,STARTUP,,,UNRESOLVED
Kalpa Labs,,STARTUP,,,UNRESOLVED
Absurd,,STARTUP,,,UNRESOLVED
Clad Labs,,STARTUP,,,UNRESOLVED
Automax.ai,xAI,STARTUP,fuzzy,90.0,RESOLVED
Specific,,STARTUP,,,UNRESOLVED
Primer,,STARTUP,,,UNRESOLVED
Narrative,,STARTUP,,,UNRESOLVED
Crunched,,STARTUP,,,UNRESOLVED
Lua Global Inc,,STARTUP,,,UNRESOLVED
Philon,,STARTUP,,,UNRESOLVED
Sourcebot,,STARTUP,,,UNRESOLVED
Zalos,,STARTUP,,,UNRESOLVED
Prism,,STARTUP,,,UNRESOLVED
Aside,,STARTUP,,,UNRESOLVED
Scott AI,Stability AI,STARTUP,fuzzy,85.5,RESOLVED
Everest,,STARTUP,,,UNRESOLVED
Expected Parrot,,STARTUP,,,UNRESOLVED
Imagine AI,,STARTUP,,,UNRESOLVED
Anto Biosciences,,STARTUP,,,UNRESOLVED
Patent Watch,,STARTUP,,,UNRESOLVED
s2.dev,,STARTUP,,,UNRESOLVED
Tornyol,,STARTUP,,,UNRESOLVED
Nucleo,,STARTUP,,,UNRESOLVED
Leadbay,,STARTUP,,,UNRESOLVED
Pixley AI,,STARTUP,,,UNRESOLVED
Cortex AI,,STARTUP,,,UNRESOLVED
Sol,,STARTUP,,,UNRESOLVED
Thesis,,STARTUP,,,UNRESOLVED
Oxus,,STARTUP,,,UNRESOLVED
Play Health,,STARTUP,,,UNRESOLVED
Casey,,STARTUP,,,UNRESOLVED
Selfin,,STARTUP,,,UNRESOLVED
Compyle,,STARTUP,,,UNRESOLVED
Lexi,Perplexity AI,STARTUP,fuzzy,90.0,RESOLVED
Codyco,,STARTUP,,,UNRESOLVED
ComplyDo,,STARTUP,,,UNRESOLVED
Bravi,,STARTUP,,,UNRESOLVED
Rovr,,STARTUP,,,UNRESOLVED
FinalDose,,STARTUP,,,UNRESOLVED
Sunflower,,STARTUP,,,UNRESOLVED
Captain,,STARTUP,,,UNRESOLVED
Redapto,,STARTUP,,,UNRESOLVED
Helonic,,STARTUP,,,UNRESOLVED
Aleph Lab,,STARTUP,,,UNRESOLVED
Logical,,STARTUP,,,UNRESOLVED
Agentic Fabriq,,STARTUP,,,UNRESOLVED
Travo,,STARTUP,,,UNRESOLVED
Tensr,,STARTUP,,,UNRESOLVED
Kestrel AI,,STARTUP,,,UNRESOLVED
LogosGuard,,STARTUP,,,UNRESOLVED
Sciloop,,STARTUP,,,UNRESOLVED
Multifactor,,STARTUP,,,UNRESOLVED
Allus AI,Stability AI,STARTUP,fuzzy,85.5,RESOLVED
Unsiloed AI,Meta AI,STARTUP,fuzzy,85.5,RESOLVED
SF Tensor,,STARTUP,,,UNRESOLVED
AnswerThis,,STARTUP,,,UNRESOLVED
Terrain,,STARTUP,,,UNRESOLVED
Lakonia,,STARTUP,,,UNRESOLVED
SellRaze,,STARTUP,,,UNRESOLVED
Clerked,,STARTUP,,,UNRESOLVED
Semble AI,,STARTUP,,,UNRESOLVED
Flick,,STARTUP,,,UNRESOLVED
hillclimb,,STARTUP,,,UNRESOLVED
AtlasGrid,,STARTUP,,,UNRESOLVED
Wardstone,,STARTUP,,,UNRESOLVED
Nessie,,STARTUP,,,UNRESOLVED
Hypercubic,,STARTUP,,,UNRESOLVED
Cranston AI,Meta AI,STARTUP,fuzzy,85.5,RESOLVED
Trelium,,STARTUP,,,UNRESOLVED
Velum Labs,,STARTUP,,,UNRESOLVED
Veria Labs,,STARTUP,,,UNRESOLVED
Minro,,STARTUP,,,UNRESOLVED
Tell if AI,,STARTUP,,,UNRESOLVED
Bron,,STARTUP,,,UNRESOLVED
Koyal,,STARTUP,,,UNRESOLVED
Kaigo Health,,STARTUP,,,UNRESOLVED
Norra,,STARTUP,,,UNRESOLVED
Soren,,STARTUP,,,UNRESOLVED
Lunavo,,STARTUP,,,UNRESOLVED
dari.dev,,STARTUP,,,UNRESOLVED
The Context Company,,STARTUP,,,UNRESOLVED
Sorce,,STARTUP,,,UNRESOLVED
Caddy,,STARTUP,,,UNRESOLVED
Alt-X,,STARTUP,,,UNRESOLVED
Locus,,STARTUP,,,UNRESOLVED
Deeptrace,,STARTUP,,,UNRESOLVED
Aspect,,STARTUP,,,UNRESOLVED
Scoop,,STARTUP,,,UNRESOLVED
Hyperspell,,STARTUP,,,UNRESOLVED
Bolna AI,Stability AI,STARTUP,fuzzy,85.5,RESOLVED
Nexus,,STARTUP,,,UNRESOLVED
Sylvian,,STARTUP,,,UNRESOLVED
Zavo,,STARTUP,,,UNRESOLVED
MOVEdot,,STARTUP,,,UNRESOLVED
Parrot,,STARTUP,,,UNRESOLVED
Brickwise,,STARTUP,,,UNRESOLVED
Parse,,STARTUP,,,UNRESOLVED
Structured AI,Meta AI,STARTUP,fuzzy,85.5,RESOLVED
Uplane,,STARTUP,,,UNRESOLVED
AirCaps,,STARTUP,,,UNRESOLVED
Brickanta,,STARTUP,,,UNRESOLVED
F2,,STARTUP,,,UNRESOLVED
Remedy,,STARTUP,,,UNRESOLVED
Semiotic,,STARTUP,,,UNRESOLVED
Lapis,,STARTUP,,,UNRESOLVED
Efference,,STARTUP,,,UNRESOLVED
Nox Metals,,STARTUP,,,UNRESOLVED
Digipals,,STARTUP,,,UNRESOLVED
Blue,,STARTUP,,,UNRESOLVED
Mixy,,STARTUP,,,UNRESOLVED
Paloma,,STARTUP,,,UNRESOLVED
Uplift AI,,STARTUP,,,UNRESOLVED
RealRoots,,STARTUP,,,UNRESOLVED
Luminal,,STARTUP,,,UNRESOLVED
Freya,,STARTUP,,,UNRESOLVED
burnt,,STARTUP,,,UNRESOLVED
Avent,,STARTUP,,,UNRESOLVED
Ruvo,,STARTUP,,,UNRESOLVED
Veritus,,STARTUP,,,UNRESOLVED
Sapien,,STARTUP,,,UNRESOLVED
NOSO LABS,,STARTUP,,,UNRESOLVED
Vulcan Technologies,,STARTUP,,,UNRESOLVED
Bizzy AI,Stability AI,STARTUP,fuzzy,85.5,RESOLVED
Spotlight Realty,,STARTUP,,,UNRESOLVED
Interfere,,STARTUP,,,UNRESOLVED
Munify,,STARTUP,,,UNRESOLVED
RowFlow,,STARTUP,,,UNRESOLVED
TectoAI,,STARTUP,,,UNRESOLVED
Duranium,,STARTUP,,,UNRESOLVED
Smartbase,,STARTUP,,,UNRESOLVED
Perspectives Health,,STARTUP,,,UNRESOLVED
Modelence,,STARTUP,,,UNRESOLVED
Magnetic,,STARTUP,,,UNRESOLVED
Fleetline,,STARTUP,,,UNRESOLVED
Vorelios,,STARTUP,,,UNRESOLVED
twentyfour26,,STARTUP,,,UNRESOLVED
Hemlock,,STARTUP,,,UNRESOLVED
Forward,,STARTUP,,,UNRESOLVED
Qokedas,,STARTUP,,,UNRESOLVED
Simulithic,,STARTUP,,,UNRESOLVED
herdr,,STARTUP,,,UNRESOLVED
Lambda Robotics,,STARTUP,,,UNRESOLVED
Conifer,,STARTUP,,,UNRESOLVED
Simantic,,STARTUP,,,UNRESOLVED
Experiential Labs,AI21 Labs,STARTUP,fuzzy,85.5,RESOLVED
Edviro,,STARTUP,,,UNRESOLVED
Coasty,,STARTUP,,,UNRESOLVED
Caution,,STARTUP,,,UNRESOLVED
Atomarine,,STARTUP,,,UNRESOLVED
Billow AI Labs,Meta AI,STARTUP,fuzzy,85.5,RESOLVED
hardware intelligence,,STARTUP,,,UNRESOLVED
Osseus,,STARTUP,,,UNRESOLVED
Salem Robotics Inc,,STARTUP,,,UNRESOLVED
Robocurve,,STARTUP,,,UNRESOLVED
hiloop,,STARTUP,,,UNRESOLVED
Dawn Industries,,STARTUP,,,UNRESOLVED
Nex,,STARTUP,,,UNRESOLVED
OneCLI,,STARTUP,,,UNRESOLVED
Wondering,,STARTUP,,,UNRESOLVED
Tracer,,STARTUP,,,UNRESOLVED
Amulet,,STARTUP,,,UNRESOLVED
Avoca Systems,,STARTUP,,,UNRESOLVED
SubVysion,,STARTUP,,,UNRESOLVED
"SpaceFlow Technologies, Inc.",,STARTUP,,,UNRESOLVED
Petrarch,,STARTUP,,,UNRESOLVED
Locke,,STARTUP,,,UNRESOLVED
Florin,,STARTUP,,,UNRESOLVED
Earendil Robotics,,STARTUP,,,UNRESOLVED
Hebbian Robotics,,STARTUP,,,UNRESOLVED
Hop Aero,,STARTUP,,,UNRESOLVED
Agent FM,,STARTUP,,,UNRESOLVED
OpenRelay,,STARTUP,,,UNRESOLVED
Dock,,STARTUP,,,UNRESOLVED
Verdict Machine,,STARTUP,,,UNRESOLVED
HyperProbe,,STARTUP,,,UNRESOLVED
Grip,,STARTUP,,,UNRESOLVED
Skymerse,,STARTUP,,,UNRESOLVED
Hubble,,STARTUP,,,UNRESOLVED
Palisade,,STARTUP,,,UNRESOLVED
83 Sciences,,STARTUP,,,UNRESOLVED
Chromie,,STARTUP,,,UNRESOLVED
Lamb Labs,,STARTUP,,,UNRESOLVED
Mireye,,STARTUP,,,UNRESOLVED
Derya,,STARTUP,,,UNRESOLVED
Decawork,,STARTUP,,,UNRESOLVED
CarSignal,,STARTUP,,,UNRESOLVED
Axelrod,,STARTUP,,,UNRESOLVED
Levocred AI,Meta AI,STARTUP,fuzzy,85.5,RESOLVED
Praxis AI,,STARTUP,,,UNRESOLVED
Care GP,,STARTUP,,,UNRESOLVED
Radley,,STARTUP,,,UNRESOLVED
Agnost AI,,STARTUP,,,UNRESOLVED
Agentcard,,STARTUP,,,UNRESOLVED
ProvenMetal,,STARTUP,,,UNRESOLVED
Gamgee,,STARTUP,,,UNRESOLVED
Inkbox,,STARTUP,,,UNRESOLVED
Operon,,STARTUP,,,UNRESOLVED
Cosmic Robotics,,STARTUP,,,UNRESOLVED
Markov,,STARTUP,,,UNRESOLVED
Lumeria,,STARTUP,,,UNRESOLVED
Marengo,,STARTUP,,,UNRESOLVED
RonanRx Inc.,,STARTUP,,,UNRESOLVED
Executor,,STARTUP,,,UNRESOLVED
Last Accounting Company,,STARTUP,,,UNRESOLVED
Pacific,,STARTUP,,,UNRESOLVED
Luca IQ,,STARTUP,,,UNRESOLVED
Financial Datasets,,STARTUP,,,UNRESOLVED
TryNearby,,STARTUP,,,UNRESOLVED
Computable,,STARTUP,,,UNRESOLVED
Denta,,STARTUP,,,UNRESOLVED
Isengard Industries Inc,,STARTUP,,,UNRESOLVED
Ekho Labs,,STARTUP,,,UNRESOLVED
Moving Atoms,,STARTUP,,,UNRESOLVED
Vestris,,STARTUP,,,UNRESOLVED
Ultrasonium,,STARTUP,,,UNRESOLVED
Arbital,,STARTUP,,,UNRESOLVED
PokerClubHub,,STARTUP,,,UNRESOLVED
Neuron Industries,,STARTUP,,,UNRESOLVED
Neuromorphic,,STARTUP,,,UNRESOLVED
LATO,,STARTUP,,,UNRESOLVED
Risklytics,,STARTUP,,,UNRESOLVED
Daqstra,,STARTUP,,,UNRESOLVED
Tenor,,STARTUP,,,UNRESOLVED
Qlo,,STARTUP,,,UNRESOLVED
Fabraix,,STARTUP,,,UNRESOLVED
Omanta,,STARTUP,,,UNRESOLVED
Rational,,STARTUP,,,UNRESOLVED
Aktoria Robotics,,STARTUP,,,UNRESOLVED
Vendo,,STARTUP,,,UNRESOLVED
Click,,STARTUP,,,UNRESOLVED
Whitespace,,STARTUP,,,UNRESOLVED
Orvixo,,STARTUP,,,UNRESOLVED
Almanac,,STARTUP,,,UNRESOLVED
TareBio,,STARTUP,,,UNRESOLVED
Greypoint Industries,,STARTUP,,,UNRESOLVED
Graphify Labs,,STARTUP,,,UNRESOLVED
Ooak Data,,STARTUP,,,UNRESOLVED
Nori,,STARTUP,,,UNRESOLVED
6thSense,,STARTUP,,,UNRESOLVED
Bloomy,,STARTUP,,,UNRESOLVED
machine0,,STARTUP,,,UNRESOLVED
Pluto,,STARTUP,,,UNRESOLVED
FlowManual,,STARTUP,,,UNRESOLVED
Stratum Industries,,STARTUP,,,UNRESOLVED
Peer,,STARTUP,,,UNRESOLVED
Molagri,,STARTUP,,,UNRESOLVED
Cerenovus,,STARTUP,,,UNRESOLVED
Agency Tool Company,,STARTUP,,,UNRESOLVED
Standard Machines,,STARTUP,,,UNRESOLVED
Traceforce,,STARTUP,,,UNRESOLVED
Definite,,STARTUP,,,UNRESOLVED
Alkera AI,,STARTUP,,,UNRESOLVED
Rasyn,,STARTUP,,,UNRESOLVED
Manifold,,STARTUP,,,UNRESOLVED
screenpipe,,STARTUP,,,UNRESOLVED
Zaplar,,STARTUP,,,UNRESOLVED
Prodigy Research,,STARTUP,,,UNRESOLVED
Touchmark,,STARTUP,,,UNRESOLVED
Exosat,,STARTUP,,,UNRESOLVED
Codag,,STARTUP,,,UNRESOLVED
Context.dev,,STARTUP,,,UNRESOLVED
Glen,Glean,STARTUP,fuzzy,88.88888888888889,RESOLVED
Stoa,,STARTUP,,,UNRESOLVED
Marble,,STARTUP,,,UNRESOLVED
Audun,,STARTUP,,,UNRESOLVED
COACH,,STARTUP,,,UNRESOLVED
Alloovium,,STARTUP,,,UNRESOLVED
Dialogus,,STARTUP,,,UNRESOLVED
Mosaic,,STARTUP,,,UNRESOLVED
Bizmark,,STARTUP,,,UNRESOLVED
Riften,,STARTUP,,,UNRESOLVED
Buildbox,,STARTUP,,,UNRESOLVED
RealPact,,STARTUP,,,UNRESOLVED
GUILD,,STARTUP,,,UNRESOLVED
Floracene,,STARTUP,,,UNRESOLVED
Rise Reforming,,STARTUP,,,UNRESOLVED
Instaplay,,STARTUP,,,UNRESOLVED
Verdant,,STARTUP,,,UNRESOLVED
IMPACT Drones,,STARTUP,,,UNRESOLVED
Insurf,,STARTUP,,,UNRESOLVED
Jcode,,STARTUP,,,UNRESOLVED
LemonLime,,STARTUP,,,UNRESOLVED
Gutgutgoose,,STARTUP,,,UNRESOLVED
Speko,,STARTUP,,,UNRESOLVED
Synapse Semiconductor,,STARTUP,,,UNRESOLVED
Understudy Labs,AI21 Labs,STARTUP,fuzzy,85.5,RESOLVED
Rote,,STARTUP,,,UNRESOLVED
Prized,,STARTUP,,,UNRESOLVED
Maingen,,STARTUP,,,UNRESOLVED
Enact,,STARTUP,,,UNRESOLVED
Rex,,STARTUP,,,UNRESOLVED
Zomma,,STARTUP,,,UNRESOLVED
Nebula Security,,STARTUP,,,UNRESOLVED
Kara,,STARTUP,,,UNRESOLVED
Trope,,STARTUP,,,UNRESOLVED
Parasma,,STARTUP,,,UNRESOLVED
Belvedir,,STARTUP,,,UNRESOLVED
Shielded,,STARTUP,,,UNRESOLVED
Olam Labs,,STARTUP,,,UNRESOLVED
Egoist Machines,,STARTUP,,,UNRESOLVED
Perceptron ML,,STARTUP,,,UNRESOLVED
Erinys,,STARTUP,,,UNRESOLVED
HERA,,STARTUP,,,UNRESOLVED
Donkey,,STARTUP,,,UNRESOLVED
OpenTrade,,STARTUP,,,UNRESOLVED
Hoplite,,STARTUP,,,UNRESOLVED
Pango,,STARTUP,,,UNRESOLVED
tash,,STARTUP,,,UNRESOLVED
Torus,,STARTUP,,,UNRESOLVED
Kebra,,STARTUP,,,UNRESOLVED
GitCafe,,STARTUP,,,UNRESOLVED
RightNow,,STARTUP,,,UNRESOLVED
Akkari,,STARTUP,,,UNRESOLVED
HeyClicky,,STARTUP,,,UNRESOLVED
Rindler,,STARTUP,,,UNRESOLVED
Proprio Robotics,,STARTUP,,,UNRESOLVED
Huscarl,,STARTUP,,,UNRESOLVED
Thomas,,STARTUP,,,UNRESOLVED
Cohesion,,STARTUP,,,UNRESOLVED
Maquoketa Research,,STARTUP,,,UNRESOLVED
Intelligence Factory,,STARTUP,,,UNRESOLVED
Amorphic Labs,,STARTUP,,,UNRESOLVED
rekursiv.ai,,STARTUP,,,UNRESOLVED
Clawvisor,,STARTUP,,,UNRESOLVED
Framewise Health,,STARTUP,,,UNRESOLVED
Arctic Health,,STARTUP,,,UNRESOLVED
Playabl.ai,,STARTUP,,,UNRESOLVED
Enjamb Labs,,STARTUP,,,UNRESOLVED
Hyper,,STARTUP,,,UNRESOLVED
InsForge,,STARTUP,,,UNRESOLVED
ReasonBlocks,,STARTUP,,,UNRESOLVED
Modern,,STARTUP,,,UNRESOLVED
Panacea,,STARTUP,,,UNRESOLVED
CentralComs,,STARTUP,,,UNRESOLVED
KugelAudio,Udio,STARTUP,fuzzy,90.0,RESOLVED
Klaimee,,STARTUP,,,UNRESOLVED
flowscope,,STARTUP,,,UNRESOLVED
Trident,,STARTUP,,,UNRESOLVED
Gigacatalyst,,STARTUP,,,UNRESOLVED
Arlo Industries,,STARTUP,,,UNRESOLVED
Astraea,,STARTUP,,,UNRESOLVED
Lattice Health,,STARTUP,,,UNRESOLVED
Atlas Discovery,,STARTUP,,,UNRESOLVED
Manicule,,STARTUP,,,UNRESOLVED
Avea Robotics,,STARTUP,,,UNRESOLVED
Mochatrade,,STARTUP,,,UNRESOLVED
Asendia AI,,STARTUP,,,UNRESOLVED
Revnu,,STARTUP,,,UNRESOLVED
Uno Wallet,,STARTUP,,,UNRESOLVED
Arden,,STARTUP,,,UNRESOLVED
AgentPhone,,STARTUP,,,UNRESOLVED
Gravy,,STARTUP,,,UNRESOLVED
Kinect,,STARTUP,,,UNRESOLVED
Runtime,,STARTUP,,,UNRESOLVED
YouArt,,STARTUP,,,UNRESOLVED
Expanse,,STARTUP,,,UNRESOLVED
CharacterQuilt,,STARTUP,,,UNRESOLVED
Pentagon,,STARTUP,,,UNRESOLVED
Arzana,,STARTUP,,,UNRESOLVED
Auxos,,STARTUP,,,UNRESOLVED
ProjectX,,STARTUP,,,UNRESOLVED
Tolmo,,STARTUP,,,UNRESOLVED
OpenWork,,STARTUP,,,UNRESOLVED
"Apollo Atomics, Inc.",,STARTUP,,,UNRESOLVED
General Aviation,,STARTUP,,,UNRESOLVED
OpenProse,,STARTUP,,,UNRESOLVED
Aster,,STARTUP,,,UNRESOLVED
Amboras,,STARTUP,,,UNRESOLVED
Hessian,,STARTUP,,,UNRESOLVED
RASPIRE,,STARTUP,,,UNRESOLVED
Plena Health,,STARTUP,,,UNRESOLVED
TesterArmy,,STARTUP,,,UNRESOLVED
Eden Robotics,,STARTUP,,,UNRESOLVED
Foaster,,STARTUP,,,UNRESOLVED
AquaShield,,STARTUP,,,UNRESOLVED
Ornadyne,,STARTUP,,,UNRESOLVED
ANORIA,,STARTUP,,,UNRESOLVED
AbInitio Bio,,STARTUP,,,UNRESOLVED
Memory Store,,STARTUP,,,UNRESOLVED
Saudara AI,,STARTUP,,,UNRESOLVED
Pops,,STARTUP,,,UNRESOLVED
Silmaril,,STARTUP,,,UNRESOLVED
BioStack Platforms,,STARTUP,,,UNRESOLVED
Ardent,,STARTUP,,,UNRESOLVED
Kuli,,STARTUP,,,UNRESOLVED
Wato,,STARTUP,,,UNRESOLVED
Tasklet,,STARTUP,,,UNRESOLVED
Chronicle Labs,AI21 Labs,STARTUP,fuzzy,85.5,RESOLVED
Walter,,STARTUP,,,UNRESOLVED
Aseon Labs,,STARTUP,,,UNRESOLVED
Soria,,STARTUP,,,UNRESOLVED
Armature,,STARTUP,,,UNRESOLVED
Collar,,STARTUP,,,UNRESOLVED
PLAN0 AI,Stability AI,STARTUP,fuzzy,85.5,RESOLVED
Zibra Labs,,STARTUP,,,UNRESOLVED
Ara,Character.ai,STARTUP,fuzzy,90.0,RESOLVED
ValCtrl,,STARTUP,,,UNRESOLVED
General Instinct,,STARTUP,,,UNRESOLVED
tday.com,,STARTUP,,,UNRESOLVED
ED1TH,,STARTUP,,,UNRESOLVED
Minicor,,STARTUP,,,UNRESOLVED
Degla Inc,,STARTUP,,,UNRESOLVED
Archer,,STARTUP,,,UNRESOLVED
River Markets,,STARTUP,,,UNRESOLVED
smol machines,,STARTUP,,,UNRESOLVED
Allowance,,STARTUP,,,UNRESOLVED
Harbor,,STARTUP,,,UNRESOLVED
Alchemize,,STARTUP,,,UNRESOLVED
Complir,,STARTUP,,,UNRESOLVED
AICE,,STARTUP,,,UNRESOLVED
Infera,,STARTUP,,,UNRESOLVED
Mount,,STARTUP,,,UNRESOLVED
Parrot,,STARTUP,,,UNRESOLVED
Result,,STARTUP,,,UNRESOLVED
Sidekick,,STARTUP,,,UNRESOLVED
Prototyping.io,,STARTUP,,,UNRESOLVED
Lumius,,STARTUP,,,UNRESOLVED
Adialante,,STARTUP,,,UNRESOLVED
Savant,,STARTUP,,,UNRESOLVED
Keyframe Labs,,STARTUP,,,UNRESOLVED
Voquill,,STARTUP,,,UNRESOLVED
Oddpool,,STARTUP,,,UNRESOLVED
Ontora,,STARTUP,,,UNRESOLVED
Napkin Math,,STARTUP,,,UNRESOLVED
Gojiberry AI,Meta AI,STARTUP,fuzzy,85.5,RESOLVED
Lab0,,STARTUP,,,UNRESOLVED
BentoLabs AI,Meta AI,STARTUP,fuzzy,85.5,RESOLVED
Lamina Labs,,STARTUP,,,UNRESOLVED
Kimpton AI,,STARTUP,,,UNRESOLVED
StableBrowse,,STARTUP,,,UNRESOLVED
Taiga,,STARTUP,,,UNRESOLVED
Pairio,,STARTUP,,,UNRESOLVED
Callab AI,,STARTUP,,,UNRESOLVED
Synphony,,STARTUP,,,UNRESOLVED
Dreach,,STARTUP,,,UNRESOLVED
Arga Labs,,STARTUP,,,UNRESOLVED
Andco,,STARTUP,,,UNRESOLVED
RentAHuman,,STARTUP,,,UNRESOLVED
InstaAgent,,STARTUP,,,UNRESOLVED
Salesgraph,,STARTUP,,,UNRESOLVED
Sherpa,,STARTUP,,,UNRESOLVED
Userlens,,STARTUP,,,UNRESOLVED
transload,,STARTUP,,,UNRESOLVED
Standout,,STARTUP,,,UNRESOLVED
shotwell.ai,,STARTUP,,,UNRESOLVED
Madrone,,STARTUP,,,UNRESOLVED
Pavoot,,STARTUP,,,UNRESOLVED
qomplement,,STARTUP,,,UNRESOLVED
Deep Interactions,,STARTUP,,,UNRESOLVED
KelAI,,STARTUP,,,UNRESOLVED
"HEVN, inc",,STARTUP,,,UNRESOLVED
Wealor,,STARTUP,,,UNRESOLVED
Elyra,,STARTUP,,,UNRESOLVED
Interfaze,,STARTUP,,,UNRESOLVED
Zolvo,,STARTUP,,,UNRESOLVED
Juno,,STARTUP,,,UNRESOLVED
Kinro,,STARTUP,,,UNRESOLVED
GovGuard,,STARTUP,,,UNRESOLVED
Superlog,,STARTUP,,,UNRESOLVED
GodHands,,STARTUP,,,UNRESOLVED
Limrun,,STARTUP,,,UNRESOLVED
Light Anchor,,STARTUP,,,UNRESOLVED
Hub,,STARTUP,,,UNRESOLVED
Tenet Industries,,STARTUP,,,UNRESOLVED
Atrisa,,STARTUP,,,UNRESOLVED
Trellis,,STARTUP,,,UNRESOLVED
The Company Company,Together AI,STARTUP,fuzzy,90.0,RESOLVED
Dayjob,,STARTUP,,,UNRESOLVED
InLoop Robotics,,STARTUP,,,UNRESOLVED
Zenbu,,STARTUP,,,UNRESOLVED
Andustry,,STARTUP,,,UNRESOLVED
Nine Fives,,STARTUP,,,UNRESOLVED
Incandor,,STARTUP,,,UNRESOLVED
Chert,,STARTUP,,,UNRESOLVED
Saffron,,STARTUP,,,UNRESOLVED
Discovered Materials,,STARTUP,,,UNRESOLVED
Lightsprint,,STARTUP,,,UNRESOLVED
Twolabs,,STARTUP,,,UNRESOLVED
Scope,,STARTUP,,,UNRESOLVED
Hexa,,STARTUP,,,UNRESOLVED
Palette,,STARTUP,,,UNRESOLVED
Rudus,,STARTUP,,,UNRESOLVED
Replicas,,STARTUP,,,UNRESOLVED
Totalis,,STARTUP,,,UNRESOLVED
WithAI,,STARTUP,,,UNRESOLVED
Osmaura,,STARTUP,,,UNRESOLVED
Instance,,STARTUP,,,UNRESOLVED
Illume Labs,,STARTUP,,,UNRESOLVED
Memoir,,STARTUP,,,UNRESOLVED
"PerfectBit, Inc.",,STARTUP,,,UNRESOLVED
Stage,,STARTUP,,,UNRESOLVED
Standard Signal,,STARTUP,,,UNRESOLVED
primitive,,STARTUP,,,UNRESOLVED
afterfive,,STARTUP,,,UNRESOLVED
Klarify,,STARTUP,,,UNRESOLVED
Surtr Defense Systems,,STARTUP,,,UNRESOLVED
Hedge,,STARTUP,,,UNRESOLVED
Cardinal,,STARTUP,,,UNRESOLVED
Wideframe,,STARTUP,,,UNRESOLVED
Martini,,STARTUP,,,UNRESOLVED
Litmus,,STARTUP,,,UNRESOLVED
Condor Energy,,STARTUP,,,UNRESOLVED
Remix,,STARTUP,,,UNRESOLVED
OpenVector,,STARTUP,,,UNRESOLVED
Shofo,,STARTUP,,,UNRESOLVED
Wayco,,STARTUP,,,UNRESOLVED
"Applied Electrodynamics, Inc.",,STARTUP,,,UNRESOLVED
Unifold,,STARTUP,,,UNRESOLVED
Carrot Labs,,STARTUP,,,UNRESOLVED
Dispatch,,STARTUP,,,UNRESOLVED
Bloom,,STARTUP,,,UNRESOLVED
Aurorin CAD,,STARTUP,,,UNRESOLVED
Fixture,,STARTUP,,,UNRESOLVED
DAIVIN!,,STARTUP,,,UNRESOLVED
Brumby (Formerly GrazeMate),,STARTUP,,,UNRESOLVED
Origami Robotics,,STARTUP,,,UNRESOLVED
Ossus,,STARTUP,,,UNRESOLVED
Rubric AI,,STARTUP,,,UNRESOLVED
Regbase,,STARTUP,,,UNRESOLVED
Zymbly,,STARTUP,,,UNRESOLVED
Ritivel,,STARTUP,,,UNRESOLVED
Polymorph,,STARTUP,,,UNRESOLVED
Khotan (formerly Pollinate),,STARTUP,,,UNRESOLVED
SpotPay,,STARTUP,,,UNRESOLVED
Poth Labs,,STARTUP,,,UNRESOLVED
VOYGR,,STARTUP,,,UNRESOLVED
MochaCare,,STARTUP,,,UNRESOLVED
Cova,,STARTUP,,,UNRESOLVED
Vela,,STARTUP,,,UNRESOLVED
Supafax,,STARTUP,,,UNRESOLVED
Talking Computers,,STARTUP,,,UNRESOLVED
Control Seat,,STARTUP,,,UNRESOLVED
Copperlane,,STARTUP,,,UNRESOLVED
Tsenta,,STARTUP,,,UNRESOLVED
Atlia,,STARTUP,,,UNRESOLVED
Canary,,STARTUP,,,UNRESOLVED
Grade,,STARTUP,,,UNRESOLVED
Sila,,STARTUP,,,UNRESOLVED
Maven,,STARTUP,,,UNRESOLVED
Moda,,STARTUP,,,UNRESOLVED
The Token Company,,STARTUP,,,UNRESOLVED
BeeSafe AI,,STARTUP,,,UNRESOLVED
Fed10,,STARTUP,,,UNRESOLVED
Inth,,STARTUP,,,UNRESOLVED
Squid,,STARTUP,,,UNRESOLVED
Crow,,STARTUP,,,UNRESOLVED
Foreman,,STARTUP,,,UNRESOLVED
Booko,,STARTUP,,,UNRESOLVED
Corelayer,,STARTUP,,,UNRESOLVED
General Legal,,STARTUP,,,UNRESOLVED
Fort,,STARTUP,,,UNRESOLVED
Balance,,STARTUP,,,UNRESOLVED
Ekpa,,STARTUP,,,UNRESOLVED
Chasi,,STARTUP,,,UNRESOLVED
Anchorhead,,STARTUP,,,UNRESOLVED
o11,,STARTUP,,,UNRESOLVED
Doomersion,,STARTUP,,,UNRESOLVED
Sequence Markets,,STARTUP,,,UNRESOLVED
Libra Robotics,,STARTUP,,,UNRESOLVED
Ditto Biosciences,,STARTUP,,,UNRESOLVED
Servo7,,STARTUP,,,UNRESOLVED
Datoric,,STARTUP,,,UNRESOLVED
Superset,,STARTUP,,,UNRESOLVED
Netter,,STARTUP,,,UNRESOLVED
Voxel Energy,,STARTUP,,,UNRESOLVED
Polymath,,STARTUP,,,UNRESOLVED
Archal,,STARTUP,,,UNRESOLVED
Bubble Lab,,STARTUP,,,UNRESOLVED
Pocket,,STARTUP,,,UNRESOLVED
Byteport,,STARTUP,,,UNRESOLVED
Constellation Space,,STARTUP,,,UNRESOLVED
Sazabi,,STARTUP,,,UNRESOLVED
Mendral,,STARTUP,,,UNRESOLVED
AxionOrbital Space,,STARTUP,,,UNRESOLVED
Oximy,,STARTUP,,,UNRESOLVED
Caretta,,STARTUP,,,UNRESOLVED
Samora AI,,STARTUP,,,UNRESOLVED
Human Archive,,STARTUP,,,UNRESOLVED
Forum,,STARTUP,,,UNRESOLVED
Sitefire,,STARTUP,,,UNRESOLVED
Robby,,STARTUP,,,UNRESOLVED
Ressl AI,Stability AI,STARTUP,fuzzy,85.5,RESOLVED
Emdash,,STARTUP,,,UNRESOLVED
InventoryQuant,,STARTUP,,,UNRESOLVED
Congruent,,STARTUP,,,UNRESOLVED
Reframe,,STARTUP,,,UNRESOLVED
Valence,,STARTUP,,,UNRESOLVED
9 Mothers,,STARTUP,,,UNRESOLVED
Approxima,,STARTUP,,,UNRESOLVED
Traverse,,STARTUP,,,UNRESOLVED
Revion,,STARTUP,,,UNRESOLVED
Maywood,,STARTUP,,,UNRESOLVED
Fenrock AI,,STARTUP,,,UNRESOLVED
End Close,,STARTUP,,,UNRESOLVED
Chamber,,STARTUP,,,UNRESOLVED
Assemble,,STARTUP,,,UNRESOLVED
Patientdesk.ai,,STARTUP,,,UNRESOLVED
Visibl Semiconductors,,STARTUP,,,UNRESOLVED
Synthetic Sciences,,STARTUP,,,UNRESOLVED
Seeing Systems,,STARTUP,,,UNRESOLVED
Jinba,,STARTUP,,,UNRESOLVED
Cardboard,,STARTUP,,,UNRESOLVED
Prana,,STARTUP,,,UNRESOLVED
Rhizome AI,,STARTUP,,,UNRESOLVED
Pax Historia,,STARTUP,,,UNRESOLVED
Parameter (fka Hex Security),,STARTUP,,,UNRESOLVED
Laurence,,STARTUP,,,UNRESOLVED
Terminal Use,,STARTUP,,,UNRESOLVED
Overshoot,,STARTUP,,,UNRESOLVED
Cajal,,STARTUP,,,UNRESOLVED
Proximitty,,STARTUP,,,UNRESOLVED
Instinct,,STARTUP,,,UNRESOLVED
Stilta,,STARTUP,,,UNRESOLVED
Unisson,,STARTUP,,,UNRESOLVED
IncidentFox,,STARTUP,,,UNRESOLVED
Compresr,,STARTUP,,,UNRESOLVED
Opalite Health,,STARTUP,,,UNRESOLVED
Confluence Labs,AI21 Labs,STARTUP,fuzzy,85.5,RESOLVED
Rapidfolio,,STARTUP,,,UNRESOLVED
Mango Medical,,STARTUP,,,UNRESOLVED
Sponge,,STARTUP,,,UNRESOLVED
Terranox AI,Meta AI,STARTUP,fuzzy,85.5,RESOLVED
Drafted,,STARTUP,,,UNRESOLVED
Ventura,,STARTUP,,,UNRESOLVED
Q2Q,,STARTUP,,,UNRESOLVED
Orthogonal,,STARTUP,,,UNRESOLVED
Perfectly,,STARTUP,,,UNRESOLVED
Fern,,STARTUP,,,UNRESOLVED
Sparkles,,STARTUP,,,UNRESOLVED
EigenPal,,STARTUP,,,UNRESOLVED
Salus,,STARTUP,,,UNRESOLVED
Moritz,,STARTUP,,,UNRESOLVED
RamAIn,,STARTUP,,,UNRESOLVED
Milliray,,STARTUP,,,UNRESOLVED
Beyond Reach Labs,AI21 Labs,STARTUP,fuzzy,85.5,RESOLVED
OctaPulse,,STARTUP,,,UNRESOLVED
CodeWisp,,STARTUP,,,UNRESOLVED
Ashr,,STARTUP,,,UNRESOLVED
Aemon,,STARTUP,,,UNRESOLVED
Luel,,STARTUP,,,UNRESOLVED
Scheduling Wizard,,STARTUP,,,UNRESOLVED
RoboDock,,STARTUP,,,UNRESOLVED
Skillsync,,STARTUP,,,UNRESOLVED
MouseCat,,STARTUP,,,UNRESOLVED
Zatanna,,STARTUP,,,UNRESOLVED
AutoSitu,,STARTUP,,,UNRESOLVED
Verdex,,STARTUP,,,UNRESOLVED
Cumulus Labs,,STARTUP,,,UNRESOLVED
Tepali,,STARTUP,,,UNRESOLVED
Palus Finance,,STARTUP,,,UNRESOLVED
21st,,STARTUP,,,UNRESOLVED
Avoice,,STARTUP,,,UNRESOLVED
Kyten Technologies,,STARTUP,,,UNRESOLVED
ZeroSettle,,STARTUP,,,UNRESOLVED
/dev/fast,,STARTUP,,,UNRESOLVED
Cignara,,STARTUP,,,UNRESOLVED
OpenSpec,,STARTUP,,,UNRESOLVED
Piris Labs,,STARTUP,,,UNRESOLVED
CellType,,STARTUP,,,UNRESOLVED
Burt,,STARTUP,,,UNRESOLVED
Envariant,,STARTUP,,,UNRESOLVED
Cascade,,STARTUP,,,UNRESOLVED
Beacon Health,,STARTUP,,,UNRESOLVED
Strand AI,,STARTUP,,,UNRESOLVED
BaseFrame,,STARTUP,,,UNRESOLVED
Protent,,STARTUP,,,UNRESOLVED
Cofia,,STARTUP,,,UNRESOLVED
Fuchsia,,STARTUP,,,UNRESOLVED
LegalOS,,STARTUP,,,UNRESOLVED
Sentrial,,STARTUP,,,UNRESOLVED
10x Science,,STARTUP,,,UNRESOLVED
REV1,,STARTUP,,,UNRESOLVED
shortkit,,STARTUP,,,UNRESOLVED
Asimov,,STARTUP,,,UNRESOLVED
Lexius,,STARTUP,,,UNRESOLVED
Axis,,STARTUP,,,UNRESOLVED
Mirabelle,,STARTUP,,,UNRESOLVED
Docura Health,,STARTUP,,,UNRESOLVED
Lance,,STARTUP,,,UNRESOLVED
RunAnywhere,,STARTUP,,,UNRESOLVED
Lucent,,STARTUP,,,UNRESOLVED
"Prescience, Inc.",,STARTUP,,,UNRESOLVED
Ruma Care,,STARTUP,,,UNRESOLVED
Klaus AI,Stability AI,STARTUP,fuzzy,85.5,RESOLVED
Kita,,STARTUP,,,UNRESOLVED
Syntropy,,STARTUP,,,UNRESOLVED
One Robot,,STARTUP,,,UNRESOLVED
Didit,,STARTUP,,,UNRESOLVED
Panta,,STARTUP,,,UNRESOLVED
Imperfect,,STARTUP,,,UNRESOLVED
TrustAI,,STARTUP,,,UNRESOLVED
Payna,,STARTUP,,,UNRESOLVED
Origin,,STARTUP,,,UNRESOLVED
Clara,,STARTUP,,,UNRESOLVED
Hlabs,,STARTUP,,,UNRESOLVED
Eos AI,Mistral AI,STARTUP,fuzzy,85.5,RESOLVED
Valgo,,STARTUP,,,UNRESOLVED
ARC Prize Foundation,,STARTUP,,,UNRESOLVED
Corvera,,STARTUP,,,UNRESOLVED
FullSeam,,STARTUP,,,UNRESOLVED
Waddle Labs,,STARTUP,,,UNRESOLVED
Linzumi,,STARTUP,,,UNRESOLVED
Advanced Metal Research,,STARTUP,,,UNRESOLVED
Ploy,,STARTUP,,,UNRESOLVED
CatchBack Cards,,STARTUP,,,UNRESOLVED
Mantis,,STARTUP,,,UNRESOLVED
Haladir,,STARTUP,,,UNRESOLVED
ClaimGlide,,STARTUP,,,UNRESOLVED
Inviscid AI,Meta AI,STARTUP,fuzzy,85.5,RESOLVED
Coasts,,STARTUP,,,UNRESOLVED
Zephyr Fusion,,STARTUP,,,UNRESOLVED
Mayflower,,STARTUP,,,UNRESOLVED
Ndea,,STARTUP,,,UNRESOLVED
item,,STARTUP,,,UNRESOLVED
Crosslayer Labs,AI21 Labs,STARTUP,fuzzy,85.5,RESOLVED
Rivet,,STARTUP,,,UNRESOLVED
Openroll,,STARTUP,,,UNRESOLVED
Amika,,STARTUP,,,UNRESOLVED
Specific Labs,,STARTUP,,,UNRESOLVED
Moss,,STARTUP,,,UNRESOLVED
Zarna,,STARTUP,,,UNRESOLVED
MarkIt,,STARTUP,,,UNRESOLVED
Dome,,STARTUP,,,UNRESOLVED
Voltair,,STARTUP,,,UNRESOLVED
Clicks Health,,STARTUP,,,UNRESOLVED
Fastshot,,STARTUP,,,UNRESOLVED
Vector Legal,,STARTUP,,,UNRESOLVED
Antigen,,STARTUP,,,UNRESOLVED
LunaBill,,STARTUP,,,UNRESOLVED
Axial,,STARTUP,,,UNRESOLVED
Velvet,,STARTUP,,,UNRESOLVED
DiligenceSquared,,STARTUP,,,UNRESOLVED
Amera,,STARTUP,,,UNRESOLVED
Forge Robotics,,STARTUP,,,UNRESOLVED
Bluma,,STARTUP,,,UNRESOLVED
Lightberry,,STARTUP,,,UNRESOLVED
The Hog,,STARTUP,,,UNRESOLVED
Layers,,STARTUP,,,UNRESOLVED
Boom AI,Stability AI,STARTUP,fuzzy,85.5,RESOLVED
Freeport Markets,,STARTUP,,,UNRESOLVED
Miniswap,,STARTUP,,,UNRESOLVED
Rovi Health,,STARTUP,,,UNRESOLVED
MadeThis,,STARTUP,,,UNRESOLVED
General Astronautics,,STARTUP,,,UNRESOLVED
Jarmin,,STARTUP,,,UNRESOLVED
Exonic,,STARTUP,,,UNRESOLVED
Lemma,,STARTUP,,,UNRESOLVED
Perseus,,STARTUP,,,UNRESOLVED
Karumi,,STARTUP,,,UNRESOLVED
Icarus,,STARTUP,,,UNRESOLVED
Sava,,STARTUP,,,UNRESOLVED
TakeCareOS,,STARTUP,,,UNRESOLVED
Denki,,STARTUP,,,UNRESOLVED
Metorial,,STARTUP,,,UNRESOLVED
Kalpa Labs,,STARTUP,,,UNRESOLVED
Absurd,,STARTUP,,,UNRESOLVED
Clad Labs,,STARTUP,,,UNRESOLVED
Automax.ai,xAI,STARTUP,fuzzy,90.0,RESOLVED
Specific,,STARTUP,,,UNRESOLVED
Primer,,STARTUP,,,UNRESOLVED
Narrative,,STARTUP,,,UNRESOLVED
Crunched,,STARTUP,,,UNRESOLVED
Lua Global Inc,,STARTUP,,,UNRESOLVED
Philon,,STARTUP,,,UNRESOLVED
Sourcebot,,STARTUP,,,UNRESOLVED
Zalos,,STARTUP,,,UNRESOLVED
Prism,,STARTUP,,,UNRESOLVED
Aside,,STARTUP,,,UNRESOLVED
Scott AI,Stability AI,STARTUP,fuzzy,85.5,RESOLVED
Everest,,STARTUP,,,UNRESOLVED
Expected Parrot,,STARTUP,,,UNRESOLVED
Imagine AI,,STARTUP,,,UNRESOLVED
Anto Biosciences,,STARTUP,,,UNRESOLVED
Patent Watch,,STARTUP,,,UNRESOLVED
s2.dev,,STARTUP,,,UNRESOLVED
Tornyol,,STARTUP,,,UNRESOLVED
Nucleo,,STARTUP,,,UNRESOLVED
Leadbay,,STARTUP,,,UNRESOLVED
Pixley AI,,STARTUP,,,UNRESOLVED
Cortex AI,,STARTUP,,,UNRESOLVED
Sol,,STARTUP,,,UNRESOLVED
Thesis,,STARTUP,,,UNRESOLVED
Oxus,,STARTUP,,,UNRESOLVED
Play Health,,STARTUP,,,UNRESOLVED
Casey,,STARTUP,,,UNRESOLVED
Selfin,,STARTUP,,,UNRESOLVED
Compyle,,STARTUP,,,UNRESOLVED
Lexi,Perplexity AI,STARTUP,fuzzy,90.0,RESOLVED
Codyco,,STARTUP,,,UNRESOLVED
ComplyDo,,STARTUP,,,UNRESOLVED
Bravi,,STARTUP,,,UNRESOLVED
Rovr,,STARTUP,,,UNRESOLVED
FinalDose,,STARTUP,,,UNRESOLVED
Sunflower,,STARTUP,,,UNRESOLVED
Captain,,STARTUP,,,UNRESOLVED
Redapto,,STARTUP,,,UNRESOLVED
Helonic,,STARTUP,,,UNRESOLVED
Aleph Lab,,STARTUP,,,UNRESOLVED
Logical,,STARTUP,,,UNRESOLVED
Agentic Fabriq,,STARTUP,,,UNRESOLVED
Travo,,STARTUP,,,UNRESOLVED
Tensr,,STARTUP,,,UNRESOLVED
Kestrel AI,,STARTUP,,,UNRESOLVED
LogosGuard,,STARTUP,,,UNRESOLVED
Sciloop,,STARTUP,,,UNRESOLVED
Multifactor,,STARTUP,,,UNRESOLVED
Allus AI,Stability AI,STARTUP,fuzzy,85.5,RESOLVED
Unsiloed AI,Meta AI,STARTUP,fuzzy,85.5,RESOLVED
SF Tensor,,STARTUP,,,UNRESOLVED
AnswerThis,,STARTUP,,,UNRESOLVED
Terrain,,STARTUP,,,UNRESOLVED
Lakonia,,STARTUP,,,UNRESOLVED
SellRaze,,STARTUP,,,UNRESOLVED
Clerked,,STARTUP,,,UNRESOLVED
Semble AI,,STARTUP,,,UNRESOLVED
Flick,,STARTUP,,,UNRESOLVED
hillclimb,,STARTUP,,,UNRESOLVED
AtlasGrid,,STARTUP,,,UNRESOLVED
Wardstone,,STARTUP,,,UNRESOLVED
Nessie,,STARTUP,,,UNRESOLVED
Hypercubic,,STARTUP,,,UNRESOLVED
Cranston AI,Meta AI,STARTUP,fuzzy,85.5,RESOLVED
Trelium,,STARTUP,,,UNRESOLVED
Velum Labs,,STARTUP,,,UNRESOLVED
Veria Labs,,STARTUP,,,UNRESOLVED
Minro,,STARTUP,,,UNRESOLVED
Tell if AI,,STARTUP,,,UNRESOLVED
Bron,,STARTUP,,,UNRESOLVED
Koyal,,STARTUP,,,UNRESOLVED
Kaigo Health,,STARTUP,,,UNRESOLVED
Norra,,STARTUP,,,UNRESOLVED
Soren,,STARTUP,,,UNRESOLVED
Lunavo,,STARTUP,,,UNRESOLVED
dari.dev,,STARTUP,,,UNRESOLVED
The Context Company,,STARTUP,,,UNRESOLVED
Sorce,,STARTUP,,,UNRESOLVED
Caddy,,STARTUP,,,UNRESOLVED
Alt-X,,STARTUP,,,UNRESOLVED
Locus,,STARTUP,,,UNRESOLVED
Deeptrace,,STARTUP,,,UNRESOLVED
Aspect,,STARTUP,,,UNRESOLVED
Scoop,,STARTUP,,,UNRESOLVED
Hyperspell,,STARTUP,,,UNRESOLVED
Bolna AI,Stability AI,STARTUP,fuzzy,85.5,RESOLVED
Nexus,,STARTUP,,,UNRESOLVED
Sylvian,,STARTUP,,,UNRESOLVED
Zavo,,STARTUP,,,UNRESOLVED
MOVEdot,,STARTUP,,,UNRESOLVED
Parrot,,STARTUP,,,UNRESOLVED
Brickwise,,STARTUP,,,UNRESOLVED
Parse,,STARTUP,,,UNRESOLVED
Structured AI,Meta AI,STARTUP,fuzzy,85.5,RESOLVED
Uplane,,STARTUP,,,UNRESOLVED
AirCaps,,STARTUP,,,UNRESOLVED
Brickanta,,STARTUP,,,UNRESOLVED
F2,,STARTUP,,,UNRESOLVED
Remedy,,STARTUP,,,UNRESOLVED
Semiotic,,STARTUP,,,UNRESOLVED
Lapis,,STARTUP,,,UNRESOLVED
Efference,,STARTUP,,,UNRESOLVED
Nox Metals,,STARTUP,,,UNRESOLVED
Digipals,,STARTUP,,,UNRESOLVED
Blue,,STARTUP,,,UNRESOLVED
Mixy,,STARTUP,,,UNRESOLVED
Paloma,,STARTUP,,,UNRESOLVED
Uplift AI,,STARTUP,,,UNRESOLVED
RealRoots,,STARTUP,,,UNRESOLVED
Luminal,,STARTUP,,,UNRESOLVED
Freya,,STARTUP,,,UNRESOLVED
burnt,,STARTUP,,,UNRESOLVED
Avent,,STARTUP,,,UNRESOLVED
Ruvo,,STARTUP,,,UNRESOLVED
Veritus,,STARTUP,,,UNRESOLVED
Sapien,,STARTUP,,,UNRESOLVED
NOSO LABS,,STARTUP,,,UNRESOLVED
Vulcan Technologies,,STARTUP,,,UNRESOLVED
Bizzy AI,Stability AI,STARTUP,fuzzy,85.5,RESOLVED
Spotlight Realty,,STARTUP,,,UNRESOLVED
Interfere,,STARTUP,,,UNRESOLVED
Munify,,STARTUP,,,UNRESOLVED
RowFlow,,STARTUP,,,UNRESOLVED
TectoAI,,STARTUP,,,UNRESOLVED
Duranium,,STARTUP,,,UNRESOLVED
Smartbase,,STARTUP,,,UNRESOLVED
Vorelios,,STARTUP,,,UNRESOLVED
twentyfour26,,STARTUP,,,UNRESOLVED
Hemlock,,STARTUP,,,UNRESOLVED
Forward,,STARTUP,,,UNRESOLVED
Qokedas,,STARTUP,,,UNRESOLVED
Simulithic,,STARTUP,,,UNRESOLVED
herdr,,STARTUP,,,UNRESOLVED
Lambda Robotics,,STARTUP,,,UNRESOLVED
Conifer,,STARTUP,,,UNRESOLVED
Simantic,,STARTUP,,,UNRESOLVED
Experiential Labs,AI21 Labs,STARTUP,fuzzy,85.5,RESOLVED
Edviro,,STARTUP,,,UNRESOLVED
Coasty,,STARTUP,,,UNRESOLVED
Caution,,STARTUP,,,UNRESOLVED
Atomarine,,STARTUP,,,UNRESOLVED
Billow AI Labs,Meta AI,STARTUP,fuzzy,85.5,RESOLVED
hardware intelligence,,STARTUP,,,UNRESOLVED
Osseus,,STARTUP,,,UNRESOLVED
Salem Robotics Inc,,STARTUP,,,UNRESOLVED
Robocurve,,STARTUP,,,UNRESOLVED
hiloop,,STARTUP,,,UNRESOLVED
Dawn Industries,,STARTUP,,,UNRESOLVED
Nex,,STARTUP,,,UNRESOLVED
OneCLI,,STARTUP,,,UNRESOLVED
Wondering,,STARTUP,,,UNRESOLVED
Tracer,,STARTUP,,,UNRESOLVED
Amulet,,STARTUP,,,UNRESOLVED
Avoca Systems,,STARTUP,,,UNRESOLVED
SubVysion,,STARTUP,,,UNRESOLVED
"SpaceFlow Technologies, Inc.",,STARTUP,,,UNRESOLVED
Petrarch,,STARTUP,,,UNRESOLVED
Locke,,STARTUP,,,UNRESOLVED
Florin,,STARTUP,,,UNRESOLVED
Earendil Robotics,,STARTUP,,,UNRESOLVED
Hebbian Robotics,,STARTUP,,,UNRESOLVED
Hop Aero,,STARTUP,,,UNRESOLVED
Agent FM,,STARTUP,,,UNRESOLVED
OpenRelay,,STARTUP,,,UNRESOLVED
Dock,,STARTUP,,,UNRESOLVED
Verdict Machine,,STARTUP,,,UNRESOLVED
HyperProbe,,STARTUP,,,UNRESOLVED
Grip,,STARTUP,,,UNRESOLVED
Skymerse,,STARTUP,,,UNRESOLVED
Hubble,,STARTUP,,,UNRESOLVED
Palisade,,STARTUP,,,UNRESOLVED
83 Sciences,,STARTUP,,,UNRESOLVED
Chromie,,STARTUP,,,UNRESOLVED
Lamb Labs,,STARTUP,,,UNRESOLVED
Mireye,,STARTUP,,,UNRESOLVED
Derya,,STARTUP,,,UNRESOLVED
Decawork,,STARTUP,,,UNRESOLVED
CarSignal,,STARTUP,,,UNRESOLVED
Axelrod,,STARTUP,,,UNRESOLVED
Levocred AI,Meta AI,STARTUP,fuzzy,85.5,RESOLVED
Praxis AI,,STARTUP,,,UNRESOLVED
Care GP,,STARTUP,,,UNRESOLVED
Radley,,STARTUP,,,UNRESOLVED
Agnost AI,,STARTUP,,,UNRESOLVED
Agentcard,,STARTUP,,,UNRESOLVED
ProvenMetal,,STARTUP,,,UNRESOLVED
Gamgee,,STARTUP,,,UNRESOLVED
Inkbox,,STARTUP,,,UNRESOLVED
Operon,,STARTUP,,,UNRESOLVED
Cosmic Robotics,,STARTUP,,,UNRESOLVED
Markov,,STARTUP,,,UNRESOLVED
Lumeria,,STARTUP,,,UNRESOLVED
Marengo,,STARTUP,,,UNRESOLVED
RonanRx Inc.,,STARTUP,,,UNRESOLVED
Executor,,STARTUP,,,UNRESOLVED
Last Accounting Company,,STARTUP,,,UNRESOLVED
Pacific,,STARTUP,,,UNRESOLVED
Luca IQ,,STARTUP,,,UNRESOLVED
Financial Datasets,,STARTUP,,,UNRESOLVED
TryNearby,,STARTUP,,,UNRESOLVED
Computable,,STARTUP,,,UNRESOLVED
Denta,,STARTUP,,,UNRESOLVED
Isengard Industries Inc,,STARTUP,,,UNRESOLVED
Ekho Labs,,STARTUP,,,UNRESOLVED
Moving Atoms,,STARTUP,,,UNRESOLVED
Vestris,,STARTUP,,,UNRESOLVED
Ultrasonium,,STARTUP,,,UNRESOLVED
Arbital,,STARTUP,,,UNRESOLVED
PokerClubHub,,STARTUP,,,UNRESOLVED
Neuron Industries,,STARTUP,,,UNRESOLVED
Neuromorphic,,STARTUP,,,UNRESOLVED
LATO,,STARTUP,,,UNRESOLVED
Risklytics,,STARTUP,,,UNRESOLVED
Daqstra,,STARTUP,,,UNRESOLVED
Tenor,,STARTUP,,,UNRESOLVED
Qlo,,STARTUP,,,UNRESOLVED
Fabraix,,STARTUP,,,UNRESOLVED
Omanta,,STARTUP,,,UNRESOLVED
Rational,,STARTUP,,,UNRESOLVED
Aktoria Robotics,,STARTUP,,,UNRESOLVED
Vendo,,STARTUP,,,UNRESOLVED
Click,,STARTUP,,,UNRESOLVED
Whitespace,,STARTUP,,,UNRESOLVED
Orvixo,,STARTUP,,,UNRESOLVED
Almanac,,STARTUP,,,UNRESOLVED
TareBio,,STARTUP,,,UNRESOLVED
Greypoint Industries,,STARTUP,,,UNRESOLVED
Graphify Labs,,STARTUP,,,UNRESOLVED
Ooak Data,,STARTUP,,,UNRESOLVED
Nori,,STARTUP,,,UNRESOLVED
6thSense,,STARTUP,,,UNRESOLVED
Bloomy,,STARTUP,,,UNRESOLVED
machine0,,STARTUP,,,UNRESOLVED
Pluto,,STARTUP,,,UNRESOLVED
FlowManual,,STARTUP,,,UNRESOLVED
Stratum Industries,,STARTUP,,,UNRESOLVED
Peer,,STARTUP,,,UNRESOLVED
Molagri,,STARTUP,,,UNRESOLVED
Cerenovus,,STARTUP,,,UNRESOLVED
Agency Tool Company,,STARTUP,,,UNRESOLVED
Standard Machines,,STARTUP,,,UNRESOLVED
EdotEnv,,STARTUP,,,UNRESOLVED
Traceforce,,STARTUP,,,UNRESOLVED
Definite,,STARTUP,,,UNRESOLVED
Alkera AI,,STARTUP,,,UNRESOLVED
Rasyn,,STARTUP,,,UNRESOLVED
Manifold,,STARTUP,,,UNRESOLVED
screenpipe,,STARTUP,,,UNRESOLVED
Zaplar,,STARTUP,,,UNRESOLVED
Prodigy Research,,STARTUP,,,UNRESOLVED
Touchmark,,STARTUP,,,UNRESOLVED
Exosat,,STARTUP,,,UNRESOLVED
Codag,,STARTUP,,,UNRESOLVED
Context.dev,,STARTUP,,,UNRESOLVED
Glen,Glean,STARTUP,fuzzy,88.88888888888889,RESOLVED
Stoa,,STARTUP,,,UNRESOLVED
Marble,,STARTUP,,,UNRESOLVED
Audun,,STARTUP,,,UNRESOLVED
COACH,,STARTUP,,,UNRESOLVED
Alloovium,,STARTUP,,,UNRESOLVED
Dialogus,,STARTUP,,,UNRESOLVED
Mosaic,,STARTUP,,,UNRESOLVED
Bizmark,,STARTUP,,,UNRESOLVED
Riften,,STARTUP,,,UNRESOLVED
Buildbox,,STARTUP,,,UNRESOLVED
RealPact,,STARTUP,,,UNRESOLVED
GUILD,,STARTUP,,,UNRESOLVED
Floracene,,STARTUP,,,UNRESOLVED
Rise Reforming,,STARTUP,,,UNRESOLVED
Instaplay,,STARTUP,,,UNRESOLVED
Verdant,,STARTUP,,,UNRESOLVED
IMPACT Drones,,STARTUP,,,UNRESOLVED
Insurf,,STARTUP,,,UNRESOLVED
Jcode,,STARTUP,,,UNRESOLVED
LemonLime,,STARTUP,,,UNRESOLVED
Gutgutgoose,,STARTUP,,,UNRESOLVED
Speko,,STARTUP,,,UNRESOLVED
Synapse Semiconductor,,STARTUP,,,UNRESOLVED
Understudy Labs,AI21 Labs,STARTUP,fuzzy,85.5,RESOLVED
Rote,,STARTUP,,,UNRESOLVED
Prized,,STARTUP,,,UNRESOLVED
Maingen,,STARTUP,,,UNRESOLVED
Enact,,STARTUP,,,UNRESOLVED
Rex,,STARTUP,,,UNRESOLVED
Zomma,,STARTUP,,,UNRESOLVED
Nebula Security,,STARTUP,,,UNRESOLVED
Kara,,STARTUP,,,UNRESOLVED
Trope,,STARTUP,,,UNRESOLVED
Parasma,,STARTUP,,,UNRESOLVED
Belvedir,,STARTUP,,,UNRESOLVED
Shielded,,STARTUP,,,UNRESOLVED
Olam Labs,,STARTUP,,,UNRESOLVED
Egoist Machines,,STARTUP,,,UNRESOLVED
Perceptron ML,,STARTUP,,,UNRESOLVED
Erinys,,STARTUP,,,UNRESOLVED
HERA,,STARTUP,,,UNRESOLVED
Donkey,,STARTUP,,,UNRESOLVED
OpenTrade,,STARTUP,,,UNRESOLVED
Hoplite,,STARTUP,,,UNRESOLVED
Pango,,STARTUP,,,UNRESOLVED
tash,,STARTUP,,,UNRESOLVED
Torus,,STARTUP,,,UNRESOLVED
Kebra,,STARTUP,,,UNRESOLVED
GitCafe,,STARTUP,,,UNRESOLVED
RightNow,,STARTUP,,,UNRESOLVED
Akkari,,STARTUP,,,UNRESOLVED
HeyClicky,,STARTUP,,,UNRESOLVED
Rindler,,STARTUP,,,UNRESOLVED
Proprio Robotics,,STARTUP,,,UNRESOLVED
Huscarl,,STARTUP,,,UNRESOLVED
Thomas,,STARTUP,,,UNRESOLVED
Cohesion,,STARTUP,,,UNRESOLVED
Maquoketa Research,,STARTUP,,,UNRESOLVED
Intelligence Factory,,STARTUP,,,UNRESOLVED
Amorphic Labs,,STARTUP,,,UNRESOLVED
rekursiv.ai,,STARTUP,,,UNRESOLVED
Clawvisor,,STARTUP,,,UNRESOLVED
Framewise Health,,STARTUP,,,UNRESOLVED
Arctic Health,,STARTUP,,,UNRESOLVED
Playabl.ai,,STARTUP,,,UNRESOLVED
Enjamb Labs,,STARTUP,,,UNRESOLVED
Hyper,,STARTUP,,,UNRESOLVED
InsForge,,STARTUP,,,UNRESOLVED
ReasonBlocks,,STARTUP,,,UNRESOLVED
Modern,,STARTUP,,,UNRESOLVED
Panacea,,STARTUP,,,UNRESOLVED
CentralComs,,STARTUP,,,UNRESOLVED
KugelAudio,Udio,STARTUP,fuzzy,90.0,RESOLVED
Klaimee,,STARTUP,,,UNRESOLVED
flowscope,,STARTUP,,,UNRESOLVED
Trident,,STARTUP,,,UNRESOLVED
Gigacatalyst,,STARTUP,,,UNRESOLVED
Arlo Industries,,STARTUP,,,UNRESOLVED
Astraea,,STARTUP,,,UNRESOLVED
Lattice Health,,STARTUP,,,UNRESOLVED
Atlas Discovery,,STARTUP,,,UNRESOLVED
Manicule,,STARTUP,,,UNRESOLVED
Avea Robotics,,STARTUP,,,UNRESOLVED
Mochatrade,,STARTUP,,,UNRESOLVED
Asendia AI,,STARTUP,,,UNRESOLVED
Revnu,,STARTUP,,,UNRESOLVED
Uno Wallet,,STARTUP,,,UNRESOLVED
Arden,,STARTUP,,,UNRESOLVED
AgentPhone,,STARTUP,,,UNRESOLVED
Gravy,,STARTUP,,,UNRESOLVED
Kinect,,STARTUP,,,UNRESOLVED
Runtime,,STARTUP,,,UNRESOLVED
YouArt,,STARTUP,,,UNRESOLVED
Expanse,,STARTUP,,,UNRESOLVED
CharacterQuilt,,STARTUP,,,UNRESOLVED
Pentagon,,STARTUP,,,UNRESOLVED
Arzana,,STARTUP,,,UNRESOLVED
Auxos,,STARTUP,,,UNRESOLVED
ProjectX,,STARTUP,,,UNRESOLVED
Tolmo,,STARTUP,,,UNRESOLVED
OpenWork,,STARTUP,,,UNRESOLVED
"Apollo Atomics, Inc.",,STARTUP,,,UNRESOLVED
General Aviation,,STARTUP,,,UNRESOLVED
OpenProse,,STARTUP,,,UNRESOLVED
Aster,,STARTUP,,,UNRESOLVED
Amboras,,STARTUP,,,UNRESOLVED
Hessian,,STARTUP,,,UNRESOLVED
RASPIRE,,STARTUP,,,UNRESOLVED
Plena Health,,STARTUP,,,UNRESOLVED
TesterArmy,,STARTUP,,,UNRESOLVED
Eden Robotics,,STARTUP,,,UNRESOLVED
Foaster,,STARTUP,,,UNRESOLVED
AquaShield,,STARTUP,,,UNRESOLVED
Ornadyne,,STARTUP,,,UNRESOLVED
ANORIA,,STARTUP,,,UNRESOLVED
AbInitio Bio,,STARTUP,,,UNRESOLVED
Memory Store,,STARTUP,,,UNRESOLVED
Saudara AI,,STARTUP,,,UNRESOLVED
Pops,,STARTUP,,,UNRESOLVED
Silmaril,,STARTUP,,,UNRESOLVED
BioStack Platforms,,STARTUP,,,UNRESOLVED
Ardent,,STARTUP,,,UNRESOLVED
Kuli,,STARTUP,,,UNRESOLVED
Wato,,STARTUP,,,UNRESOLVED
Tasklet,,STARTUP,,,UNRESOLVED
Chronicle Labs,AI21 Labs,STARTUP,fuzzy,85.5,RESOLVED
Walter,,STARTUP,,,UNRESOLVED
Aseon Labs,,STARTUP,,,UNRESOLVED
Soria,,STARTUP,,,UNRESOLVED
Armature,,STARTUP,,,UNRESOLVED
Collar,,STARTUP,,,UNRESOLVED
PLAN0 AI,Stability AI,STARTUP,fuzzy,85.5,RESOLVED
Zibra Labs,,STARTUP,,,UNRESOLVED
Ara,Character.ai,STARTUP,fuzzy,90.0,RESOLVED
ValCtrl,,STARTUP,,,UNRESOLVED
General Instinct,,STARTUP,,,UNRESOLVED
tday.com,,STARTUP,,,UNRESOLVED
ED1TH,,STARTUP,,,UNRESOLVED
Minicor,,STARTUP,,,UNRESOLVED
Degla Inc,,STARTUP,,,UNRESOLVED
Archer,,STARTUP,,,UNRESOLVED
River Markets,,STARTUP,,,UNRESOLVED
smol machines,,STARTUP,,,UNRESOLVED
Allowance,,STARTUP,,,UNRESOLVED
Harbor,,STARTUP,,,UNRESOLVED
Alchemize,,STARTUP,,,UNRESOLVED
Complir,,STARTUP,,,UNRESOLVED
AICE,,STARTUP,,,UNRESOLVED
Infera,,STARTUP,,,UNRESOLVED
Mount,,STARTUP,,,UNRESOLVED
Parrot,,STARTUP,,,UNRESOLVED
Result,,STARTUP,,,UNRESOLVED
Sidekick,,STARTUP,,,UNRESOLVED
Prototyping.io,,STARTUP,,,UNRESOLVED
Lumius,,STARTUP,,,UNRESOLVED
Adialante,,STARTUP,,,UNRESOLVED
Savant,,STARTUP,,,UNRESOLVED
Keyframe Labs,,STARTUP,,,UNRESOLVED
Voquill,,STARTUP,,,UNRESOLVED
Oddpool,,STARTUP,,,UNRESOLVED
Ontora,,STARTUP,,,UNRESOLVED
Napkin Math,,STARTUP,,,UNRESOLVED
Gojiberry AI,Meta AI,STARTUP,fuzzy,85.5,RESOLVED
Lab0,,STARTUP,,,UNRESOLVED
BentoLabs AI,Meta AI,STARTUP,fuzzy,85.5,RESOLVED
Lamina Labs,,STARTUP,,,UNRESOLVED
Kimpton AI,,STARTUP,,,UNRESOLVED
StableBrowse,,STARTUP,,,UNRESOLVED
Taiga,,STARTUP,,,UNRESOLVED
Pairio,,STARTUP,,,UNRESOLVED
Callab AI,,STARTUP,,,UNRESOLVED
Synphony,,STARTUP,,,UNRESOLVED
Dreach,,STARTUP,,,UNRESOLVED
Arga Labs,,STARTUP,,,UNRESOLVED
Andco,,STARTUP,,,UNRESOLVED
RentAHuman,,STARTUP,,,UNRESOLVED
InstaAgent,,STARTUP,,,UNRESOLVED
Salesgraph,,STARTUP,,,UNRESOLVED
Sherpa,,STARTUP,,,UNRESOLVED
Userlens,,STARTUP,,,UNRESOLVED
transload,,STARTUP,,,UNRESOLVED
Standout,,STARTUP,,,UNRESOLVED
shotwell.ai,,STARTUP,,,UNRESOLVED
Madrone,,STARTUP,,,UNRESOLVED
Pavoot,,STARTUP,,,UNRESOLVED
qomplement,,STARTUP,,,UNRESOLVED
Deep Interactions,,STARTUP,,,UNRESOLVED
KelAI,,STARTUP,,,UNRESOLVED
"HEVN, inc",,STARTUP,,,UNRESOLVED
Wealor,,STARTUP,,,UNRESOLVED
Elyra,,STARTUP,,,UNRESOLVED
Interfaze,,STARTUP,,,UNRESOLVED
Zolvo,,STARTUP,,,UNRESOLVED
Juno,,STARTUP,,,UNRESOLVED
Kinro,,STARTUP,,,UNRESOLVED
GovGuard,,STARTUP,,,UNRESOLVED
Superlog,,STARTUP,,,UNRESOLVED
GodHands,,STARTUP,,,UNRESOLVED
Limrun,,STARTUP,,,UNRESOLVED
Light Anchor,,STARTUP,,,UNRESOLVED
Hub,,STARTUP,,,UNRESOLVED
Tenet Industries,,STARTUP,,,UNRESOLVED
Atrisa,,STARTUP,,,UNRESOLVED
Trellis,,STARTUP,,,UNRESOLVED
The Company Company,Together AI,STARTUP,fuzzy,90.0,RESOLVED
Dayjob,,STARTUP,,,UNRESOLVED
InLoop Robotics,,STARTUP,,,UNRESOLVED
Zenbu,,STARTUP,,,UNRESOLVED
Andustry,,STARTUP,,,UNRESOLVED
Nine Fives,,STARTUP,,,UNRESOLVED
Incandor,,STARTUP,,,UNRESOLVED
Chert,,STARTUP,,,UNRESOLVED
Saffron,,STARTUP,,,UNRESOLVED
Discovered Materials,,STARTUP,,,UNRESOLVED
Lightsprint,,STARTUP,,,UNRESOLVED
Twolabs,,STARTUP,,,UNRESOLVED
Scope,,STARTUP,,,UNRESOLVED
Hexa,,STARTUP,,,UNRESOLVED
Palette,,STARTUP,,,UNRESOLVED
Rudus,,STARTUP,,,UNRESOLVED
Replicas,,STARTUP,,,UNRESOLVED
Totalis,,STARTUP,,,UNRESOLVED
WithAI,,STARTUP,,,UNRESOLVED
Osmaura,,STARTUP,,,UNRESOLVED
Instance,,STARTUP,,,UNRESOLVED
Illume Labs,,STARTUP,,,UNRESOLVED
Memoir,,STARTUP,,,UNRESOLVED
"PerfectBit, Inc.",,STARTUP,,,UNRESOLVED
Stage,,STARTUP,,,UNRESOLVED
Standard Signal,,STARTUP,,,UNRESOLVED
primitive,,STARTUP,,,UNRESOLVED
afterfive,,STARTUP,,,UNRESOLVED
Klarify,,STARTUP,,,UNRESOLVED
Surtr Defense Systems,,STARTUP,,,UNRESOLVED
Hedge,,STARTUP,,,UNRESOLVED
Cardinal,,STARTUP,,,UNRESOLVED
Wideframe,,STARTUP,,,UNRESOLVED
Martini,,STARTUP,,,UNRESOLVED
Litmus,,STARTUP,,,UNRESOLVED
Condor Energy,,STARTUP,,,UNRESOLVED
Remix,,STARTUP,,,UNRESOLVED
OpenVector,,STARTUP,,,UNRESOLVED
Shofo,,STARTUP,,,UNRESOLVED
Wayco,,STARTUP,,,UNRESOLVED
"Applied Electrodynamics, Inc.",,STARTUP,,,UNRESOLVED
Unifold,,STARTUP,,,UNRESOLVED
Carrot Labs,,STARTUP,,,UNRESOLVED
Dispatch,,STARTUP,,,UNRESOLVED
Bloom,,STARTUP,,,UNRESOLVED
Aurorin CAD,,STARTUP,,,UNRESOLVED
Fixture,,STARTUP,,,UNRESOLVED
DAIVIN!,,STARTUP,,,UNRESOLVED
Brumby (Formerly GrazeMate),,STARTUP,,,UNRESOLVED
Origami Robotics,,STARTUP,,,UNRESOLVED
Ossus,,STARTUP,,,UNRESOLVED
Rubric AI,,STARTUP,,,UNRESOLVED
Regbase,,STARTUP,,,UNRESOLVED
Zymbly,,STARTUP,,,UNRESOLVED
Ritivel,,STARTUP,,,UNRESOLVED
Polymorph,,STARTUP,,,UNRESOLVED
Khotan (formerly Pollinate),,STARTUP,,,UNRESOLVED
SpotPay,,STARTUP,,,UNRESOLVED
Poth Labs,,STARTUP,,,UNRESOLVED
VOYGR,,STARTUP,,,UNRESOLVED
MochaCare,,STARTUP,,,UNRESOLVED
Cova,,STARTUP,,,UNRESOLVED
Vela,,STARTUP,,,UNRESOLVED
Supafax,,STARTUP,,,UNRESOLVED
Talking Computers,,STARTUP,,,UNRESOLVED
Control Seat,,STARTUP,,,UNRESOLVED
Copperlane,,STARTUP,,,UNRESOLVED
Tsenta,,STARTUP,,,UNRESOLVED
Atlia,,STARTUP,,,UNRESOLVED
Canary,,STARTUP,,,UNRESOLVED
Grade,,STARTUP,,,UNRESOLVED
Sila,,STARTUP,,,UNRESOLVED
Maven,,STARTUP,,,UNRESOLVED
Moda,,STARTUP,,,UNRESOLVED
The Token Company,,STARTUP,,,UNRESOLVED
BeeSafe AI,,STARTUP,,,UNRESOLVED
Fed10,,STARTUP,,,UNRESOLVED
Inth,,STARTUP,,,UNRESOLVED
Squid,,STARTUP,,,UNRESOLVED
Crow,,STARTUP,,,UNRESOLVED
Foreman,,STARTUP,,,UNRESOLVED
Booko,,STARTUP,,,UNRESOLVED
Corelayer,,STARTUP,,,UNRESOLVED
General Legal,,STARTUP,,,UNRESOLVED
Fort,,STARTUP,,,UNRESOLVED
Balance,,STARTUP,,,UNRESOLVED
Ekpa,,STARTUP,,,UNRESOLVED
Chasi,,STARTUP,,,UNRESOLVED
Anchorhead,,STARTUP,,,UNRESOLVED
o11,,STARTUP,,,UNRESOLVED
Doomersion,,STARTUP,,,UNRESOLVED
Sequence Markets,,STARTUP,,,UNRESOLVED
Libra Robotics,,STARTUP,,,UNRESOLVED
Ditto Biosciences,,STARTUP,,,UNRESOLVED
Servo7,,STARTUP,,,UNRESOLVED
Datoric,,STARTUP,,,UNRESOLVED
Superset,,STARTUP,,,UNRESOLVED
Netter,,STARTUP,,,UNRESOLVED
Voxel Energy,,STARTUP,,,UNRESOLVED
Polymath,,STARTUP,,,UNRESOLVED
Archal,,STARTUP,,,UNRESOLVED
Bubble Lab,,STARTUP,,,UNRESOLVED
Pocket,,STARTUP,,,UNRESOLVED
Byteport,,STARTUP,,,UNRESOLVED
Constellation Space,,STARTUP,,,UNRESOLVED
Sazabi,,STARTUP,,,UNRESOLVED
Mendral,,STARTUP,,,UNRESOLVED
AxionOrbital Space,,STARTUP,,,UNRESOLVED
Oximy,,STARTUP,,,UNRESOLVED
Caretta,,STARTUP,,,UNRESOLVED
Samora AI,,STARTUP,,,UNRESOLVED
Human Archive,,STARTUP,,,UNRESOLVED
Forum,,STARTUP,,,UNRESOLVED
Sitefire,,STARTUP,,,UNRESOLVED
Robby,,STARTUP,,,UNRESOLVED
Ressl AI,Stability AI,STARTUP,fuzzy,85.5,RESOLVED
Emdash,,STARTUP,,,UNRESOLVED
InventoryQuant,,STARTUP,,,UNRESOLVED
Congruent,,STARTUP,,,UNRESOLVED
Reframe,,STARTUP,,,UNRESOLVED
Valence,,STARTUP,,,UNRESOLVED
9 Mothers,,STARTUP,,,UNRESOLVED
Approxima,,STARTUP,,,UNRESOLVED
Traverse,,STARTUP,,,UNRESOLVED
Revion,,STARTUP,,,UNRESOLVED
Maywood,,STARTUP,,,UNRESOLVED
Fenrock AI,,STARTUP,,,UNRESOLVED
End Close,,STARTUP,,,UNRESOLVED
Chamber,,STARTUP,,,UNRESOLVED
Assemble,,STARTUP,,,UNRESOLVED
Patientdesk.ai,,STARTUP,,,UNRESOLVED
Visibl Semiconductors,,STARTUP,,,UNRESOLVED
Synthetic Sciences,,STARTUP,,,UNRESOLVED
Seeing Systems,,STARTUP,,,UNRESOLVED
Jinba,,STARTUP,,,UNRESOLVED
Cardboard,,STARTUP,,,UNRESOLVED
Prana,,STARTUP,,,UNRESOLVED
Rhizome AI,,STARTUP,,,UNRESOLVED
Pax Historia,,STARTUP,,,UNRESOLVED
Parameter (fka Hex Security),,STARTUP,,,UNRESOLVED
Laurence,,STARTUP,,,UNRESOLVED
Terminal Use,,STARTUP,,,UNRESOLVED
Overshoot,,STARTUP,,,UNRESOLVED
Cajal,,STARTUP,,,UNRESOLVED
Proximitty,,STARTUP,,,UNRESOLVED
Instinct,,STARTUP,,,UNRESOLVED
Stilta,,STARTUP,,,UNRESOLVED
Unisson,,STARTUP,,,UNRESOLVED
IncidentFox,,STARTUP,,,UNRESOLVED
Compresr,,STARTUP,,,UNRESOLVED
Opalite Health,,STARTUP,,,UNRESOLVED
Confluence Labs,AI21 Labs,STARTUP,fuzzy,85.5,RESOLVED
Rapidfolio,,STARTUP,,,UNRESOLVED
Mango Medical,,STARTUP,,,UNRESOLVED
Sponge,,STARTUP,,,UNRESOLVED
Terranox AI,Meta AI,STARTUP,fuzzy,85.5,RESOLVED
Drafted,,STARTUP,,,UNRESOLVED
Ventura,,STARTUP,,,UNRESOLVED
Q2Q,,STARTUP,,,UNRESOLVED
Orthogonal,,STARTUP,,,UNRESOLVED
Perfectly,,STARTUP,,,UNRESOLVED
Fern,,STARTUP,,,UNRESOLVED
Sparkles,,STARTUP,,,UNRESOLVED
EigenPal,,STARTUP,,,UNRESOLVED
Salus,,STARTUP,,,UNRESOLVED
Moritz,,STARTUP,,,UNRESOLVED
RamAIn,,STARTUP,,,UNRESOLVED
Milliray,,STARTUP,,,UNRESOLVED
Beyond Reach Labs,AI21 Labs,STARTUP,fuzzy,85.5,RESOLVED
OctaPulse,,STARTUP,,,UNRESOLVED
CodeWisp,,STARTUP,,,UNRESOLVED
Ashr,,STARTUP,,,UNRESOLVED
Aemon,,STARTUP,,,UNRESOLVED
Luel,,STARTUP,,,UNRESOLVED
Scheduling Wizard,,STARTUP,,,UNRESOLVED
RoboDock,,STARTUP,,,UNRESOLVED
Skillsync,,STARTUP,,,UNRESOLVED
MouseCat,,STARTUP,,,UNRESOLVED
Zatanna,,STARTUP,,,UNRESOLVED
AutoSitu,,STARTUP,,,UNRESOLVED
Verdex,,STARTUP,,,UNRESOLVED
Cumulus Labs,,STARTUP,,,UNRESOLVED
Tepali,,STARTUP,,,UNRESOLVED
Palus Finance,,STARTUP,,,UNRESOLVED
21st,,STARTUP,,,UNRESOLVED
Avoice,,STARTUP,,,UNRESOLVED
Kyten Technologies,,STARTUP,,,UNRESOLVED
ZeroSettle,,STARTUP,,,UNRESOLVED
/dev/fast,,STARTUP,,,UNRESOLVED
Cignara,,STARTUP,,,UNRESOLVED
OpenSpec,,STARTUP,,,UNRESOLVED
Piris Labs,,STARTUP,,,UNRESOLVED
CellType,,STARTUP,,,UNRESOLVED
Burt,,STARTUP,,,UNRESOLVED
Envariant,,STARTUP,,,UNRESOLVED
Cascade,,STARTUP,,,UNRESOLVED
Beacon Health,,STARTUP,,,UNRESOLVED
Strand AI,,STARTUP,,,UNRESOLVED
BaseFrame,,STARTUP,,,UNRESOLVED
Protent,,STARTUP,,,UNRESOLVED
Cofia,,STARTUP,,,UNRESOLVED
Fuchsia,,STARTUP,,,UNRESOLVED
LegalOS,,STARTUP,,,UNRESOLVED
Sentrial,,STARTUP,,,UNRESOLVED
10x Science,,STARTUP,,,UNRESOLVED
REV1,,STARTUP,,,UNRESOLVED
shortkit,,STARTUP,,,UNRESOLVED
Asimov,,STARTUP,,,UNRESOLVED
Lexius,,STARTUP,,,UNRESOLVED
Axis,,STARTUP,,,UNRESOLVED
Mirabelle,,STARTUP,,,UNRESOLVED
Docura Health,,STARTUP,,,UNRESOLVED
Lance,,STARTUP,,,UNRESOLVED
RunAnywhere,,STARTUP,,,UNRESOLVED
Lucent,,STARTUP,,,UNRESOLVED
"Prescience, Inc.",,STARTUP,,,UNRESOLVED
Ruma Care,,STARTUP,,,UNRESOLVED
Klaus AI,Stability AI,STARTUP,fuzzy,85.5,RESOLVED
Kita,,STARTUP,,,UNRESOLVED
Syntropy,,STARTUP,,,UNRESOLVED
One Robot,,STARTUP,,,UNRESOLVED
Didit,,STARTUP,,,UNRESOLVED
Panta,,STARTUP,,,UNRESOLVED
Imperfect,,STARTUP,,,UNRESOLVED
TrustAI,,STARTUP,,,UNRESOLVED
Payna,,STARTUP,,,UNRESOLVED
Origin,,STARTUP,,,UNRESOLVED
Clara,,STARTUP,,,UNRESOLVED
Hlabs,,STARTUP,,,UNRESOLVED
Eos AI,Mistral AI,STARTUP,fuzzy,85.5,RESOLVED
Valgo,,STARTUP,,,UNRESOLVED
ARC Prize Foundation,,STARTUP,,,UNRESOLVED
Corvera,,STARTUP,,,UNRESOLVED
FullSeam,,STARTUP,,,UNRESOLVED
Waddle Labs,,STARTUP,,,UNRESOLVED
Linzumi,,STARTUP,,,UNRESOLVED
Advanced Metal Research,,STARTUP,,,UNRESOLVED
Ploy,,STARTUP,,,UNRESOLVED
CatchBack Cards,,STARTUP,,,UNRESOLVED
Mantis,,STARTUP,,,UNRESOLVED
Haladir,,STARTUP,,,UNRESOLVED
ClaimGlide,,STARTUP,,,UNRESOLVED
Inviscid AI,Meta AI,STARTUP,fuzzy,85.5,RESOLVED
Coasts,,STARTUP,,,UNRESOLVED
Zephyr Fusion,,STARTUP,,,UNRESOLVED
Mayflower,,STARTUP,,,UNRESOLVED
Ndea,,STARTUP,,,UNRESOLVED
item,,STARTUP,,,UNRESOLVED
Crosslayer Labs,AI21 Labs,STARTUP,fuzzy,85.5,RESOLVED
Rivet,,STARTUP,,,UNRESOLVED
Openroll,,STARTUP,,,UNRESOLVED
Amika,,STARTUP,,,UNRESOLVED
Specific Labs,,STARTUP,,,UNRESOLVED
Moss,,STARTUP,,,UNRESOLVED
Zarna,,STARTUP,,,UNRESOLVED
MarkIt,,STARTUP,,,UNRESOLVED
Dome,,STARTUP,,,UNRESOLVED
Voltair,,STARTUP,,,UNRESOLVED
Clicks Health,,STARTUP,,,UNRESOLVED
Fastshot,,STARTUP,,,UNRESOLVED
Vector Legal,,STARTUP,,,UNRESOLVED
Antigen,,STARTUP,,,UNRESOLVED
LunaBill,,STARTUP,,,UNRESOLVED
Axial,,STARTUP,,,UNRESOLVED
Velvet,,STARTUP,,,UNRESOLVED
DiligenceSquared,,STARTUP,,,UNRESOLVED
Amera,,STARTUP,,,UNRESOLVED
Forge Robotics,,STARTUP,,,UNRESOLVED
Bluma,,STARTUP,,,UNRESOLVED
Lightberry,,STARTUP,,,UNRESOLVED
The Hog,,STARTUP,,,UNRESOLVED
Layers,,STARTUP,,,UNRESOLVED
Boom AI,Stability AI,STARTUP,fuzzy,85.5,RESOLVED
Freeport Markets,,STARTUP,,,UNRESOLVED
Miniswap,,STARTUP,,,UNRESOLVED
Rovi Health,,STARTUP,,,UNRESOLVED
MadeThis,,STARTUP,,,UNRESOLVED
General Astronautics,,STARTUP,,,UNRESOLVED
Jarmin,,STARTUP,,,UNRESOLVED
Exonic,,STARTUP,,,UNRESOLVED
Lemma,,STARTUP,,,UNRESOLVED
Perseus,,STARTUP,,,UNRESOLVED
Karumi,,STARTUP,,,UNRESOLVED
Icarus,,STARTUP,,,UNRESOLVED
Sava,,STARTUP,,,UNRESOLVED
TakeCareOS,,STARTUP,,,UNRESOLVED
Denki,,STARTUP,,,UNRESOLVED
Metorial,,STARTUP,,,UNRESOLVED
Kalpa Labs,,STARTUP,,,UNRESOLVED
Absurd,,STARTUP,,,UNRESOLVED
Clad Labs,,STARTUP,,,UNRESOLVED
Automax.ai,xAI,STARTUP,fuzzy,90.0,RESOLVED
Specific,,STARTUP,,,UNRESOLVED
Primer,,STARTUP,,,UNRESOLVED
Narrative,,STARTUP,,,UNRESOLVED
Crunched,,STARTUP,,,UNRESOLVED
Lua Global Inc,,STARTUP,,,UNRESOLVED
Philon,,STARTUP,,,UNRESOLVED
Sourcebot,,STARTUP,,,UNRESOLVED
Zalos,,STARTUP,,,UNRESOLVED
Prism,,STARTUP,,,UNRESOLVED
Aside,,STARTUP,,,UNRESOLVED
Scott AI,Stability AI,STARTUP,fuzzy,85.5,RESOLVED
Everest,,STARTUP,,,UNRESOLVED
Expected Parrot,,STARTUP,,,UNRESOLVED
Imagine AI,,STARTUP,,,UNRESOLVED
Anto Biosciences,,STARTUP,,,UNRESOLVED
Patent Watch,,STARTUP,,,UNRESOLVED
s2.dev,,STARTUP,,,UNRESOLVED
Tornyol,,STARTUP,,,UNRESOLVED
Nucleo,,STARTUP,,,UNRESOLVED
Leadbay,,STARTUP,,,UNRESOLVED
Pixley AI,,STARTUP,,,UNRESOLVED
Cortex AI,,STARTUP,,,UNRESOLVED
Sol,,STARTUP,,,UNRESOLVED
Thesis,,STARTUP,,,UNRESOLVED
Oxus,,STARTUP,,,UNRESOLVED
Play Health,,STARTUP,,,UNRESOLVED
Casey,,STARTUP,,,UNRESOLVED
Selfin,,STARTUP,,,UNRESOLVED
Compyle,,STARTUP,,,UNRESOLVED
Lexi,Perplexity AI,STARTUP,fuzzy,90.0,RESOLVED
Codyco,,STARTUP,,,UNRESOLVED
ComplyDo,,STARTUP,,,UNRESOLVED
Bravi,,STARTUP,,,UNRESOLVED
Rovr,,STARTUP,,,UNRESOLVED
FinalDose,,STARTUP,,,UNRESOLVED
Sunflower,,STARTUP,,,UNRESOLVED
Captain,,STARTUP,,,UNRESOLVED
Redapto,,STARTUP,,,UNRESOLVED
Helonic,,STARTUP,,,UNRESOLVED
Aleph Lab,,STARTUP,,,UNRESOLVED
Logical,,STARTUP,,,UNRESOLVED
Agentic Fabriq,,STARTUP,,,UNRESOLVED
Travo,,STARTUP,,,UNRESOLVED
Tensr,,STARTUP,,,UNRESOLVED
Kestrel AI,,STARTUP,,,UNRESOLVED
LogosGuard,,STARTUP,,,UNRESOLVED
Sciloop,,STARTUP,,,UNRESOLVED
Multifactor,,STARTUP,,,UNRESOLVED
Allus AI,Stability AI,STARTUP,fuzzy,85.5,RESOLVED
Unsiloed AI,Meta AI,STARTUP,fuzzy,85.5,RESOLVED
SF Tensor,,STARTUP,,,UNRESOLVED
AnswerThis,,STARTUP,,,UNRESOLVED
Terrain,,STARTUP,,,UNRESOLVED
Lakonia,,STARTUP,,,UNRESOLVED
SellRaze,,STARTUP,,,UNRESOLVED
Clerked,,STARTUP,,,UNRESOLVED
Semble AI,,STARTUP,,,UNRESOLVED
Flick,,STARTUP,,,UNRESOLVED
hillclimb,,STARTUP,,,UNRESOLVED
AtlasGrid,,STARTUP,,,UNRESOLVED
Wardstone,,STARTUP,,,UNRESOLVED
Nessie,,STARTUP,,,UNRESOLVED
Hypercubic,,STARTUP,,,UNRESOLVED
Cranston AI,Meta AI,STARTUP,fuzzy,85.5,RESOLVED
Trelium,,STARTUP,,,UNRESOLVED
Velum Labs,,STARTUP,,,UNRESOLVED
Veria Labs,,STARTUP,,,UNRESOLVED
Minro,,STARTUP,,,UNRESOLVED
Tell if AI,,STARTUP,,,UNRESOLVED
Bron,,STARTUP,,,UNRESOLVED
Koyal,,STARTUP,,,UNRESOLVED
Kaigo Health,,STARTUP,,,UNRESOLVED
Norra,,STARTUP,,,UNRESOLVED
Soren,,STARTUP,,,UNRESOLVED
Lunavo,,STARTUP,,,UNRESOLVED
dari.dev,,STARTUP,,,UNRESOLVED
The Context Company,,STARTUP,,,UNRESOLVED
Sorce,,STARTUP,,,UNRESOLVED
Caddy,,STARTUP,,,UNRESOLVED
Alt-X,,STARTUP,,,UNRESOLVED
Locus,,STARTUP,,,UNRESOLVED
Deeptrace,,STARTUP,,,UNRESOLVED
Aspect,,STARTUP,,,UNRESOLVED
Scoop,,STARTUP,,,UNRESOLVED
Hyperspell,,STARTUP,,,UNRESOLVED
Bolna AI,Stability AI,STARTUP,fuzzy,85.5,RESOLVED
Nexus,,STARTUP,,,UNRESOLVED
Sylvian,,STARTUP,,,UNRESOLVED
Zavo,,STARTUP,,,UNRESOLVED
MOVEdot,,STARTUP,,,UNRESOLVED
Parrot,,STARTUP,,,UNRESOLVED
Brickwise,,STARTUP,,,UNRESOLVED
Parse,,STARTUP,,,UNRESOLVED
Structured AI,Meta AI,STARTUP,fuzzy,85.5,RESOLVED
Uplane,,STARTUP,,,UNRESOLVED
AirCaps,,STARTUP,,,UNRESOLVED
Brickanta,,STARTUP,,,UNRESOLVED
F2,,STARTUP,,,UNRESOLVED
Remedy,,STARTUP,,,UNRESOLVED
Semiotic,,STARTUP,,,UNRESOLVED
Lapis,,STARTUP,,,UNRESOLVED
Efference,,STARTUP,,,UNRESOLVED
Nox Metals,,STARTUP,,,UNRESOLVED
Digipals,,STARTUP,,,UNRESOLVED
Blue,,STARTUP,,,UNRESOLVED
Mixy,,STARTUP,,,UNRESOLVED
Paloma,,STARTUP,,,UNRESOLVED
Uplift AI,,STARTUP,,,UNRESOLVED
RealRoots,,STARTUP,,,UNRESOLVED
Luminal,,STARTUP,,,UNRESOLVED
Freya,,STARTUP,,,UNRESOLVED
burnt,,STARTUP,,,UNRESOLVED
Avent,,STARTUP,,,UNRESOLVED
Ruvo,,STARTUP,,,UNRESOLVED
Veritus,,STARTUP,,,UNRESOLVED
Sapien,,STARTUP,,,UNRESOLVED
NOSO LABS,,STARTUP,,,UNRESOLVED
Vulcan Technologies,,STARTUP,,,UNRESOLVED
Bizzy AI,Stability AI,STARTUP,fuzzy,85.5,RESOLVED
Spotlight Realty,,STARTUP,,,UNRESOLVED
Interfere,,STARTUP,,,UNRESOLVED
Munify,,STARTUP,,,UNRESOLVED
RowFlow,,STARTUP,,,UNRESOLVED
TectoAI,,STARTUP,,,UNRESOLVED
Duranium,,STARTUP,,,UNRESOLVED
Smartbase,,STARTUP,,,UNRESOLVED
Perspectives Health,,STARTUP,,,UNRESOLVED
Modelence,,STARTUP,,,UNRESOLVED
Magnetic,,STARTUP,,,UNRESOLVED
Fleetline,,STARTUP,,,UNRESOLVED
CLODO,,STARTUP,,,UNRESOLVED
stagewise,,STARTUP,,,UNRESOLVED
Flywheel AI,Meta AI,STARTUP,fuzzy,85.5,RESOLVED
Button Computer,,STARTUP,,,UNRESOLVED
Juxta,,STARTUP,,,UNRESOLVED
Okibi,,STARTUP,,,UNRESOLVED
Pollen,,STARTUP,,,UNRESOLVED
Rebulk,,STARTUP,,,UNRESOLVED
KERNEL,,STARTUP,,,UNRESOLVED
Reacher,,STARTUP,,,UNRESOLVED
Certus AI,,STARTUP,,,UNRESOLVED
Hera,,STARTUP,,,UNRESOLVED
Notte,,STARTUP,,,UNRESOLVED
Pally,,STARTUP,,,UNRESOLVED
Locata,,STARTUP,,,UNRESOLVED
Fernstone,,STARTUP,,,UNRESOLVED
Pleom,,STARTUP,,,UNRESOLVED
Convexia,,STARTUP,,,UNRESOLVED
SigmanticAI,,STARTUP,,,UNRESOLVED
Opennote,,STARTUP,,,UNRESOLVED
Sira,,STARTUP,,,UNRESOLVED
F4 Industries,,STARTUP,,,UNRESOLVED
Metis,,STARTUP,,,UNRESOLVED
Quotain,,STARTUP,,,UNRESOLVED
Altur,,STARTUP,,,UNRESOLVED
Foresight,,STARTUP,,,UNRESOLVED
PARES AI,Stability AI,STARTUP,fuzzy,85.5,RESOLVED
Avelis Health,,STARTUP,,,UNRESOLVED
Nautilus,,STARTUP,,,UNRESOLVED
Humoniq,,STARTUP,,,UNRESOLVED
Maximal,,STARTUP,,,UNRESOLVED
idler,,STARTUP,,,UNRESOLVED
Floot,,STARTUP,,,UNRESOLVED
OS3,,STARTUP,,,UNRESOLVED
Alara,,STARTUP,,,UNRESOLVED
Socratix AI,Meta AI,STARTUP,fuzzy,85.5,RESOLVED
Minimal AI,,STARTUP,,,UNRESOLVED
Risely AI,,STARTUP,,,UNRESOLVED
Miso Labs,,STARTUP,,,UNRESOLVED
Omnara,,STARTUP,,,UNRESOLVED
Knowlify,,STARTUP,,,UNRESOLVED
Autosana,,STARTUP,,,UNRESOLVED
ProcIndex,,STARTUP,,,UNRESOLVED
Iron Grid,,STARTUP,,,UNRESOLVED
Finto,,STARTUP,,,UNRESOLVED
Autumn AI,,STARTUP,,,UNRESOLVED
Motives,,STARTUP,,,UNRESOLVED
Relling,,STARTUP,,,UNRESOLVED
Char,Character.ai,STARTUP,fuzzy,90.0,RESOLVED
Manufact,,STARTUP,,,UNRESOLVED
Novaflow,,STARTUP,,,UNRESOLVED
Perseus Defense,,STARTUP,,,UNRESOLVED
Phases,,STARTUP,,,UNRESOLVED
Solva,,STARTUP,,,UNRESOLVED
Albacore Inc.,,STARTUP,,,UNRESOLVED
Physical Turing,,STARTUP,,,UNRESOLVED
TwentyTwo,,STARTUP,,,UNRESOLVED
Mimos,,STARTUP,,,UNRESOLVED
Nozomio,,STARTUP,,,UNRESOLVED
VibeFlow,,STARTUP,,,UNRESOLVED
Comena,,STARTUP,,,UNRESOLVED
Normal,,STARTUP,,,UNRESOLVED
GhostEye,,STARTUP,,,UNRESOLVED
Channel3,,STARTUP,,,UNRESOLVED
Epicenter,,STARTUP,,,UNRESOLVED
Costream,,STARTUP,,,UNRESOLVED
Embedder,,STARTUP,,,UNRESOLVED
Flai,,STARTUP,,,UNRESOLVED
b12 Labs,,STARTUP,,,UNRESOLVED
Fulcrum,,STARTUP,,,UNRESOLVED
Trace,,STARTUP,,,UNRESOLVED
Interface,,STARTUP,,,UNRESOLVED
IronLedger.ai,,STARTUP,,,UNRESOLVED
Doe,,STARTUP,,,UNRESOLVED
Theora,,STARTUP,,,UNRESOLVED
Parachute,,STARTUP,,,UNRESOLVED
Riverbank,,STARTUP,,,UNRESOLVED
Kalinda,,STARTUP,,,UNRESOLVED
Stellon Labs,,STARTUP,,,UNRESOLVED
BootLoop,,STARTUP,,,UNRESOLVED
Nexa Labs,,STARTUP,,,UNRESOLVED
Induction Labs,AI21 Labs,STARTUP,fuzzy,85.5,RESOLVED
Panoptive,,STARTUP,,,UNRESOLVED
cocreate,,STARTUP,,,UNRESOLVED
Slashy,,STARTUP,,,UNRESOLVED
Wedge,,STARTUP,,,UNRESOLVED
CareSwift,,STARTUP,,,UNRESOLVED
Pangolin,,STARTUP,,,UNRESOLVED
Kestroll,,STARTUP,,,UNRESOLVED
Tesora,,STARTUP,,,UNRESOLVED
DeepAware AI (Robotics Center of Silicon Valley),Meta AI,STARTUP,fuzzy,85.5,RESOLVED
Stockline,,STARTUP,,,UNRESOLVED
Magnitude,,STARTUP,,,UNRESOLVED
Proliferate,,STARTUP,,,UNRESOLVED
Nori,,STARTUP,,,UNRESOLVED
DeepGrove,,STARTUP,,,UNRESOLVED
Frizzle,,STARTUP,,,UNRESOLVED
Async,,STARTUP,,,UNRESOLVED
OnDeck AI,,STARTUP,,,UNRESOLVED
Alter,,STARTUP,,,UNRESOLVED
Imprezia,,STARTUP,,,UNRESOLVED
Lilac,,STARTUP,,,UNRESOLVED
Janet AI,Stability AI,STARTUP,fuzzy,85.5,RESOLVED
Cyberdesk,,STARTUP,,,UNRESOLVED
Humwork,,STARTUP,,,UNRESOLVED
Panels,,STARTUP,,,UNRESOLVED
Wafer,,STARTUP,,,UNRESOLVED
Nuntius,,STARTUP,,,UNRESOLVED
Orange Slice,,STARTUP,,,UNRESOLVED
Overdrive Health,,STARTUP,,,UNRESOLVED
Monarcha,,STARTUP,,,UNRESOLVED
Signals,,STARTUP,,,UNRESOLVED
Lotas,,STARTUP,,,UNRESOLVED
Design Arena,,STARTUP,,,UNRESOLVED
EffiGov,,STARTUP,,,UNRESOLVED
"Galactic Resource Utilization Space, Inc. (GRU Space)",,STARTUP,,,UNRESOLVED
bitrig,,STARTUP,,,UNRESOLVED
Null Labs,,STARTUP,,,UNRESOLVED
Lark,,STARTUP,,,UNRESOLVED
Topological,,STARTUP,,,UNRESOLVED
Datafruit,,STARTUP,,,UNRESOLVED
ContextFort,,STARTUP,,,UNRESOLVED
LLM Stats,,STARTUP,,,UNRESOLVED
Verne Robotics,,STARTUP,,,UNRESOLVED
Playgent,,STARTUP,,,UNRESOLVED
Liva AI,Stability AI,STARTUP,fuzzy,85.5,RESOLVED
Bidflow,,STARTUP,,,UNRESOLVED
Shor,,STARTUP,,,UNRESOLVED
Golpo,,STARTUP,,,UNRESOLVED
args,,STARTUP,,,UNRESOLVED
Lanesurf,,STARTUP,,,UNRESOLVED
Astor,,STARTUP,,,UNRESOLVED
Blank Bio,,STARTUP,,,UNRESOLVED
truthsystems,,STARTUP,,,UNRESOLVED
AgentMail,,STARTUP,,,UNRESOLVED
TraceRoot.AI,,STARTUP,,,UNRESOLVED
Halluminate,,STARTUP,,,UNRESOLVED
MangoDesk,,STARTUP,,,UNRESOLVED
The Prompting Company,,STARTUP,,,UNRESOLVED
Acrely,,STARTUP,,,UNRESOLVED
Dedalus Labs,,STARTUP,,,UNRESOLVED
Parametric,,STARTUP,,,UNRESOLVED
Closera,,STARTUP,,,UNRESOLVED
Meteor,,STARTUP,,,UNRESOLVED
GETASAP,,STARTUP,,,UNRESOLVED
Adaptional,,STARTUP,,,UNRESOLVED
Prox,,STARTUP,,,UNRESOLVED
Autonomous Technologies Group,,STARTUP,,,UNRESOLVED
Pingo,,STARTUP,,,UNRESOLVED
Fifth Door,,STARTUP,,,UNRESOLVED
Preseen,,STARTUP,,,UNRESOLVED
Cohesive,,STARTUP,,,UNRESOLVED
Docket,,STARTUP,,,UNRESOLVED
Sureform,,STARTUP,,,UNRESOLVED
Foundation Industries,,STARTUP,,,UNRESOLVED
Godela,,STARTUP,,,UNRESOLVED
BitPatrol,,STARTUP,,,UNRESOLVED
Aegis,,STARTUP,,,UNRESOLVED
Cascade Space,,STARTUP,,,UNRESOLVED
Bond,,STARTUP,,,UNRESOLVED
Blueshoe,,STARTUP,,,UNRESOLVED
sieve,,STARTUP,,,UNRESOLVED
Airweave,,STARTUP,,,UNRESOLVED
Theorem,,STARTUP,,,UNRESOLVED
Text.ai,,STARTUP,,,UNRESOLVED
StarSling,,STARTUP,,,UNRESOLVED
Wavedash,,STARTUP,,,UNRESOLVED
Cactus,,STARTUP,,,UNRESOLVED
Vision Lab,,STARTUP,,,UNRESOLVED
Code Four,,STARTUP,,,UNRESOLVED
Lumari,,STARTUP,,,UNRESOLVED
mlop,,STARTUP,,,UNRESOLVED
Den,,STARTUP,,,UNRESOLVED
Propolis,,STARTUP,,,UNRESOLVED
Cotool,,STARTUP,,,UNRESOLVED
Pelica,,STARTUP,,,UNRESOLVED
Nimbic AI,,STARTUP,,,UNRESOLVED
Moby Analytics,,STARTUP,,,UNRESOLVED
Rimba,,STARTUP,,,UNRESOLVED
Adentris,,STARTUP,,,UNRESOLVED
Probo,,STARTUP,,,UNRESOLVED
MindFort,,STARTUP,,,UNRESOLVED
chrt,,STARTUP,,,UNRESOLVED
Mesmer,,STARTUP,,,UNRESOLVED
Naïve,,STARTUP,,,UNRESOLVED
Kairos,,STARTUP,,,UNRESOLVED
Synthetic Society,,STARTUP,,,UNRESOLVED
Hemut,,STARTUP,,,UNRESOLVED
Orchid,,STARTUP,,,UNRESOLVED
ValueMate,,STARTUP,,,UNRESOLVED
Bramante,,STARTUP,,,UNRESOLVED
Libretto,,STARTUP,,,UNRESOLVED
Scalar Field,,STARTUP,,,UNRESOLVED
Eloquent AI,Meta AI,STARTUP,fuzzy,85.5,RESOLVED
MorphoAI,,STARTUP,,,UNRESOLVED
Vassar Robotics,,STARTUP,,,UNRESOLVED
Cactus,,STARTUP,,,UNRESOLVED
Boost Robotics,,STARTUP,,,UNRESOLVED
Sygaldry Technologies,,STARTUP,,,UNRESOLVED
ParaQuery,,STARTUP,,,UNRESOLVED
Klavis AI,,STARTUP,,,UNRESOLVED
Third Chair,,STARTUP,,,UNRESOLVED
Vesence,,STARTUP,,,UNRESOLVED
PowerMatrix,,STARTUP,,,UNRESOLVED
Cartpole,,STARTUP,,,UNRESOLVED
Besimple AI,Meta AI,STARTUP,fuzzy,85.5,RESOLVED
Alkali,,STARTUP,,,UNRESOLVED
Human Behavior,,STARTUP,,,UNRESOLVED
QualGent,,STARTUP,,,UNRESOLVED
Nixo,,STARTUP,,,UNRESOLVED
Prism,,STARTUP,,,UNRESOLVED
Novoflow,,STARTUP,,,UNRESOLVED
Theta,,STARTUP,,,UNRESOLVED
IRBC,,STARTUP,,,UNRESOLVED
Anana,,STARTUP,,,UNRESOLVED
throxy,,STARTUP,,,UNRESOLVED
Lucis,,STARTUP,,,UNRESOLVED
Flott HQ,,STARTUP,,,UNRESOLVED
Crimson,,STARTUP,,,UNRESOLVED
Casco,,STARTUP,,,UNRESOLVED
Nomi,,STARTUP,,,UNRESOLVED
Morphik,,STARTUP,,,UNRESOLVED
RunRL,,STARTUP,,,UNRESOLVED
Ticket Wallet,,STARTUP,,,UNRESOLVED
Kaizen,,STARTUP,,,UNRESOLVED
HABIT,,STARTUP,,,UNRESOLVED
Clidey,,STARTUP,,,UNRESOLVED
Opusense AI,Meta AI,STARTUP,fuzzy,85.5,RESOLVED
Labric,,STARTUP,,,UNRESOLVED
Photonium,,STARTUP,,,UNRESOLVED
Sixtyfour,,STARTUP,,,UNRESOLVED
Tegore,,STARTUP,,,UNRESOLVED
Freesolo,,STARTUP,,,UNRESOLVED
Combinely,,STARTUP,,,UNRESOLVED
VoiceOS,,STARTUP,,,UNRESOLVED
Chiron,,STARTUP,,,UNRESOLVED
Jeevy Fabrication,,STARTUP,,,UNRESOLVED
Trapeze,,STARTUP,,,UNRESOLVED
Tinfoil,,STARTUP,,,UNRESOLVED
Paper Instruments,,STARTUP,,,UNRESOLVED
Refresh,,STARTUP,,,UNRESOLVED
Parsewise,,STARTUP,,,UNRESOLVED
Better Auth,,STARTUP,,,UNRESOLVED
Bluejay,,STARTUP,,,UNRESOLVED
Kestral,,STARTUP,,,UNRESOLVED
Attune,,STARTUP,,,UNRESOLVED
PgDog,,STARTUP,,,UNRESOLVED
Caucus,,STARTUP,,,UNRESOLVED
Kirana AI,,STARTUP,,,UNRESOLVED
Mbodi AI,Stability AI,STARTUP,fuzzy,85.5,RESOLVED
Percival,,STARTUP,,,UNRESOLVED
Units,,STARTUP,,,UNRESOLVED
Hanji,,STARTUP,,,UNRESOLVED
stratify,,STARTUP,,,UNRESOLVED
Sim,,STARTUP,,,UNRESOLVED
Clarm,,STARTUP,,,UNRESOLVED
Beluga,,STARTUP,,,UNRESOLVED
Kaelio,,STARTUP,,,UNRESOLVED
Alpha Research,,STARTUP,,,UNRESOLVED
Zeon Systems,,STARTUP,,,UNRESOLVED
The Robot Learning Company,,STARTUP,,,UNRESOLVED
HelixDB,,STARTUP,,,UNRESOLVED
Feyn,,STARTUP,,,UNRESOLVED
Almond,,STARTUP,,,UNRESOLVED
Claim Health,,STARTUP,,,UNRESOLVED
Capacitive,,STARTUP,,,UNRESOLVED
Acolite,,STARTUP,,,UNRESOLVED
Ralo,,STARTUP,,,UNRESOLVED
Auctor,,STARTUP,,,UNRESOLVED
neoncoral,,STARTUP,,,UNRESOLVED
Galen AI,Stability AI,STARTUP,fuzzy,85.5,RESOLVED
Synthio Labs,,STARTUP,,,UNRESOLVED
Cua,,STARTUP,,,UNRESOLVED
Minerva,,STARTUP,,,UNRESOLVED
Kanava AI,,STARTUP,,,UNRESOLVED
GroundControl,,STARTUP,,,UNRESOLVED
Avallon AI,,STARTUP,,,UNRESOLVED
Serafis,,STARTUP,,,UNRESOLVED
Bloom,,STARTUP,,,UNRESOLVED
cubic,,STARTUP,,,UNRESOLVED
Autostep,,STARTUP,,,UNRESOLVED
Golf,,STARTUP,,,UNRESOLVED
BitBoard,,STARTUP,,,UNRESOLVED
nao Labs,,STARTUP,,,UNRESOLVED
Vybe,,STARTUP,,,UNRESOLVED
Aravolta,,STARTUP,,,UNRESOLVED
Kashikoi,,STARTUP,,,UNRESOLVED
Plexe,,STARTUP,,,UNRESOLVED
Frekil,,STARTUP,,,UNRESOLVED
Chestnut,,STARTUP,,,UNRESOLVED
Red Barn Robotics,,STARTUP,,,UNRESOLVED
QFEX,,STARTUP,,,UNRESOLVED
Blaxel,,STARTUP,,,UNRESOLVED
Mentra,,STARTUP,,,UNRESOLVED
Wayline,,STARTUP,,,UNRESOLVED
BlindPay,,STARTUP,,,UNRESOLVED
Ambral,,STARTUP,,,UNRESOLVED
Vantel,,STARTUP,,,UNRESOLVED
Fira,,STARTUP,,,UNRESOLVED
assistant-ui,,STARTUP,,,UNRESOLVED
Artifact,,STARTUP,,,UNRESOLVED
Axal,,STARTUP,,,UNRESOLVED
Monte,,STARTUP,,,UNRESOLVED
Dex,LlamaIndex,STARTUP,fuzzy,90.0,RESOLVED
TrainLoop,,STARTUP,,,UNRESOLVED
Tally,,STARTUP,,,UNRESOLVED
SAMMY Labs,,STARTUP,,,UNRESOLVED
Instinct Space,,STARTUP,,,UNRESOLVED
Mercura,,STARTUP,,,UNRESOLVED
Tee Time Tommy,,STARTUP,,,UNRESOLVED
Cedar,,STARTUP,,,UNRESOLVED
Browser Use,,STARTUP,,,UNRESOLVED
TamLabs,,STARTUP,,,UNRESOLVED
Ergo,,STARTUP,,,UNRESOLVED
CopyCat,,STARTUP,,,UNRESOLVED
Paratus Health,,STARTUP,,,UNRESOLVED
Atlog,,STARTUP,,,UNRESOLVED
Butter,,STARTUP,,,UNRESOLVED
Bluebook,,STARTUP,,,UNRESOLVED
TensorPool,,STARTUP,,,UNRESOLVED
Waffle,,STARTUP,,,UNRESOLVED
Dalus,,STARTUP,,,UNRESOLVED
Roark,,STARTUP,,,UNRESOLVED
Rebolt,,STARTUP,,,UNRESOLVED
Spott,,STARTUP,,,UNRESOLVED
Woz,,STARTUP,,,UNRESOLVED
Proception Inc,,STARTUP,,,UNRESOLVED
Corsair,,STARTUP,,,UNRESOLVED
Wildcard,,STARTUP,,,UNRESOLVED
Permitify,,STARTUP,,,UNRESOLVED
Reditus Space,,STARTUP,,,UNRESOLVED
Optifye.ai,,STARTUP,,,UNRESOLVED
Pinch,,STARTUP,,,UNRESOLVED
Retrofit,,STARTUP,,,UNRESOLVED
Archon,,STARTUP,,,UNRESOLVED
Forge Automation,,STARTUP,,,UNRESOLVED
Mastra,,STARTUP,,,UNRESOLVED
AfterQuery,,STARTUP,,,UNRESOLVED
Misprint,,STARTUP,,,UNRESOLVED
Fuse AI,Stability AI,STARTUP,fuzzy,85.5,RESOLVED
Miyagi Labs,,STARTUP,,,UNRESOLVED
Artificial Societies,,STARTUP,,,UNRESOLVED
OpenIntake,,STARTUP,,,UNRESOLVED
Peppr AI,Stability AI,STARTUP,fuzzy,85.5,RESOLVED
Infinite,,STARTUP,,,UNRESOLVED
Sennu AI,Stability AI,STARTUP,fuzzy,85.5,RESOLVED
Orbital Operations,,STARTUP,,,UNRESOLVED
Mesh,,STARTUP,,,UNRESOLVED
Outlit,,STARTUP,,,UNRESOLVED
Tire Swing,,STARTUP,,,UNRESOLVED
Harper,,STARTUP,,,UNRESOLVED
Calltree,,STARTUP,,,UNRESOLVED
Nitrode,,STARTUP,,,UNRESOLVED
Karsa,,STARTUP,,,UNRESOLVED
Exla,,STARTUP,,,UNRESOLVED
Confident AI,Meta AI,STARTUP,fuzzy,85.5,RESOLVED
Riviera,,STARTUP,,,UNRESOLVED
Waypoint Transit,,STARTUP,,,UNRESOLVED
Bystreet,,STARTUP,,,UNRESOLVED
Agentin AI,,STARTUP,,,UNRESOLVED
ReJot,,STARTUP,,,UNRESOLVED
General Trajectory,,STARTUP,,,UNRESOLVED
Solidroad,,STARTUP,,,UNRESOLVED
Trata,,STARTUP,,,UNRESOLVED
Candor,,STARTUP,,,UNRESOLVED
Lucidic AI,,STARTUP,,,UNRESOLVED
Mundo AI,Stability AI,STARTUP,fuzzy,85.5,RESOLVED
G LNK,,STARTUP,,,UNRESOLVED
Pluto,,STARTUP,,,UNRESOLVED
AthenaHQ,,STARTUP,,,UNRESOLVED
Lopus,,STARTUP,,,UNRESOLVED
Cenote,,STARTUP,,,UNRESOLVED
Harbera,,STARTUP,,,UNRESOLVED
Stillwind,,STARTUP,,,UNRESOLVED
Bindwell,,STARTUP,,,UNRESOLVED
Pickle,,STARTUP,,,UNRESOLVED
Lucid,,STARTUP,,,UNRESOLVED
Macadamia,,STARTUP,,,UNRESOLVED
Asteroid,,STARTUP,,,UNRESOLVED
Gale,,STARTUP,,,UNRESOLVED
Pave Robotics,,STARTUP,,,UNRESOLVED
PAX Markets,,STARTUP,,,UNRESOLVED
Olive,,STARTUP,,,UNRESOLVED
HUD,,STARTUP,,,UNRESOLVED
finbar,,STARTUP,,,UNRESOLVED
Cuckoo Labs,,STARTUP,,,UNRESOLVED
Mecha Health,,STARTUP,,,UNRESOLVED
10x,,STARTUP,,,UNRESOLVED
HealthKey,,STARTUP,,,UNRESOLVED
Operand,,STARTUP,,,UNRESOLVED
Osmosis,,STARTUP,,,UNRESOLVED
Swerve,,STARTUP,,,UNRESOLVED
Mosaic,,STARTUP,,,UNRESOLVED
Cifrato,,STARTUP,,,UNRESOLVED
Oki,,STARTUP,,,UNRESOLVED
ZeroEntropy,,STARTUP,,,UNRESOLVED
Bezel,,STARTUP,,,UNRESOLVED
Cardamon,,STARTUP,,,UNRESOLVED
Amby Health,,STARTUP,,,UNRESOLVED
Trim,,STARTUP,,,UNRESOLVED
Tergle,,STARTUP,,,UNRESOLVED
Rally,,STARTUP,,,UNRESOLVED
Adam,,STARTUP,,,UNRESOLVED
Inversion Semiconductor,,STARTUP,,,UNRESOLVED
careCycle,,STARTUP,,,UNRESOLVED
Paragon,,STARTUP,,,UNRESOLVED
SalesPatriot,,STARTUP,,,UNRESOLVED
Maive,,STARTUP,,,UNRESOLVED
Weave,CoreWeave,STARTUP,fuzzy,90.0,RESOLVED
Caseflood.ai,,STARTUP,,,UNRESOLVED
Elip AI,Stability AI,STARTUP,fuzzy,85.5,RESOLVED
Trava,,STARTUP,,,UNRESOLVED
Maritime Fusion,,STARTUP,,,UNRESOLVED
a0.dev,,STARTUP,,,UNRESOLVED
Altrina,,STARTUP,,,UNRESOLVED
A1Zap by A1Base,,STARTUP,,,UNRESOLVED
Verbiflow,,STARTUP,,,UNRESOLVED
Toothy AI,,STARTUP,,,UNRESOLVED
Rocketable,,STARTUP,,,UNRESOLVED
Sublingual,,STARTUP,,,UNRESOLVED
Contrario,,STARTUP,,,UNRESOLVED
Ovlo,,STARTUP,,,UNRESOLVED
Truffle AI,,STARTUP,,,UNRESOLVED
superglue,,STARTUP,,,UNRESOLVED
Conntour,,STARTUP,,,UNRESOLVED
Closure,,STARTUP,,,UNRESOLVED
Promptless,,STARTUP,,,UNRESOLVED
Scout,,STARTUP,,,UNRESOLVED
Subtrace,,STARTUP,,,UNRESOLVED
Vocality Health,,STARTUP,,,UNRESOLVED
Astro,,STARTUP,,,UNRESOLVED
Dartboard,,STARTUP,,,UNRESOLVED
Karoo,,STARTUP,,,UNRESOLVED
awen,,STARTUP,,,UNRESOLVED
Dollyglot,,STARTUP,,,UNRESOLVED
Alice.tech,,STARTUP,,,UNRESOLVED
Stamp,,STARTUP,,,UNRESOLVED
Splash Inc.,,STARTUP,,,UNRESOLVED
Bud,Rosebud AI,STARTUP,fuzzy,90.0,RESOLVED
Axiom,,STARTUP,,,UNRESOLVED
Partcl,,STARTUP,,,UNRESOLVED
Steinmetz,,STARTUP,,,UNRESOLVED
SubImage,,STARTUP,,,UNRESOLVED
Hey Telo,,STARTUP,,,UNRESOLVED
Praxim,,STARTUP,,,UNRESOLVED
Excellence Learning,,STARTUP,,,UNRESOLVED
Tweeks.io,,STARTUP,,,UNRESOLVED
Flowtel,,STARTUP,,,UNRESOLVED
Leaping AI,,STARTUP,,,UNRESOLVED
Vetnio,,STARTUP,,,UNRESOLVED
Candor,,STARTUP,,,UNRESOLVED
Bild AI,Stability AI,STARTUP,fuzzy,85.5,RESOLVED
Outship,,STARTUP,,,UNRESOLVED
Revise Robotics,,STARTUP,,,UNRESOLVED
Aviro,,STARTUP,,,UNRESOLVED
Enhanced Radar,,STARTUP,,,UNRESOLVED
Edexia,,STARTUP,,,UNRESOLVED
Quantstruct,,STARTUP,,,UNRESOLVED
Asha Health,,STARTUP,,,UNRESOLVED
Apolink,,STARTUP,,,UNRESOLVED
HumanLayer,,STARTUP,,,UNRESOLVED
Loombotic,,STARTUP,,,UNRESOLVED
Roundabout Technologies,,STARTUP,,,UNRESOLVED
Synth,Synthesia,STARTUP,fuzzy,90.0,RESOLVED
Careforce,,STARTUP,,,UNRESOLVED
Canvas,,STARTUP,,,UNRESOLVED
Ember,,STARTUP,,,UNRESOLVED
Relvy AI,Stability AI,STARTUP,fuzzy,85.5,RESOLVED
Freestyle,,STARTUP,,,UNRESOLVED
Laminar,,STARTUP,,,UNRESOLVED
Ryvn,,STARTUP,,,UNRESOLVED
Melder,,STARTUP,,,UNRESOLVED
Vaya,,STARTUP,,,UNRESOLVED
x1,,STARTUP,,,UNRESOLVED
Forerunner AI,Meta AI,STARTUP,fuzzy,85.5,RESOLVED
FutureClinic,,STARTUP,,,UNRESOLVED
Struct,,STARTUP,,,UNRESOLVED
Surge,,STARTUP,,,UNRESOLVED
Sunset,,STARTUP,,,UNRESOLVED
ArchiLabs,,STARTUP,,,UNRESOLVED
Revi,,STARTUP,,,UNRESOLVED
Metreecs,,STARTUP,,,UNRESOLVED
Diffusion Studio,Udio,STARTUP,fuzzy,90.0,RESOLVED
Kilvin,,STARTUP,,,UNRESOLVED
Alex,,STARTUP,,,UNRESOLVED
Gander,,STARTUP,,,UNRESOLVED
Innate,,STARTUP,,,UNRESOLVED
Capy,,STARTUP,,,UNRESOLVED
Consus,,STARTUP,,,UNRESOLVED
CollectWise,,STARTUP,,,UNRESOLVED
Origami,,STARTUP,,,UNRESOLVED
Fresco,,STARTUP,,,UNRESOLVED
PermitPortal,,STARTUP,,,UNRESOLVED
Gecko Security,,STARTUP,,,UNRESOLVED
Autumn,,STARTUP,,,UNRESOLVED
Curo,,STARTUP,,,UNRESOLVED
Dexter,,STARTUP,,,UNRESOLVED
Moonshine,,STARTUP,,,UNRESOLVED
Abundant,,STARTUP,,,UNRESOLVED
AutoComputer,,STARTUP,,,UNRESOLVED
Crustdata,,STARTUP,,,UNRESOLVED
Tiny,,STARTUP,,,UNRESOLVED
vly.ai,,STARTUP,,,UNRESOLVED
Pearson Labs,,STARTUP,,,UNRESOLVED
Stewdio,,STARTUP,,,UNRESOLVED
Beglaubigt.de,,STARTUP,,,UNRESOLVED
Unusual,,STARTUP,,,UNRESOLVED
Charm,,STARTUP,,,UNRESOLVED
HYBRD,,STARTUP,,,UNRESOLVED
Freebuff,,STARTUP,,,UNRESOLVED
Karmen,,STARTUP,,,UNRESOLVED
Lingo.dev,,STARTUP,,,UNRESOLVED
Sphinx,,STARTUP,,,UNRESOLVED
Luthor,,STARTUP,,,UNRESOLVED
Keye,,STARTUP,,,UNRESOLVED
RiskCube,,STARTUP,,,UNRESOLVED
CTGT,,STARTUP,,,UNRESOLVED
General Learning,,STARTUP,,,UNRESOLVED
ISSEN,,STARTUP,,,UNRESOLVED
attimet,,STARTUP,,,UNRESOLVED
Smooth,,STARTUP,,,UNRESOLVED
Reticular,,STARTUP,,,UNRESOLVED
Matcha,,STARTUP,,,UNRESOLVED
Endstack,,STARTUP,,,UNRESOLVED
Cekura,,STARTUP,,,UNRESOLVED
Archil,,STARTUP,,,UNRESOLVED
Sandra AI,,STARTUP,,,UNRESOLVED
Vespper,,STARTUP,,,UNRESOLVED
Vortexify,,STARTUP,,,UNRESOLVED
Revyl,,STARTUP,,,UNRESOLVED
supercontrast,,STARTUP,,,UNRESOLVED
Raycaster,,STARTUP,,,UNRESOLVED
Lightscreen AI,Meta AI,STARTUP,fuzzy,85.5,RESOLVED
Afternoon.co,,STARTUP,,,UNRESOLVED
Rulebase,,STARTUP,,,UNRESOLVED
HealthSpark,,STARTUP,,,UNRESOLVED
Openbenchmarks,,STARTUP,,,UNRESOLVED
Darkgrade,,STARTUP,,,UNRESOLVED
Getcho,,STARTUP,,,UNRESOLVED
Candle,,STARTUP,,,UNRESOLVED
Moonset Health,,STARTUP,,,UNRESOLVED
Gait,,STARTUP,,,UNRESOLVED
Durate,,STARTUP,,,UNRESOLVED
Crouton,,STARTUP,,,UNRESOLVED
Streamable,,STARTUP,,,UNRESOLVED
Symphony,,STARTUP,,,UNRESOLVED
telli,,STARTUP,,,UNRESOLVED
Invo,,STARTUP,,,UNRESOLVED
Avora,,STARTUP,,,UNRESOLVED
Galini,,STARTUP,,,UNRESOLVED
Riveter,,STARTUP,,,UNRESOLVED
Zeroframe,,STARTUP,,,UNRESOLVED
Clarus,,STARTUP,,,UNRESOLVED
Onlook,,STARTUP,,,UNRESOLVED
Outerport,,STARTUP,,,UNRESOLVED
DreamRP,,STARTUP,,,UNRESOLVED
Conductor,,STARTUP,,,UNRESOLVED
Delineate,,STARTUP,,,UNRESOLVED
Syntra,,STARTUP,,,UNRESOLVED
Exin Therapeutics,,STARTUP,,,UNRESOLVED
PathPilot,,STARTUP,,,UNRESOLVED
Bits to Atoms,,STARTUP,,,UNRESOLVED
Midship,,STARTUP,,,UNRESOLVED
SimCare,,STARTUP,,,UNRESOLVED
Merlin AI,,STARTUP,,,UNRESOLVED
Freestyle,,STARTUP,,,UNRESOLVED
Arva AI,Stability AI,STARTUP,fuzzy,85.5,RESOLVED
Affil.ai,,STARTUP,,,UNRESOLVED
OrgOrg,,STARTUP,,,UNRESOLVED
Patched,,STARTUP,,,UNRESOLVED
Village Labs,,STARTUP,,,UNRESOLVED
Mica AI,Stability AI,STARTUP,fuzzy,85.5,RESOLVED
Formula Insight,,STARTUP,,,UNRESOLVED
Overlap,,STARTUP,,,UNRESOLVED
Capitol AI,,STARTUP,,,UNRESOLVED
Void,,STARTUP,,,UNRESOLVED
Uncommon Therapeutics,,STARTUP,,,UNRESOLVED
Anglera,,STARTUP,,,UNRESOLVED
XTraffic,,STARTUP,,,UNRESOLVED
BrowserOS,,STARTUP,,,UNRESOLVED
Henry,,STARTUP,,,UNRESOLVED
Hey Revia,,STARTUP,,,UNRESOLVED
Ficra,,STARTUP,,,UNRESOLVED
Rowboat Labs,,STARTUP,,,UNRESOLVED
Pipeshift,,STARTUP,,,UNRESOLVED
Vera Health,,STARTUP,,,UNRESOLVED
Pharos,,STARTUP,,,UNRESOLVED
et al.,,STARTUP,,,UNRESOLVED
Keet,,STARTUP,,,UNRESOLVED
No Logo,,STARTUP,,,UNRESOLVED
Dayflow,,STARTUP,,,UNRESOLVED
"Diode Computers, Inc.",,STARTUP,,,UNRESOLVED
SureBright,,STARTUP,,,UNRESOLVED
Usul,,STARTUP,,,UNRESOLVED
Saldor,,STARTUP,,,UNRESOLVED
Bucket Robotics,,STARTUP,,,UNRESOLVED
Oway,,STARTUP,,,UNRESOLVED
Elayne,,STARTUP,,,UNRESOLVED
Blaze,,STARTUP,,,UNRESOLVED
pap!,,STARTUP,,,UNRESOLVED
RentFlow,,STARTUP,,,UNRESOLVED
TradeFlow,,STARTUP,,,UNRESOLVED
Voker,,STARTUP,,,UNRESOLVED
Rastro,,STARTUP,,,UNRESOLVED
Quetzal,,STARTUP,,,UNRESOLVED
Typa,,STARTUP,,,UNRESOLVED
Moreta,,STARTUP,,,UNRESOLVED
Draft The Record,,STARTUP,,,UNRESOLVED
Orca Client,,STARTUP,,,UNRESOLVED
Sepal AI,Stability AI,STARTUP,fuzzy,85.5,RESOLVED
Assembly HOA,,STARTUP,,,UNRESOLVED
autarc,,STARTUP,,,UNRESOLVED
omnidock,,STARTUP,,,UNRESOLVED
Polymet,,STARTUP,,,UNRESOLVED
Kontigo,,STARTUP,,,UNRESOLVED
Weel,,STARTUP,,,UNRESOLVED
Entropy,,STARTUP,,,UNRESOLVED
Propaya,,STARTUP,,,UNRESOLVED
Vendra,,STARTUP,,,UNRESOLVED
Argil,,STARTUP,,,UNRESOLVED
ZeroPath,,STARTUP,,,UNRESOLVED
bluedoor,,STARTUP,,,UNRESOLVED
Starcloud,,STARTUP,,,UNRESOLVED
Dataleap,,STARTUP,,,UNRESOLVED
Handled,,STARTUP,,,UNRESOLVED
Thyme,,STARTUP,,,UNRESOLVED
Ionworks,,STARTUP,,,UNRESOLVED
Rescript,Descript,STARTUP,fuzzy,87.5,RESOLVED
HeroUI,,STARTUP,,,UNRESOLVED
Helium,,STARTUP,,,UNRESOLVED
&AI,OpenAI,STARTUP,fuzzy,90.0,RESOLVED
Haystack,,STARTUP,,,UNRESOLVED
Finosu,,STARTUP,,,UNRESOLVED
Odo,,STARTUP,,,UNRESOLVED
Baseline AI,Meta AI,STARTUP,fuzzy,85.5,RESOLVED
RiskAngle,,STARTUP,,,UNRESOLVED
Sonatoria,,STARTUP,,,UNRESOLVED
Cartage,,STARTUP,,,UNRESOLVED
YouShift,,STARTUP,,,UNRESOLVED
Paasa,,STARTUP,,,UNRESOLVED
Refactor,,STARTUP,,,UNRESOLVED
Lilac Labs,,STARTUP,,,UNRESOLVED
Palmier,,STARTUP,,,UNRESOLVED
Simple AI,,STARTUP,,,UNRESOLVED
Sensei,,STARTUP,,,UNRESOLVED
Guardian RF,,STARTUP,,,UNRESOLVED
Laminar,,STARTUP,,,UNRESOLVED
Cerulion,,STARTUP,,,UNRESOLVED
Presti AI,,STARTUP,,,UNRESOLVED
The Forecasting Company,,STARTUP,,,UNRESOLVED
Praxos,,STARTUP,,,UNRESOLVED
Zettascale,,STARTUP,,,UNRESOLVED
SchemeFlow,,STARTUP,,,UNRESOLVED
Brighterway,,STARTUP,,,UNRESOLVED
Mineflow,,STARTUP,,,UNRESOLVED
Soff,,STARTUP,,,UNRESOLVED
Parley,,STARTUP,,,UNRESOLVED
Intryc,,STARTUP,,,UNRESOLVED
Pinnacle,,STARTUP,,,UNRESOLVED
Ember Robotics,,STARTUP,,,UNRESOLVED
Thunder Compute,,STARTUP,,,UNRESOLVED
Kura AI,Stability AI,STARTUP,fuzzy,85.5,RESOLVED
Emergent,,STARTUP,,,UNRESOLVED
Zeit AI,Stability AI,STARTUP,fuzzy,85.5,RESOLVED
Piggy Robotics,,STARTUP,,,UNRESOLVED
Remade,,STARTUP,,,UNRESOLVED
Distro,,STARTUP,,,UNRESOLVED
Mage Legal,,STARTUP,,,UNRESOLVED
David AI,Stability AI,STARTUP,fuzzy,85.5,RESOLVED
BeeBettor,,STARTUP,,,UNRESOLVED
Stempad,,STARTUP,,,UNRESOLVED
Pax,,STARTUP,,,UNRESOLVED
Conductor Quantum,,STARTUP,,,UNRESOLVED
Autumn Labs,,STARTUP,,,UNRESOLVED
Opslane,,STARTUP,,,UNRESOLVED
winfunc,,STARTUP,,,UNRESOLVED
Biocartesian,,STARTUP,,,UNRESOLVED
Seals AI,Stability AI,STARTUP,fuzzy,85.5,RESOLVED
deepsilicon,,STARTUP,,,UNRESOLVED
Drillbit,,STARTUP,,,UNRESOLVED
Sharpe,,STARTUP,,,UNRESOLVED
Dimely,,STARTUP,,,UNRESOLVED
Redouble AI,Meta AI,STARTUP,fuzzy,85.5,RESOLVED
Planbase,,STARTUP,,,UNRESOLVED
Anara,,STARTUP,,,UNRESOLVED
"Hestus, Inc.",,STARTUP,,,UNRESOLVED
MagiCode,,STARTUP,,,UNRESOLVED
FINNY AI,Stability AI,STARTUP,fuzzy,85.5,RESOLVED
Vibe,,STARTUP,,,UNRESOLVED
1849 bio,,STARTUP,,,UNRESOLVED
ReactWise,,STARTUP,,,UNRESOLVED
Zoa Research,,STARTUP,,,UNRESOLVED
Saturn,,STARTUP,,,UNRESOLVED
Clearly AI,,STARTUP,,,UNRESOLVED
expand.ai,,STARTUP,,,UNRESOLVED
Overstand Labs,AI21 Labs,STARTUP,fuzzy,85.5,RESOLVED
Promi,,STARTUP,,,UNRESOLVED
Ontra Mobility,,STARTUP,,,UNRESOLVED
Aluna,,STARTUP,,,UNRESOLVED
Panora,,STARTUP,,,UNRESOLVED
Manaflow,,STARTUP,,,UNRESOLVED
Conveo,,STARTUP,,,UNRESOLVED
CreativeMode,,STARTUP,,,UNRESOLVED
Kastle,,STARTUP,,,UNRESOLVED
Kopra Bio,,STARTUP,,,UNRESOLVED
Anthrogen,,STARTUP,,,UNRESOLVED
Benchify,,STARTUP,,,UNRESOLVED
Fazeshift,,STARTUP,,,UNRESOLVED
TaxGPT,,STARTUP,,,UNRESOLVED
Substrate,,STARTUP,,,UNRESOLVED
The Synthesis Company,,STARTUP,,,UNRESOLVED
Mito Health,,STARTUP,,,UNRESOLVED
Lighthouz AI,Meta AI,STARTUP,fuzzy,85.5,RESOLVED
Modus,,STARTUP,,,UNRESOLVED
d_model,,STARTUP,,,UNRESOLVED
LedgerUp,,STARTUP,,,UNRESOLVED
Plume,,STARTUP,,,UNRESOLVED
Pulse,,STARTUP,,,UNRESOLVED
AutoPallet Robotics,,STARTUP,,,UNRESOLVED
Stormy,,STARTUP,,,UNRESOLVED
Dench.com,,STARTUP,,,UNRESOLVED
AminoAnalytica,,STARTUP,,,UNRESOLVED
Gauge,,STARTUP,,,UNRESOLVED
Weave Robotics,,STARTUP,,,UNRESOLVED
Tandem,,STARTUP,,,UNRESOLVED
Kenley,,STARTUP,,,UNRESOLVED
Tivara,,STARTUP,,,UNRESOLVED
camfer,,STARTUP,,,UNRESOLVED
MinusX,,STARTUP,,,UNRESOLVED
Lore,,STARTUP,,,UNRESOLVED
Parahelp,,STARTUP,,,UNRESOLVED
CodeViz,,STARTUP,,,UNRESOLVED
RunLocal AI,Meta AI,STARTUP,fuzzy,85.5,RESOLVED
Ares Industries,,STARTUP,,,UNRESOLVED
Dodo,,STARTUP,,,UNRESOLVED
Lucible,,STARTUP,,,UNRESOLVED
Elevate,,STARTUP,,,UNRESOLVED
Offstream,,STARTUP,,,UNRESOLVED
Storia AI,,STARTUP,,,UNRESOLVED
"DeepSim, Inc.",,STARTUP,,,UNRESOLVED
Scape,,STARTUP,,,UNRESOLVED
Zuni,,STARTUP,,,UNRESOLVED
Proxis,,STARTUP,,,UNRESOLVED
Rewbi,,STARTUP,,,UNRESOLVED
Willow,,STARTUP,,,UNRESOLVED
